ISO-10303-21;
HEADER;
FILE_DESCRIPTION((''),'2;1');
FILE_NAME('stick', '2026-10-03T10:00:23', (''), (''), 'ImageToStl.com STEP Converter','', '');
FILE_SCHEMA(('AUTOMOTIVE_DESIGN_CC2'));
ENDSEC;
DATA;
#1=PRODUCT_DEFINITION_CONTEXT('',#4,'design');
#2=APPLICATION_PROTOCOL_DEFINITION('INTERNATIONAL STANDARD','automotive_design',1994,#4);
#3=(GEOMETRIC_REPRESENTATION_CONTEXT(3)GLOBAL_UNCERTAINTY_ASSIGNED_CONTEXT((#5))GLOBAL_UNIT_ASSIGNED_CONTEXT((#6,#7,#8))REPRESENTATION_CONTEXT('NONE','WORKSPACE'));
#4=APPLICATION_CONTEXT(' ');
#5=UNCERTAINTY_MEASURE_WITH_UNIT(LENGTH_MEASURE(1.0E-006),#6,'','');
#6=(CONVERSION_BASED_UNIT('METRE',#10)LENGTH_UNIT()NAMED_UNIT(#11));
#7=(NAMED_UNIT(#12)PLANE_ANGLE_UNIT()SI_UNIT($,.RADIAN.));
#8=(NAMED_UNIT(#12)SOLID_ANGLE_UNIT()SI_UNIT($,.STERADIAN.));
#9=AXIS2_PLACEMENT_3D('',#14,#15,#16);
#10=LENGTH_MEASURE_WITH_UNIT(LENGTH_MEASURE(1.0),#17);
#11=DIMENSIONAL_EXPONENTS(1.0,0.0,0.0,0.0,0.0,0.0,0.0);
#12=DIMENSIONAL_EXPONENTS(0.0,0.0,0.0,0.0,0.0,0.0,0.0);
#13=PRODUCT_CONTEXT('',#4,'mechanical');
#14=CARTESIAN_POINT('',(0.0,0.0,0.0));
#15=DIRECTION('',(0.0,0.0,1.0));
#16=DIRECTION('',(1.0,0.0,0.0));
#17=(NAMED_UNIT(#11)LENGTH_UNIT()SI_UNIT(.MILLI.,.METRE.));
#18=PRESENTATION_STYLE_ASSIGNMENT((#19));
#19=SURFACE_STYLE_USAGE(.BOTH.,#20);
#20=SURFACE_SIDE_STYLE('',(#21));
#21=SURFACE_STYLE_FILL_AREA(#22);
#22=FILL_AREA_STYLE('',(#23));
#23=FILL_AREA_STYLE_COLOUR('',#24);
#24=COLOUR_RGB('',0.9,0.9,0.9);
#25=SHAPE_DEFINITION_REPRESENTATION(#26,#27);
#26=PRODUCT_DEFINITION_SHAPE('productshape0','',#30);
#27=MANIFOLD_SURFACE_SHAPE_REPRESENTATION('',(#28,#9),#3);
#28=SHELL_BASED_SURFACE_MODEL('shell0',(#33));
#29=PRODUCT('product0','','',(#13));
#30=PRODUCT_DEFINITION('mesh0','',#31,#2);
#31=PRODUCT_DEFINITION_FORMATION_WITH_SPECIFIED_SOURCE('prodsource0','',#29,.NOT_KNOWN.);
#32=STYLED_ITEM('',(#18),#33);
#33=CLOSED_SHELL('',(#374,#396,#418,#440,#462,#484,#506,#528,#550,#572,#594,#616,#638,#660,#682,#704,#726,#748,#770,#792,#814,#836,#858,#880,#902,#924,#946,#968,#990,#1012,#1034,#1056,#1078,#1100,#1122,#1144,#1166,#1188,#1210,#1232,#1254,#1276,#1298,#1320,#1342,#1364,#1386,#1408,#1430,#1452,#1474,#1496,#1518,#1540,#1562,#1584,#1606,#1628,#1650,#1672,#1694,#1716,#1738,#1760,#1782,#1804,#1826,#1848,#1870,#1892,#1914,#1936,#1958,#1980,#2002,#2024,#2046,#2068,#2090,#2112,#2134,#2156,#2178,#2200,#2222,#2244,#2266,#2288,#2310,#2332,#2354,#2376,#2398,#2420,#2442,#2464,#2486,#2508,#2530,#2552,#2574,#2596,#2618,#2640,#2662,#2684,#2706,#2728,#2750,#2772,#2794,#2816,#2838,#2860,#2882,#2904,#2926,#2948,#2970,#2992,#3014,#3036,#3058,#3080,#3102,#3124,#3146,#3168,#3190,#3212,#3234,#3256,#3278,#3300,#3322,#3344,#3366,#3388,#3410,#3432,#3454,#3476,#3498,#3520,#3542,#3564,#3586,#3608,#3630,#3652,#3674,#3696,#3718,#3740,#3762,#3784,#3806,#3828,#3850,#3872,#3894,#3916,#3938,#3960,#3982,#4004,#4026,#4048,#4070,#4092,#4114,#4136,#4158,#4180,#4202,#4224,#4246,#4268,#4290,#4312,#4334,#4356,#4378,#4400,#4422,#4444,#4466,#4488,#4510,#4532,#4554,#4576,#4598,#4620,#4642,#4664,#4686,#4708,#4730,#4752,#4774,#4796,#4818,#4840,#4862,#4884,#4906,#4928,#4950,#4972,#4994,#5016,#5038,#5060,#5082,#5104,#5126,#5148,#5170,#5192,#5214,#5236,#5258,#5280,#5302,#5324,#5346,#5368,#5390,#5412,#5434,#5456,#5478,#5500,#5522,#5544,#5566,#5588,#5610,#5632,#5654,#5676,#5698,#5720,#5742,#5764,#5786,#5808,#5830,#5852,#5874,#5896,#5918,#5940,#5962,#5984,#6006,#6028,#6050,#6072,#6094,#6116,#6138,#6160,#6182,#6204,#6226,#6248,#6270,#6292,#6314,#6336,#6358,#6380,#6402,#6424,#6446,#6468,#6490,#6512,#6534,#6556,#6578,#6600,#6622,#6644,#6666,#6688,#6710,#6732,#6754,#6776,#6798,#6820,#6842,#6864,#6886,#6908,#6930,#6952,#6974,#6996,#7018,#7040,#7062,#7084,#7106,#7128,#7150,#7172,#7194,#7216,#7238,#7260,#7282,#7304,#7326,#7348,#7370,#7392,#7414,#7436,#7458,#7480,#7502,#7524,#7546,#7568,#7590,#7612,#7634,#7656,#7678,#7700,#7722,#7744));
#34=CARTESIAN_POINT('',(9.419912338256836,9.51394271850586,0.4086964726448059));
#35=VERTEX_POINT('',#34);
#36=CARTESIAN_POINT('',(9.21537971496582,9.51394271850586,0.38855260610580444));
#37=VERTEX_POINT('',#36);
#38=CARTESIAN_POINT('',(9.215383529663086,0.017076492309570312,0.3885512948036194));
#39=VERTEX_POINT('',#38);
#40=CARTESIAN_POINT('',(9.419916152954102,0.017076492309570312,0.40869516134262085));
#41=VERTEX_POINT('',#40);
#42=CARTESIAN_POINT('',(9.419917106628418,-1.4829235076904297,0.4086950421333313));
#43=VERTEX_POINT('',#42);
#44=CARTESIAN_POINT('',(9.215384483337402,-1.4829235076904297,0.38855117559432983));
#45=VERTEX_POINT('',#44);
#46=CARTESIAN_POINT('',(9.215385437011719,-3.9905028343200684,0.38855093717575073));
#47=VERTEX_POINT('',#46);
#48=CARTESIAN_POINT('',(9.419918060302734,-3.9905025959014893,0.4086948037147522));
#49=VERTEX_POINT('',#48);
#50=CARTESIAN_POINT('',(9.419918060302734,-5.490502834320068,0.40869468450546265));
#51=VERTEX_POINT('',#50);
#52=CARTESIAN_POINT('',(9.215385437011719,-5.490502834320068,0.3885508179664612));
#53=VERTEX_POINT('',#52);
#54=CARTESIAN_POINT('',(9.215386390686035,-7.988265514373779,0.3885505795478821));
#55=VERTEX_POINT('',#54);
#56=CARTESIAN_POINT('',(9.41991901397705,-7.988265514373779,0.40869444608688354));
#57=VERTEX_POINT('',#56);
#58=CARTESIAN_POINT('',(9.215389251708984,-13.183717727661133,0.3885502219200134));
#59=VERTEX_POINT('',#58);
#60=CARTESIAN_POINT('',(9.419921875,-13.183717727661133,0.4086940884590149));
#61=VERTEX_POINT('',#60);
#62=CARTESIAN_POINT('',(9.419919967651367,-9.488265037536621,0.408694326877594));
#63=VERTEX_POINT('',#62);
#64=CARTESIAN_POINT('',(9.215387344360352,-9.488265991210938,0.38855046033859253));
#65=VERTEX_POINT('',#64);
#66=CARTESIAN_POINT('',(9.018707275390625,9.51394271850586,0.3288949728012085));
#67=VERTEX_POINT('',#66);
#68=CARTESIAN_POINT('',(9.01871109008789,0.017076492309570312,0.3288937211036682));
#69=VERTEX_POINT('',#68);
#70=CARTESIAN_POINT('',(9.01871109008789,-1.4829235076904297,0.32889360189437866));
#71=VERTEX_POINT('',#70);
#72=CARTESIAN_POINT('',(9.018712043762207,-3.9905028343200684,0.32889342308044434));
#73=VERTEX_POINT('',#72);
#74=CARTESIAN_POINT('',(9.018712997436523,-5.490502834320068,0.3288933038711548));
#75=VERTEX_POINT('',#74);
#76=CARTESIAN_POINT('',(9.01871395111084,-7.988265514373779,0.32889312505722046));
#77=VERTEX_POINT('',#76);
#78=CARTESIAN_POINT('',(9.018716812133789,-13.183717727661133,0.32889270782470703));
#79=VERTEX_POINT('',#78);
#80=CARTESIAN_POINT('',(9.018714904785156,-9.488265991210938,0.3288930058479309));
#81=VERTEX_POINT('',#80);
#82=CARTESIAN_POINT('',(8.83745288848877,9.51394271850586,0.23201674222946167));
#83=VERTEX_POINT('',#82);
#84=CARTESIAN_POINT('',(8.837456703186035,0.01707601547241211,0.2320154309272766));
#85=VERTEX_POINT('',#84);
#86=CARTESIAN_POINT('',(8.837456703186035,-1.482923984527588,0.23201531171798706));
#87=VERTEX_POINT('',#86);
#88=CARTESIAN_POINT('',(8.837457656860352,-3.9905028343200684,0.23201513290405273));
#89=VERTEX_POINT('',#88);
#90=CARTESIAN_POINT('',(8.837458610534668,-5.490502834320068,0.23201501369476318));
#91=VERTEX_POINT('',#90);
#92=CARTESIAN_POINT('',(8.837459564208984,-7.988265514373779,0.23201483488082886));
#93=VERTEX_POINT('',#92);
#94=CARTESIAN_POINT('',(8.837462425231934,-13.18371868133545,0.23201441764831543));
#95=VERTEX_POINT('',#94);
#96=CARTESIAN_POINT('',(8.8374605178833,-9.488265991210938,0.2320147156715393));
#97=VERTEX_POINT('',#96);
#98=CARTESIAN_POINT('',(8.678582191467285,9.51394271850586,0.10164034366607666));
#99=VERTEX_POINT('',#98);
#100=CARTESIAN_POINT('',(8.678585052490234,0.01707601547241211,0.10163909196853638));
#101=VERTEX_POINT('',#100);
#102=CARTESIAN_POINT('',(8.67858600616455,-1.482923984527588,0.10163897275924683));
#103=VERTEX_POINT('',#102);
#104=CARTESIAN_POINT('',(8.678586959838867,-3.9905028343200684,0.1016387939453125));
#105=VERTEX_POINT('',#104);
#106=CARTESIAN_POINT('',(8.678587913513184,-5.490503311157227,0.10163867473602295));
#107=VERTEX_POINT('',#106);
#108=CARTESIAN_POINT('',(8.6785888671875,-7.988265514373779,0.10163849592208862));
#109=VERTEX_POINT('',#108);
#110=CARTESIAN_POINT('',(8.67859172821045,-13.18371868133545,0.1016380786895752));
#111=VERTEX_POINT('',#110);
#112=CARTESIAN_POINT('',(8.6785888671875,-9.488265991210938,0.10163837671279907));
#113=VERTEX_POINT('',#112);
#114=CARTESIAN_POINT('',(8.670802116394043,-7.988265514373779,0.09215104579925537));
#115=VERTEX_POINT('',#114);
#116=CARTESIAN_POINT('',(8.67080020904541,-5.490503311157227,0.09214961528778076));
#117=VERTEX_POINT('',#116);
#118=CARTESIAN_POINT('',(8.67080307006836,-9.488265991210938,0.09215092658996582));
#119=VERTEX_POINT('',#118);
#120=CARTESIAN_POINT('',(8.670799255371094,-3.9905028343200684,0.09214973449707031));
#121=VERTEX_POINT('',#120);
#122=CARTESIAN_POINT('',(8.670797348022461,-1.482923984527588,0.09214836359024048));
#123=VERTEX_POINT('',#122);
#124=CARTESIAN_POINT('',(8.670796394348145,0.01707601547241211,0.09214848279953003));
#125=VERTEX_POINT('',#124);
#126=CARTESIAN_POINT('',(8.548199653625488,9.51394271850586,-0.0572238564491272));
#127=VERTEX_POINT('',#126);
#128=CARTESIAN_POINT('',(8.548209190368652,-13.18371868133545,-0.05722606182098389));
#129=VERTEX_POINT('',#128);
#130=CARTESIAN_POINT('',(8.45131778717041,9.51394271850586,-0.23847061395645142));
#131=VERTEX_POINT('',#130);
#132=CARTESIAN_POINT('',(8.451327323913574,-13.18371868133545,-0.23847275972366333));
#133=VERTEX_POINT('',#132);
#134=CARTESIAN_POINT('',(8.391657829284668,9.51394271850586,-0.43513476848602295));
#135=VERTEX_POINT('',#134);
#136=CARTESIAN_POINT('',(8.391667366027832,-13.18371868133545,-0.43513697385787964));
#137=VERTEX_POINT('',#136);
#138=CARTESIAN_POINT('',(8.371512413024902,9.51394271850586,-0.6396586894989014));
#139=VERTEX_POINT('',#138);
#140=CARTESIAN_POINT('',(8.371521949768066,-13.18371868133545,-0.6396608948707581));
#141=VERTEX_POINT('',#140);
#142=CARTESIAN_POINT('',(8.391657829284668,9.51394271850586,-0.8441826105117798));
#143=VERTEX_POINT('',#142);
#144=CARTESIAN_POINT('',(8.391667366027832,-13.18371868133545,-0.8441847562789917));
#145=VERTEX_POINT('',#144);
#146=CARTESIAN_POINT('',(8.45131778717041,9.51394271850586,-1.040846824645996));
#147=VERTEX_POINT('',#146);
#148=CARTESIAN_POINT('',(8.451327323913574,-13.18371868133545,-1.0408488512039185));
#149=VERTEX_POINT('',#148);
#150=CARTESIAN_POINT('',(8.548199653625488,9.51394271850586,-1.2220934629440308));
#151=VERTEX_POINT('',#150);
#152=CARTESIAN_POINT('',(8.548209190368652,-13.18371868133545,-1.2220957279205322));
#153=VERTEX_POINT('',#152);
#154=CARTESIAN_POINT('',(8.678582191467285,9.51394271850586,-1.3809573650360107));
#155=VERTEX_POINT('',#154);
#156=CARTESIAN_POINT('',(8.67859172821045,-13.183717727661133,-1.3809596300125122));
#157=VERTEX_POINT('',#156);
#158=CARTESIAN_POINT('',(8.83745288848877,9.51394271850586,-1.511333703994751));
#159=VERTEX_POINT('',#158);
#160=CARTESIAN_POINT('',(8.837462425231934,-13.183717727661133,-1.5113359689712524));
#161=VERTEX_POINT('',#160);
#162=CARTESIAN_POINT('',(9.018707275390625,9.51394271850586,-1.6082121133804321));
#163=VERTEX_POINT('',#162);
#164=CARTESIAN_POINT('',(9.018716812133789,-13.183717727661133,-1.6082143783569336));
#165=VERTEX_POINT('',#164);
#166=CARTESIAN_POINT('',(9.21537971496582,9.51394271850586,-1.6678693294525146));
#167=VERTEX_POINT('',#166);
#168=CARTESIAN_POINT('',(9.215389251708984,-13.183717727661133,-1.6678717136383057));
#169=VERTEX_POINT('',#168);
#170=CARTESIAN_POINT('',(9.419912338256836,9.51394271850586,-1.6880133152008057));
#171=VERTEX_POINT('',#170);
#172=CARTESIAN_POINT('',(9.419921875,-13.183717727661133,-1.6880156993865967));
#173=VERTEX_POINT('',#172);
#174=CARTESIAN_POINT('',(9.624444961547852,9.51394271850586,-1.6678693294525146));
#175=VERTEX_POINT('',#174);
#176=CARTESIAN_POINT('',(9.624454498291016,-13.183717727661133,-1.6678717136383057));
#177=VERTEX_POINT('',#176);
#178=CARTESIAN_POINT('',(9.821118354797363,9.51394271850586,-1.6082121133804321));
#179=VERTEX_POINT('',#178);
#180=CARTESIAN_POINT('',(9.821127891540527,-13.183717727661133,-1.6082143783569336));
#181=VERTEX_POINT('',#180);
#182=CARTESIAN_POINT('',(10.002374649047852,4.916385173797607,-1.5113341808319092));
#183=VERTEX_POINT('',#182);
#184=CARTESIAN_POINT('',(10.002382278442383,-13.183717727661133,-1.5113359689712524));
#185=VERTEX_POINT('',#184);
#186=CARTESIAN_POINT('',(10.002372741699219,9.51394271850586,-1.511333703994751));
#187=VERTEX_POINT('',#186);
#188=CARTESIAN_POINT('',(10.002374649047852,6.916386127471924,-1.51133394241333));
#189=VERTEX_POINT('',#188);
#190=CARTESIAN_POINT('',(9.935091018676758,6.916386127471924,-1.5472960472106934));
#191=VERTEX_POINT('',#190);
#192=CARTESIAN_POINT('',(9.935091972351074,4.916385173797607,-1.547296166419983));
#193=VERTEX_POINT('',#192);
#194=CARTESIAN_POINT('',(10.161243438720703,9.51394271850586,-1.3809573650360107));
#195=VERTEX_POINT('',#194);
#196=CARTESIAN_POINT('',(10.161245346069336,6.916386127471924,-1.3809576034545898));
#197=VERTEX_POINT('',#196);
#198=CARTESIAN_POINT('',(10.161252975463867,-13.183717727661133,-1.3809596300125122));
#199=VERTEX_POINT('',#198);
#200=CARTESIAN_POINT('',(10.161246299743652,4.916385173797607,-1.380957841873169));
#201=VERTEX_POINT('',#200);
#202=CARTESIAN_POINT('',(10.291625022888184,9.51394271850586,-1.2220934629440308));
#203=VERTEX_POINT('',#202);
#204=CARTESIAN_POINT('',(10.291626930236816,6.916386127471924,-1.2220935821533203));
#205=VERTEX_POINT('',#204);
#206=CARTESIAN_POINT('',(10.291634559631348,-13.183717727661133,-1.2220957279205322));
#207=VERTEX_POINT('',#206);
#208=CARTESIAN_POINT('',(10.291627883911133,4.916385173797607,-1.2220938205718994));
#209=VERTEX_POINT('',#208);
#210=CARTESIAN_POINT('',(10.388507843017578,9.51394271850586,-1.040846824645996));
#211=VERTEX_POINT('',#210);
#212=CARTESIAN_POINT('',(10.388509750366211,6.916386127471924,-1.0408469438552856));
#213=VERTEX_POINT('',#212);
#214=CARTESIAN_POINT('',(10.388517379760742,-13.183717727661133,-1.0408488512039185));
#215=VERTEX_POINT('',#214);
#216=CARTESIAN_POINT('',(10.388510704040527,4.916385173797607,-1.0408471822738647));
#217=VERTEX_POINT('',#216);
#218=CARTESIAN_POINT('',(10.44816780090332,9.51394271850586,-0.8441826105117798));
#219=VERTEX_POINT('',#218);
#220=CARTESIAN_POINT('',(10.448169708251953,6.916386127471924,-0.8441827893257141));
#221=VERTEX_POINT('',#220);
#222=CARTESIAN_POINT('',(10.448177337646484,-13.183717727661133,-0.8441847562789917));
#223=VERTEX_POINT('',#222);
#224=CARTESIAN_POINT('',(10.44817066192627,4.916385173797607,-0.8441829681396484));
#225=VERTEX_POINT('',#224);
#226=CARTESIAN_POINT('',(10.46831226348877,9.51394271850586,-0.6396586894989014));
#227=VERTEX_POINT('',#226);
#228=CARTESIAN_POINT('',(10.468314170837402,6.916386127471924,-0.6396588683128357));
#229=VERTEX_POINT('',#228);
#230=CARTESIAN_POINT('',(10.468321800231934,-13.183717727661133,-0.6396608948707581));
#231=VERTEX_POINT('',#230);
#232=CARTESIAN_POINT('',(10.468315124511719,4.916385173797607,-0.6396591067314148));
#233=VERTEX_POINT('',#232);
#234=CARTESIAN_POINT('',(10.44816780090332,9.51394271850586,-0.43513476848602295));
#235=VERTEX_POINT('',#234);
#236=CARTESIAN_POINT('',(10.448169708251953,6.916386127471924,-0.43513497710227966));
#237=VERTEX_POINT('',#236);
#238=CARTESIAN_POINT('',(10.448177337646484,-13.183717727661133,-0.43513697385787964));
#239=VERTEX_POINT('',#238);
#240=CARTESIAN_POINT('',(10.44817066192627,4.916385173797607,-0.4351351857185364));
#241=VERTEX_POINT('',#240);
#242=CARTESIAN_POINT('',(10.388507843017578,9.51394271850586,-0.23847061395645142));
#243=VERTEX_POINT('',#242);
#244=CARTESIAN_POINT('',(10.388509750366211,6.916386127471924,-0.23847082257270813));
#245=VERTEX_POINT('',#244);
#246=CARTESIAN_POINT('',(10.388517379760742,-13.183717727661133,-0.23847275972366333));
#247=VERTEX_POINT('',#246);
#248=CARTESIAN_POINT('',(10.388510704040527,4.916385173797607,-0.23847103118896484));
#249=VERTEX_POINT('',#248);
#250=CARTESIAN_POINT('',(10.291625022888184,9.51394271850586,-0.0572238564491272));
#251=VERTEX_POINT('',#250);
#252=CARTESIAN_POINT('',(10.291626930236816,6.916386127471924,-0.05722403526306152));
#253=VERTEX_POINT('',#252);
#254=CARTESIAN_POINT('',(10.291634559631348,-13.183717727661133,-0.05722606182098389));
#255=VERTEX_POINT('',#254);
#256=CARTESIAN_POINT('',(10.291627883911133,4.916385173797607,-0.057224273681640625));
#257=VERTEX_POINT('',#256);
#258=CARTESIAN_POINT('',(10.170866966247559,-9.488265037536621,0.0899209976196289));
#259=VERTEX_POINT('',#258);
#260=CARTESIAN_POINT('',(10.161251068115234,-9.488265037536621,0.10163837671279907));
#261=VERTEX_POINT('',#260);
#262=CARTESIAN_POINT('',(10.161252975463867,-13.183717727661133,0.1016380786895752));
#263=VERTEX_POINT('',#262);
#264=CARTESIAN_POINT('',(10.161245346069336,4.916385173797607,0.10163968801498413));
#265=VERTEX_POINT('',#264);
#266=CARTESIAN_POINT('',(10.161247253417969,0.017076492309570312,0.10163909196853638));
#267=VERTEX_POINT('',#266);
#268=CARTESIAN_POINT('',(10.17086124420166,0.017076492309570312,0.08992493152618408));
#269=VERTEX_POINT('',#268);
#270=CARTESIAN_POINT('',(10.161249160766602,-5.49050235748291,0.10163867473602295));
#271=VERTEX_POINT('',#270);
#272=CARTESIAN_POINT('',(10.161250114440918,-7.988265037536621,0.10163849592208862));
#273=VERTEX_POINT('',#272);
#274=CARTESIAN_POINT('',(10.170866966247559,-7.988265037536621,0.08992111682891846));
#275=VERTEX_POINT('',#274);
#276=CARTESIAN_POINT('',(10.17086124420166,-1.4829235076904297,0.08992481231689453));
#277=VERTEX_POINT('',#276);
#278=CARTESIAN_POINT('',(10.161247253417969,-1.4829235076904297,0.10163897275924683));
#279=VERTEX_POINT('',#278);
#280=CARTESIAN_POINT('',(10.161248207092285,-3.99050235748291,0.1016387939453125));
#281=VERTEX_POINT('',#280);
#282=CARTESIAN_POINT('',(10.17086410522461,-3.99050235748291,0.08992302417755127));
#283=VERTEX_POINT('',#282);
#284=CARTESIAN_POINT('',(10.17086410522461,-5.49050235748291,0.08992290496826172));
#285=VERTEX_POINT('',#284);
#286=CARTESIAN_POINT('',(10.161243438720703,9.51394271850586,0.10164034366607666));
#287=VERTEX_POINT('',#286);
#288=CARTESIAN_POINT('',(10.16124439239502,6.916386127471924,0.10164004564285278));
#289=VERTEX_POINT('',#288);
#290=CARTESIAN_POINT('',(10.002372741699219,9.51394271850586,0.23201674222946167));
#291=VERTEX_POINT('',#290);
#292=CARTESIAN_POINT('',(10.002376556396484,0.017076492309570312,0.2320154309272766));
#293=VERTEX_POINT('',#292);
#294=CARTESIAN_POINT('',(10.090547561645508,4.916385173797607,0.1596577763557434));
#295=VERTEX_POINT('',#294);
#296=CARTESIAN_POINT('',(10.090546607971191,6.916386127471924,0.15965795516967773));
#297=VERTEX_POINT('',#296);
#298=CARTESIAN_POINT('',(10.002376556396484,-1.4829235076904297,0.23201531171798706));
#299=VERTEX_POINT('',#298);
#300=CARTESIAN_POINT('',(10.0023775100708,-3.99050235748291,0.23201513290405273));
#301=VERTEX_POINT('',#300);
#302=CARTESIAN_POINT('',(10.002378463745117,-5.49050235748291,0.23201501369476318));
#303=VERTEX_POINT('',#302);
#304=CARTESIAN_POINT('',(10.002379417419434,-7.988265037536621,0.23201483488082886));
#305=VERTEX_POINT('',#304);
#306=CARTESIAN_POINT('',(10.002382278442383,-13.183717727661133,0.23201441764831543));
#307=VERTEX_POINT('',#306);
#308=CARTESIAN_POINT('',(10.002379417419434,-9.488265037536621,0.2320147156715393));
#309=VERTEX_POINT('',#308);
#310=CARTESIAN_POINT('',(9.821118354797363,9.51394271850586,0.3288949728012085));
#311=VERTEX_POINT('',#310);
#312=CARTESIAN_POINT('',(9.821121215820312,0.017076492309570312,0.3288937211036682));
#313=VERTEX_POINT('',#312);
#314=CARTESIAN_POINT('',(9.821122169494629,-1.4829235076904297,0.32889360189437866));
#315=VERTEX_POINT('',#314);
#316=CARTESIAN_POINT('',(9.821123123168945,-3.9905025959014893,0.32889342308044434));
#317=VERTEX_POINT('',#316);
#318=CARTESIAN_POINT('',(9.821124076843262,-5.49050235748291,0.3288933038711548));
#319=VERTEX_POINT('',#318);
#320=CARTESIAN_POINT('',(9.821125030517578,-7.988265037536621,0.32889312505722046));
#321=VERTEX_POINT('',#320);
#322=CARTESIAN_POINT('',(9.821127891540527,-13.183717727661133,0.32889270782470703));
#323=VERTEX_POINT('',#322);
#324=CARTESIAN_POINT('',(9.821125030517578,-9.488265037536621,0.3288930058479309));
#325=VERTEX_POINT('',#324);
#326=CARTESIAN_POINT('',(9.624444961547852,9.51394271850586,0.38855260610580444));
#327=VERTEX_POINT('',#326);
#328=CARTESIAN_POINT('',(9.624448776245117,0.017076492309570312,0.3885512948036194));
#329=VERTEX_POINT('',#328);
#330=CARTESIAN_POINT('',(9.624449729919434,-1.4829235076904297,0.38855117559432983));
#331=VERTEX_POINT('',#330);
#332=CARTESIAN_POINT('',(9.62445068359375,-3.9905025959014893,0.38855093717575073));
#333=VERTEX_POINT('',#332);
#334=CARTESIAN_POINT('',(9.62445068359375,-5.490502834320068,0.3885508179664612));
#335=VERTEX_POINT('',#334);
#336=CARTESIAN_POINT('',(9.624451637268066,-7.988265037536621,0.3885505795478821));
#337=VERTEX_POINT('',#336);
#338=CARTESIAN_POINT('',(9.624454498291016,-13.183717727661133,0.3885502219200134));
#339=VERTEX_POINT('',#338);
#340=CARTESIAN_POINT('',(9.624452590942383,-9.488265037536621,0.38855046033859253));
#341=VERTEX_POINT('',#340);
#342=CARTESIAN_POINT('',(8.670797348022461,-1.482923984527588,1.4805405139923096));
#343=VERTEX_POINT('',#342);
#344=CARTESIAN_POINT('',(8.670796394348145,0.01707601547241211,1.4805405139923096));
#345=VERTEX_POINT('',#344);
#346=CARTESIAN_POINT('',(10.17086124420166,0.017076492309570312,1.4805405139923096));
#347=VERTEX_POINT('',#346);
#348=CARTESIAN_POINT('',(10.17086124420166,-1.4829235076904297,1.4805405139923096));
#349=VERTEX_POINT('',#348);
#350=CARTESIAN_POINT('',(8.67080020904541,-5.490503311157227,1.4805402755737305));
#351=VERTEX_POINT('',#350);
#352=CARTESIAN_POINT('',(8.670799255371094,-3.9905030727386475,1.4805402755737305));
#353=VERTEX_POINT('',#352);
#354=CARTESIAN_POINT('',(10.17086410522461,-3.99050235748291,1.4805402755737305));
#355=VERTEX_POINT('',#354);
#356=CARTESIAN_POINT('',(10.17086410522461,-5.49050235748291,1.4805402755737305));
#357=VERTEX_POINT('',#356);
#358=CARTESIAN_POINT('',(8.67080307006836,-9.488265991210938,1.4805397987365723));
#359=VERTEX_POINT('',#358);
#360=CARTESIAN_POINT('',(8.670802116394043,-7.9882659912109375,1.4805400371551514));
#361=VERTEX_POINT('',#360);
#362=CARTESIAN_POINT('',(10.170866966247559,-7.988265037536621,1.4805400371551514));
#363=VERTEX_POINT('',#362);
#364=CARTESIAN_POINT('',(10.170866966247559,-9.488265037536621,1.4805397987365723));
#365=VERTEX_POINT('',#364);
#366=CARTESIAN_POINT('',(13.933332443237305,6.916388034820557,0.15965795516967773));
#367=VERTEX_POINT('',#366);
#368=CARTESIAN_POINT('',(13.933332443237305,6.916388034820557,-1.5472960472106934));
#369=VERTEX_POINT('',#368);
#370=CARTESIAN_POINT('',(13.933333396911621,4.91638708114624,0.1596577763557434));
#371=VERTEX_POINT('',#370);
#372=CARTESIAN_POINT('',(13.933333396911621,4.91638708114624,-1.547296166419983));
#373=VERTEX_POINT('',#372);
#374=FACE_SURFACE('',(#379),#375,.T.);
#375=PLANE('',#376);
#376=AXIS2_PLACEMENT_3D('',#34,#377,#378);
#377=DIRECTION('',(-0.09801309937869433,-1.7678239228772727E-07,0.9951851246628192));
#378=DIRECTION('',(-0.9951851246628347,0,-0.09801309937869586));
#379=FACE_BOUND('',#380,.T.);
#380=EDGE_LOOP('',(#381,#382,#383));
#381=ORIENTED_EDGE('',*,*,#384,.T.);
#382=ORIENTED_EDGE('',*,*,#385,.T.);
#383=ORIENTED_EDGE('',*,*,#386,.T.);
#384=EDGE_CURVE('',#35,#37,#387,.F.);
#385=EDGE_CURVE('',#37,#39,#388,.T.);
#386=EDGE_CURVE('',#39,#35,#389,.T.);
#387=LINE('',#34,#390);
#388=LINE('',#36,#391);
#389=LINE('',#38,#392);
#390=VECTOR('',#393,1.0);
#391=VECTOR('',#394,1.0);
#392=VECTOR('',#395,1.0);
#393=DIRECTION('',(-0.9951851246628347,0,-0.09801309937869586));
#394=DIRECTION('',(4.016795830083551E-07,-0.9999999999999098,-1.3807735665912204E-07));
#395=DIRECTION('',(0.021531411333958955,0.9997659229804134,0.0021207482382391237));
#396=FACE_SURFACE('',(#401),#397,.T.);
#397=PLANE('',#398);
#398=AXIS2_PLACEMENT_3D('',#34,#399,#400);
#399=DIRECTION('',(-0.09801309937869433,-1.7678239228772727E-07,0.9951851246628192));
#400=DIRECTION('',(-0.021531411333958955,-0.9997659229804134,-0.0021207482382391237));
#401=FACE_BOUND('',#402,.T.);
#402=EDGE_LOOP('',(#403,#404,#405));
#403=ORIENTED_EDGE('',*,*,#406,.T.);
#404=ORIENTED_EDGE('',*,*,#407,.T.);
#405=ORIENTED_EDGE('',*,*,#408,.T.);
#406=EDGE_CURVE('',#35,#39,#409,.F.);
#407=EDGE_CURVE('',#39,#41,#410,.T.);
#408=EDGE_CURVE('',#41,#35,#411,.T.);
#409=LINE('',#34,#412);
#410=LINE('',#38,#413);
#411=LINE('',#40,#414);
#412=VECTOR('',#415,1.0);
#413=VECTOR('',#416,1.0);
#414=VECTOR('',#417,1.0);
#415=DIRECTION('',(-0.021531411333958955,-0.9997659229804134,-0.0021207482382391237));
#416=DIRECTION('',(0.9951851246628347,0,0.09801309937869586));
#417=DIRECTION('',(-4.016795830083551E-07,0.9999999999999098,1.3807735665912204E-07));
#418=FACE_SURFACE('',(#423),#419,.T.);
#419=PLANE('',#420);
#420=AXIS2_PLACEMENT_3D('',#42,#421,#422);
#421=DIRECTION('',(-0.09801309937869501,-1.318974021685284E-07,0.995185124662826));
#422=DIRECTION('',(-0.9951851246628347,0,-0.09801309937869586));
#423=FACE_BOUND('',#424,.T.);
#424=EDGE_LOOP('',(#425,#426,#427));
#425=ORIENTED_EDGE('',*,*,#428,.T.);
#426=ORIENTED_EDGE('',*,*,#429,.T.);
#427=ORIENTED_EDGE('',*,*,#430,.T.);
#428=EDGE_CURVE('',#43,#45,#431,.F.);
#429=EDGE_CURVE('',#45,#47,#432,.T.);
#430=EDGE_CURVE('',#47,#43,#433,.T.);
#431=LINE('',#42,#434);
#432=LINE('',#44,#435);
#433=LINE('',#46,#436);
#434=VECTOR('',#437,1.0);
#435=VECTOR('',#438,1.0);
#436=VECTOR('',#439,1.0);
#437=DIRECTION('',(-0.9951851246628347,0,-0.09801309937869586));
#438=DIRECTION('',(3.8031670873917334E-07,-0.9999999999999232,-9.507917718479333E-08));
#439=DIRECTION('',(0.08129280059351085,0.9966581046061632,0.008006440814374738));
#440=FACE_SURFACE('',(#445),#441,.T.);
#441=PLANE('',#442);
#442=AXIS2_PLACEMENT_3D('',#42,#443,#444);
#443=DIRECTION('',(-0.09801309937854273,-1.318974147091696E-07,0.995185124662841));
#444=DIRECTION('',(-0.08129280059351085,-0.9966581046061632,-0.008006440814374738));
#445=FACE_BOUND('',#446,.T.);
#446=EDGE_LOOP('',(#447,#448,#449));
#447=ORIENTED_EDGE('',*,*,#450,.T.);
#448=ORIENTED_EDGE('',*,*,#451,.T.);
#449=ORIENTED_EDGE('',*,*,#452,.T.);
#450=EDGE_CURVE('',#43,#47,#453,.F.);
#451=EDGE_CURVE('',#47,#49,#454,.T.);
#452=EDGE_CURVE('',#49,#43,#455,.T.);
#453=LINE('',#42,#456);
#454=LINE('',#46,#457);
#455=LINE('',#48,#458);
#456=VECTOR('',#459,1.0);
#457=VECTOR('',#460,1.0);
#458=VECTOR('',#461,1.0);
#459=DIRECTION('',(-0.08129280059351085,-0.9966581046061632,-0.008006440814374738));
#460=DIRECTION('',(0.9951851246621651,1.1600624856180936E-06,0.09801309937862991));
#461=DIRECTION('',(-3.803167448993765E-07,0.9999999999999232,9.507918622484413E-08));
#462=FACE_SURFACE('',(#467),#463,.T.);
#463=PLANE('',#464);
#464=AXIS2_PLACEMENT_3D('',#50,#465,#466);
#465=DIRECTION('',(-0.09801309937869498,-1.3241578215382933E-07,0.9951851246628259));
#466=DIRECTION('',(-0.9951851246628347,0,-0.09801309937869586));
#467=FACE_BOUND('',#468,.T.);
#468=EDGE_LOOP('',(#469,#470,#471));
#469=ORIENTED_EDGE('',*,*,#472,.T.);
#470=ORIENTED_EDGE('',*,*,#473,.T.);
#471=ORIENTED_EDGE('',*,*,#474,.T.);
#472=EDGE_CURVE('',#51,#53,#475,.F.);
#473=EDGE_CURVE('',#53,#55,#476,.T.);
#474=EDGE_CURVE('',#55,#51,#477,.T.);
#475=LINE('',#50,#478);
#476=LINE('',#52,#479);
#477=LINE('',#54,#480);
#478=VECTOR('',#481,1.0);
#479=VECTOR('',#482,1.0);
#480=VECTOR('',#483,1.0);
#481=DIRECTION('',(-0.9951851246628347,0,-0.09801309937869586));
#482=DIRECTION('',(3.8181142028500024E-07,-0.9999999999999225,-9.545285507125006E-08));
#483=DIRECTION('',(0.0816101512261382,0.9966319173367986,0.00803769633809867));
#484=FACE_SURFACE('',(#489),#485,.T.);
#485=PLANE('',#486);
#486=AXIS2_PLACEMENT_3D('',#50,#487,#488);
#487=DIRECTION('',(-0.09801309937869498,-1.3241578215382933E-07,0.9951851246628259));
#488=DIRECTION('',(-0.0816101512261382,-0.9966319173367986,-0.00803769633809867));
#489=FACE_BOUND('',#490,.T.);
#490=EDGE_LOOP('',(#491,#492,#493));
#491=ORIENTED_EDGE('',*,*,#494,.T.);
#492=ORIENTED_EDGE('',*,*,#495,.T.);
#493=ORIENTED_EDGE('',*,*,#496,.T.);
#494=EDGE_CURVE('',#51,#55,#497,.F.);
#495=EDGE_CURVE('',#55,#57,#498,.T.);
#496=EDGE_CURVE('',#57,#51,#499,.T.);
#497=LINE('',#50,#500);
#498=LINE('',#54,#501);
#499=LINE('',#56,#502);
#500=VECTOR('',#503,1.0);
#501=VECTOR('',#504,1.0);
#502=VECTOR('',#505,1.0);
#503=DIRECTION('',(-0.0816101512261382,-0.9966319173367986,-0.00803769633809867));
#504=DIRECTION('',(0.9951851246628347,0,0.09801309937869586));
#505=DIRECTION('',(-3.8181142028500024E-07,0.9999999999999225,9.545285507125006E-08));
#506=FACE_SURFACE('',(#511),#507,.T.);
#507=PLANE('',#508);
#508=AXIS2_PLACEMENT_3D('',#58,#509,#510);
#509=DIRECTION('',(-0.09801309937869522,-1.1479399414216277E-07,0.9951851246628282));
#510=DIRECTION('',(0.9951851246628347,0,0.09801309937869586));
#511=FACE_BOUND('',#512,.T.);
#512=EDGE_LOOP('',(#513,#514,#515));
#513=ORIENTED_EDGE('',*,*,#516,.T.);
#514=ORIENTED_EDGE('',*,*,#517,.T.);
#515=ORIENTED_EDGE('',*,*,#518,.T.);
#516=EDGE_CURVE('',#59,#61,#519,.F.);
#517=EDGE_CURVE('',#61,#63,#520,.T.);
#518=EDGE_CURVE('',#63,#59,#521,.T.);
#519=LINE('',#58,#522);
#520=LINE('',#60,#523);
#521=LINE('',#62,#524);
#522=VECTOR('',#525,1.0);
#523=VECTOR('',#526,1.0);
#524=VECTOR('',#527,1.0);
#525=DIRECTION('',(0.9951851246628347,0,0.09801309937869586));
#526=DIRECTION('',(-5.161339605048434E-07,0.9999999999998647,6.451674506310542E-08));
#527=DIRECTION('',(-0.0552611986463546,-0.9984570985157282,-0.005442641612458179));
#528=FACE_SURFACE('',(#533),#529,.T.);
#529=PLANE('',#530);
#530=AXIS2_PLACEMENT_3D('',#58,#531,#532);
#531=DIRECTION('',(-0.09801309937816512,-1.1479402376643961E-07,0.9951851246628804));
#532=DIRECTION('',(0.0552611986463546,0.9984570985157282,0.005442641612458179));
#533=FACE_BOUND('',#534,.T.);
#534=EDGE_LOOP('',(#535,#536,#537));
#535=ORIENTED_EDGE('',*,*,#538,.T.);
#536=ORIENTED_EDGE('',*,*,#539,.T.);
#537=ORIENTED_EDGE('',*,*,#540,.T.);
#538=EDGE_CURVE('',#59,#63,#541,.F.);
#539=EDGE_CURVE('',#63,#65,#542,.T.);
#540=EDGE_CURVE('',#65,#59,#543,.T.);
#541=LINE('',#58,#544);
#542=LINE('',#62,#545);
#543=LINE('',#64,#546);
#544=VECTOR('',#547,1.0);
#545=VECTOR('',#548,1.0);
#546=VECTOR('',#549,1.0);
#547=DIRECTION('',(0.0552611986463546,0.9984570985157282,0.005442641612458179));
#548=DIRECTION('',(-0.9951851246521206,-4.640249942425539E-06,-0.09801309937764065));
#549=DIRECTION('',(5.161340937020103E-07,-0.9999999999998647,-6.451676171275129E-08));
#550=FACE_SURFACE('',(#555),#551,.T.);
#551=PLANE('',#552);
#552=AXIS2_PLACEMENT_3D('',#38,#553,#554);
#553=DIRECTION('',(-0.2902744336761231,-2.487295345625949E-07,0.9569434430278229));
#554=DIRECTION('',(-4.016795830083551E-07,0.9999999999999098,1.3807735665912204E-07));
#555=FACE_BOUND('',#556,.T.);
#556=EDGE_LOOP('',(#557,#558,#559));
#557=ORIENTED_EDGE('',*,*,#560,.T.);
#558=ORIENTED_EDGE('',*,*,#561,.T.);
#559=ORIENTED_EDGE('',*,*,#562,.T.);
#560=EDGE_CURVE('',#39,#37,#563,.F.);
#561=EDGE_CURVE('',#37,#67,#564,.T.);
#562=EDGE_CURVE('',#67,#39,#565,.T.);
#563=LINE('',#38,#566);
#564=LINE('',#36,#567);
#565=LINE('',#66,#568);
#566=VECTOR('',#569,1.0);
#567=VECTOR('',#570,1.0);
#568=VECTOR('',#571,1.0);
#569=DIRECTION('',(-4.016795830083551E-07,0.9999999999999098,1.3807735665912204E-07));
#570=DIRECTION('',(-0.9569434430278525,0,-0.2902744336761321));
#571=DIRECTION('',(0.02070474716648838,-0.9997659087759505,0.006280214500279339));
#572=FACE_SURFACE('',(#577),#573,.T.);
#573=PLANE('',#574);
#574=AXIS2_PLACEMENT_3D('',#38,#575,#576);
#575=DIRECTION('',(-0.2902741680960621,-2.4272342845301904E-07,0.9569435235875103));
#576=DIRECTION('',(-0.02070474716648838,0.9997659087759505,-0.006280214500279339));
#577=FACE_BOUND('',#578,.T.);
#578=EDGE_LOOP('',(#579,#580,#581));
#579=ORIENTED_EDGE('',*,*,#582,.T.);
#580=ORIENTED_EDGE('',*,*,#583,.T.);
#581=ORIENTED_EDGE('',*,*,#584,.T.);
#582=EDGE_CURVE('',#39,#67,#585,.F.);
#583=EDGE_CURVE('',#67,#69,#586,.T.);
#584=EDGE_CURVE('',#69,#39,#587,.T.);
#585=LINE('',#38,#588);
#586=LINE('',#66,#589);
#587=LINE('',#68,#590);
#588=VECTOR('',#591,1.0);
#589=VECTOR('',#592,1.0);
#590=VECTOR('',#593,1.0);
#591=DIRECTION('',(-0.02070474716648838,0.9997659087759505,-0.006280214500279339));
#592=DIRECTION('',(4.0167958300835535E-07,-0.9999999999999106,-1.318011131746166E-07));
#593=DIRECTION('',(0.9569435235875385,0,0.29027416809607065));
#594=FACE_SURFACE('',(#599),#595,.T.);
#595=PLANE('',#596);
#596=AXIS2_PLACEMENT_3D('',#46,#597,#598);
#597=DIRECTION('',(-0.29027287914702815,-2.0138106604272304E-07,0.9569439145695291));
#598=DIRECTION('',(-3.8031670873917334E-07,0.9999999999999232,9.507917718479333E-08));
#599=FACE_BOUND('',#600,.T.);
#600=EDGE_LOOP('',(#601,#602,#603));
#601=ORIENTED_EDGE('',*,*,#604,.T.);
#602=ORIENTED_EDGE('',*,*,#605,.T.);
#603=ORIENTED_EDGE('',*,*,#606,.T.);
#604=EDGE_CURVE('',#47,#45,#607,.F.);
#605=EDGE_CURVE('',#45,#71,#608,.T.);
#606=EDGE_CURVE('',#71,#47,#609,.T.);
#607=LINE('',#46,#610);
#608=LINE('',#44,#611);
#609=LINE('',#70,#612);
#610=VECTOR('',#613,1.0);
#611=VECTOR('',#614,1.0);
#612=VECTOR('',#615,1.0);
#613=DIRECTION('',(-3.8031670873917334E-07,0.9999999999999232,9.507917718479333E-08));
#614=DIRECTION('',(-0.9569439145695485,0,-0.29027287914703404));
#615=DIRECTION('',(0.07816983783725652,-0.9966580410337555,0.023711298894277408));
#616=FACE_SURFACE('',(#621),#617,.T.);
#617=PLANE('',#618);
#618=AXIS2_PLACEMENT_3D('',#46,#619,#620);
#619=DIRECTION('',(-0.2902726135678632,-1.7863461078081972E-07,0.9569439951284767));
#620=DIRECTION('',(-0.07816983783725652,0.9966580410337555,-0.023711298894277408));
#621=FACE_BOUND('',#622,.T.);
#622=EDGE_LOOP('',(#623,#624,#625));
#623=ORIENTED_EDGE('',*,*,#626,.T.);
#624=ORIENTED_EDGE('',*,*,#627,.T.);
#625=ORIENTED_EDGE('',*,*,#628,.T.);
#626=EDGE_CURVE('',#47,#71,#629,.F.);
#627=EDGE_CURVE('',#71,#73,#630,.T.);
#628=EDGE_CURVE('',#73,#47,#631,.T.);
#629=LINE('',#46,#632);
#630=LINE('',#70,#633);
#631=LINE('',#72,#634);
#632=VECTOR('',#635,1.0);
#633=VECTOR('',#636,1.0);
#634=VECTOR('',#637,1.0);
#635=DIRECTION('',(-0.07816983783725652,0.9966580410337555,-0.023711298894277408));
#636=DIRECTION('',(3.803167087391741E-07,-0.9999999999999251,-7.130938288859514E-08));
#637=DIRECTION('',(0.9569439951284919,0,0.2902726135678679));
#638=FACE_SURFACE('',(#643),#639,.T.);
#639=PLANE('',#640);
#640=AXIS2_PLACEMENT_3D('',#54,#641,#642);
#641=DIRECTION('',(-0.29027390251593627,-2.0217289014931213E-07,0.9569436041471451));
#642=DIRECTION('',(-3.8181142028500024E-07,0.9999999999999225,9.545285507125006E-08));
#643=FACE_BOUND('',#644,.T.);
#644=EDGE_LOOP('',(#645,#646,#647));
#645=ORIENTED_EDGE('',*,*,#648,.T.);
#646=ORIENTED_EDGE('',*,*,#649,.T.);
#647=ORIENTED_EDGE('',*,*,#650,.T.);
#648=EDGE_CURVE('',#55,#53,#651,.F.);
#649=EDGE_CURVE('',#53,#75,#652,.T.);
#650=EDGE_CURVE('',#75,#55,#653,.T.);
#651=LINE('',#54,#654);
#652=LINE('',#52,#655);
#653=LINE('',#74,#656);
#654=VECTOR('',#657,1.0);
#655=VECTOR('',#658,1.0);
#656=VECTOR('',#659,1.0);
#657=DIRECTION('',(-3.8181142028500024E-07,0.9999999999999225,9.545285507125006E-08));
#658=DIRECTION('',(-0.9569436041471646,0,-0.2902739025159422));
#659=DIRECTION('',(0.07847461887887625,-0.9966318835940565,0.023803839933467213));
#660=FACE_SURFACE('',(#665),#661,.T.);
#661=PLANE('',#662);
#662=AXIS2_PLACEMENT_3D('',#54,#663,#664);
#663=DIRECTION('',(-0.290273636935742,-1.793370447254856E-07,0.9569436847067151));
#664=DIRECTION('',(-0.07847461887887625,0.9966318835940565,-0.023803839933467213));
#665=FACE_BOUND('',#666,.T.);
#666=EDGE_LOOP('',(#667,#668,#669));
#667=ORIENTED_EDGE('',*,*,#670,.T.);
#668=ORIENTED_EDGE('',*,*,#671,.T.);
#669=ORIENTED_EDGE('',*,*,#672,.T.);
#670=EDGE_CURVE('',#55,#75,#673,.F.);
#671=EDGE_CURVE('',#75,#77,#674,.T.);
#672=EDGE_CURVE('',#77,#55,#675,.T.);
#673=LINE('',#54,#676);
#674=LINE('',#74,#677);
#675=LINE('',#76,#678);
#676=VECTOR('',#679,1.0);
#677=VECTOR('',#680,1.0);
#678=VECTOR('',#681,1.0);
#679=DIRECTION('',(-0.07847461887887625,0.9966318835940565,-0.023803839933467213));
#680=DIRECTION('',(3.818114202850011E-07,-0.9999999999999246,-7.15896413034377E-08));
#681=DIRECTION('',(0.9569436847067304,0,0.29027363693574665));
#682=FACE_SURFACE('',(#687),#683,.T.);
#683=PLANE('',#684);
#684=AXIS2_PLACEMENT_3D('',#78,#685,#686);
#685=DIRECTION('',(-0.2902739025159357,-2.1155916008173944E-07,0.9569436041471432));
#686=DIRECTION('',(0.9569436041471646,0,0.2902739025159422));
#687=FACE_BOUND('',#688,.T.);
#688=EDGE_LOOP('',(#689,#690,#691));
#689=ORIENTED_EDGE('',*,*,#692,.T.);
#690=ORIENTED_EDGE('',*,*,#693,.T.);
#691=ORIENTED_EDGE('',*,*,#694,.T.);
#692=EDGE_CURVE('',#79,#59,#695,.F.);
#693=EDGE_CURVE('',#59,#65,#696,.T.);
#694=EDGE_CURVE('',#65,#79,#697,.T.);
#695=LINE('',#78,#698);
#696=LINE('',#58,#699);
#697=LINE('',#64,#700);
#698=VECTOR('',#701,1.0);
#699=VECTOR('',#702,1.0);
#700=VECTOR('',#703,1.0);
#701=DIRECTION('',(0.9569436041471646,0,0.2902739025159422));
#702=DIRECTION('',(-5.161340937020103E-07,0.9999999999998647,6.451676171275129E-08));
#703=DIRECTION('',(-0.053137506489678535,-0.9984571069432158,-0.01611865374785453));
#704=FACE_SURFACE('',(#709),#705,.T.);
#705=PLANE('',#706);
#706=AXIS2_PLACEMENT_3D('',#78,#707,#708);
#707=DIRECTION('',(-0.2902736369357392,-2.2699375512387577E-07,0.9569436847067059));
#708=DIRECTION('',(0.053137506489678535,0.9984571069432158,0.01611865374785453));
#709=FACE_BOUND('',#710,.T.);
#710=EDGE_LOOP('',(#711,#712,#713));
#711=ORIENTED_EDGE('',*,*,#714,.T.);
#712=ORIENTED_EDGE('',*,*,#715,.T.);
#713=ORIENTED_EDGE('',*,*,#716,.T.);
#714=EDGE_CURVE('',#79,#65,#717,.F.);
#715=EDGE_CURVE('',#65,#81,#718,.T.);
#716=EDGE_CURVE('',#81,#79,#719,.T.);
#717=LINE('',#78,#720);
#718=LINE('',#64,#721);
#719=LINE('',#80,#722);
#720=VECTOR('',#723,1.0);
#721=VECTOR('',#724,1.0);
#722=VECTOR('',#725,1.0);
#723=DIRECTION('',(0.053137506489678535,0.9984571069432158,0.01611865374785453));
#724=DIRECTION('',(-0.9569436847067304,0,-0.29027363693574665));
#725=DIRECTION('',(5.161340937020098E-07,-0.9999999999998636,-8.064595214093903E-08));
#726=FACE_SURFACE('',(#731),#727,.T.);
#727=PLANE('',#728);
#728=AXIS2_PLACEMENT_3D('',#68,#729,#730);
#729=DIRECTION('',(-0.47138062373005857,-3.0558331188078176E-07,0.8819298767882668));
#730=DIRECTION('',(-4.0167958300835535E-07,0.9999999999999106,1.318011131746166E-07));
#731=FACE_BOUND('',#732,.T.);
#732=EDGE_LOOP('',(#733,#734,#735));
#733=ORIENTED_EDGE('',*,*,#736,.T.);
#734=ORIENTED_EDGE('',*,*,#737,.T.);
#735=ORIENTED_EDGE('',*,*,#738,.T.);
#736=EDGE_CURVE('',#69,#67,#739,.F.);
#737=EDGE_CURVE('',#67,#83,#740,.T.);
#738=EDGE_CURVE('',#83,#69,#741,.T.);
#739=LINE('',#68,#742);
#740=LINE('',#66,#743);
#741=LINE('',#82,#744);
#742=VECTOR('',#745,1.0);
#743=VECTOR('',#746,1.0);
#744=VECTOR('',#747,1.0);
#745=DIRECTION('',(-4.0167958300835535E-07,0.9999999999999106,1.318011131746166E-07));
#746=DIRECTION('',(-0.8819298767883081,0,-0.4713806237300806));
#747=DIRECTION('',(0.01908163883462101,-0.999765912881409,0.010198553808644773));
#748=FACE_SURFACE('',(#753),#749,.T.);
#749=PLANE('',#750);
#750=AXIS2_PLACEMENT_3D('',#68,#751,#752);
#751=DIRECTION('',(-0.47138084930581736,-3.1111857686405356E-07,0.8819297562207715));
#752=DIRECTION('',(-0.01908163883462101,0.999765912881409,-0.010198553808644773));
#753=FACE_BOUND('',#754,.T.);
#754=EDGE_LOOP('',(#755,#756,#757));
#755=ORIENTED_EDGE('',*,*,#758,.T.);
#756=ORIENTED_EDGE('',*,*,#759,.T.);
#757=ORIENTED_EDGE('',*,*,#760,.T.);
#758=EDGE_CURVE('',#69,#83,#761,.F.);
#759=EDGE_CURVE('',#83,#85,#762,.T.);
#760=EDGE_CURVE('',#85,#69,#763,.T.);
#761=LINE('',#68,#764);
#762=LINE('',#82,#765);
#763=LINE('',#84,#766);
#764=VECTOR('',#767,1.0);
#765=VECTOR('',#768,1.0);
#766=VECTOR('',#769,1.0);
#767=DIRECTION('',(-0.01908163883462101,0.999765912881409,-0.010198553808644773));
#768=DIRECTION('',(4.0167956284004517E-07,-0.9999999999999098,-1.3807734972626553E-07));
#769=DIRECTION('',(0.8819297562181002,2.3201473127242074E-06,0.47138084930520807));
#770=FACE_SURFACE('',(#775),#771,.T.);
#771=PLANE('',#772);
#772=AXIS2_PLACEMENT_3D('',#72,#773,#774);
#773=DIRECTION('',(-0.47138084930596746,-2.421638798379285E-07,0.8819297562207129));
#774=DIRECTION('',(-3.803167087391741E-07,0.9999999999999251,7.130938288859514E-08));
#775=FACE_BOUND('',#776,.T.);
#776=EDGE_LOOP('',(#777,#778,#779));
#777=ORIENTED_EDGE('',*,*,#780,.T.);
#778=ORIENTED_EDGE('',*,*,#781,.T.);
#779=ORIENTED_EDGE('',*,*,#782,.T.);
#780=EDGE_CURVE('',#73,#71,#783,.F.);
#781=EDGE_CURVE('',#71,#87,#784,.T.);
#782=EDGE_CURVE('',#87,#73,#785,.T.);
#783=LINE('',#72,#786);
#784=LINE('',#70,#787);
#785=LINE('',#86,#788);
#786=VECTOR('',#789,1.0);
#787=VECTOR('',#790,1.0);
#788=VECTOR('',#791,1.0);
#789=DIRECTION('',(-3.803167087391741E-07,0.9999999999999251,7.130938288859514E-08));
#790=DIRECTION('',(-0.8819297562181002,-2.3201473127242074E-06,-0.47138084930520807));
#791=DIRECTION('',(0.0720414457608742,-0.9966581129372185,0.03850501277892774));
#792=FACE_SURFACE('',(#797),#793,.T.);
#793=PLANE('',#794);
#794=AXIS2_PLACEMENT_3D('',#72,#795,#796);
#795=DIRECTION('',(-0.47138084930646296,-2.421639258875917E-07,0.881929756220448));
#796=DIRECTION('',(-0.0720414457608742,0.9966581129372185,-0.03850501277892774));
#797=FACE_BOUND('',#798,.T.);
#798=EDGE_LOOP('',(#799,#800,#801));
#799=ORIENTED_EDGE('',*,*,#802,.T.);
#800=ORIENTED_EDGE('',*,*,#803,.T.);
#801=ORIENTED_EDGE('',*,*,#804,.T.);
#802=EDGE_CURVE('',#73,#87,#805,.F.);
#803=EDGE_CURVE('',#87,#89,#806,.T.);
#804=EDGE_CURVE('',#89,#73,#807,.T.);
#805=LINE('',#72,#808);
#806=LINE('',#86,#809);
#807=LINE('',#88,#810);
#808=VECTOR('',#811,1.0);
#809=VECTOR('',#812,1.0);
#810=VECTOR('',#813,1.0);
#811=DIRECTION('',(-0.0720414457608742,0.9966581129372185,-0.03850501277892774));
#812=DIRECTION('',(3.803167810595873E-07,-0.9999999999999251,-7.130939644867262E-08));
#813=DIRECTION('',(0.881929756220474,0,0.47138084930647683));
#814=FACE_SURFACE('',(#819),#815,.T.);
#815=PLANE('',#816);
#816=AXIS2_PLACEMENT_3D('',#76,#817,#818);
#817=DIRECTION('',(-0.4713808493064629,-2.4311562647151914E-07,0.8819297562204479));
#818=DIRECTION('',(-3.818114202850011E-07,0.9999999999999246,7.15896413034377E-08));
#819=FACE_BOUND('',#820,.T.);
#820=EDGE_LOOP('',(#821,#822,#823));
#821=ORIENTED_EDGE('',*,*,#824,.T.);
#822=ORIENTED_EDGE('',*,*,#825,.T.);
#823=ORIENTED_EDGE('',*,*,#826,.T.);
#824=EDGE_CURVE('',#77,#75,#827,.F.);
#825=EDGE_CURVE('',#75,#91,#828,.T.);
#826=EDGE_CURVE('',#91,#77,#829,.T.);
#827=LINE('',#76,#830);
#828=LINE('',#74,#831);
#829=LINE('',#90,#832);
#830=VECTOR('',#833,1.0);
#831=VECTOR('',#834,1.0);
#832=VECTOR('',#835,1.0);
#833=DIRECTION('',(-3.818114202850011E-07,0.9999999999999246,7.15896413034377E-08));
#834=DIRECTION('',(-0.881929756220474,0,-0.47138084930647683));
#835=DIRECTION('',(0.07232266732198347,-0.9966319270072767,0.03865532125330463));
#836=FACE_SURFACE('',(#841),#837,.T.);
#837=PLANE('',#838);
#838=AXIS2_PLACEMENT_3D('',#76,#839,#840);
#839=DIRECTION('',(-0.4713808493064629,-2.4311562647151914E-07,0.8819297562204479));
#840=DIRECTION('',(-0.07232266732198347,0.9966319270072767,-0.03865532125330463));
#841=FACE_BOUND('',#842,.T.);
#842=EDGE_LOOP('',(#843,#844,#845));
#843=ORIENTED_EDGE('',*,*,#846,.T.);
#844=ORIENTED_EDGE('',*,*,#847,.T.);
#845=ORIENTED_EDGE('',*,*,#848,.T.);
#846=EDGE_CURVE('',#77,#91,#849,.F.);
#847=EDGE_CURVE('',#91,#93,#850,.T.);
#848=EDGE_CURVE('',#93,#77,#851,.T.);
#849=LINE('',#76,#852);
#850=LINE('',#90,#853);
#851=LINE('',#92,#854);
#852=VECTOR('',#855,1.0);
#853=VECTOR('',#856,1.0);
#854=VECTOR('',#857,1.0);
#855=DIRECTION('',(-0.07232266732198347,0.9966319270072767,-0.03865532125330463));
#856=DIRECTION('',(3.818114202850011E-07,-0.9999999999999246,-7.15896413034377E-08));
#857=DIRECTION('',(0.881929756220474,0,0.47138084930647683));
#858=FACE_SURFACE('',(#863),#859,.T.);
#859=PLANE('',#860);
#860=AXIS2_PLACEMENT_3D('',#94,#861,#862);
#861=DIRECTION('',(-0.47138084930516677,-3.144197923565271E-07,0.881929756221118));
#862=DIRECTION('',(0.8819297562109789,4.640294625410945E-06,0.47138084930140184));
#863=FACE_BOUND('',#864,.T.);
#864=EDGE_LOOP('',(#865,#866,#867));
#865=ORIENTED_EDGE('',*,*,#868,.T.);
#866=ORIENTED_EDGE('',*,*,#869,.T.);
#867=ORIENTED_EDGE('',*,*,#870,.T.);
#868=EDGE_CURVE('',#95,#79,#871,.F.);
#869=EDGE_CURVE('',#79,#81,#872,.T.);
#870=EDGE_CURVE('',#81,#95,#873,.T.);
#871=LINE('',#94,#874);
#872=LINE('',#78,#875);
#873=LINE('',#80,#876);
#874=VECTOR('',#877,1.0);
#875=VECTOR('',#878,1.0);
#876=VECTOR('',#879,1.0);
#877=DIRECTION('',(0.8819297562109789,4.640294625410945E-06,0.47138084930140184));
#878=DIRECTION('',(-5.161340937020098E-07,0.9999999999998636,8.064595214093903E-08));
#879=DIRECTION('',(-0.04897176191321874,-0.9984571231711109,-0.02617517381000694));
#880=FACE_SURFACE('',(#885),#881,.T.);
#881=PLANE('',#882);
#882=AXIS2_PLACEMENT_3D('',#94,#883,#884);
#883=DIRECTION('',(-0.47138084930645346,-3.144197112157694E-07,0.8819297562204302));
#884=DIRECTION('',(0.04897176191321874,0.9984571231711109,0.02617517381000694));
#885=FACE_BOUND('',#886,.T.);
#886=EDGE_LOOP('',(#887,#888,#889));
#887=ORIENTED_EDGE('',*,*,#890,.T.);
#888=ORIENTED_EDGE('',*,*,#891,.T.);
#889=ORIENTED_EDGE('',*,*,#892,.T.);
#890=EDGE_CURVE('',#95,#81,#893,.F.);
#891=EDGE_CURVE('',#81,#97,#894,.T.);
#892=EDGE_CURVE('',#97,#95,#895,.T.);
#893=LINE('',#94,#896);
#894=LINE('',#80,#897);
#895=LINE('',#96,#898);
#896=VECTOR('',#899,1.0);
#897=VECTOR('',#900,1.0);
#898=VECTOR('',#901,1.0);
#899=DIRECTION('',(0.04897176191321874,0.9984571231711109,0.02617517381000694));
#900=DIRECTION('',(-0.881929756220474,0,-0.47138084930647683));
#901=DIRECTION('',(5.161339605048428E-07,-0.9999999999998636,-8.064593132888169E-08));
#902=FACE_SURFACE('',(#907),#903,.T.);
#903=PLANE('',#904);
#904=AXIS2_PLACEMENT_3D('',#84,#905,#906);
#905=DIRECTION('',(-0.6343775458386298,-3.6155351338420185E-07,0.7730233692040793));
#906=DIRECTION('',(-4.0167956284004517E-07,0.9999999999999098,1.3807734972626553E-07));
#907=FACE_BOUND('',#908,.T.);
#908=EDGE_LOOP('',(#909,#910,#911));
#909=ORIENTED_EDGE('',*,*,#912,.T.);
#910=ORIENTED_EDGE('',*,*,#913,.T.);
#911=ORIENTED_EDGE('',*,*,#914,.T.);
#912=EDGE_CURVE('',#85,#83,#915,.F.);
#913=EDGE_CURVE('',#83,#99,#916,.T.);
#914=EDGE_CURVE('',#99,#85,#917,.T.);
#915=LINE('',#84,#918);
#916=LINE('',#82,#919);
#917=LINE('',#98,#920);
#918=VECTOR('',#921,1.0);
#919=VECTOR('',#922,1.0);
#920=VECTOR('',#923,1.0);
#921=DIRECTION('',(-4.0167956284004517E-07,0.9999999999999098,1.3807734972626553E-07));
#922=DIRECTION('',(-0.7730233692041298,0,-0.6343775458386712));
#923=DIRECTION('',(0.016725234439349698,-0.9997659179508454,0.01372500771775401));
#924=FACE_SURFACE('',(#929),#925,.T.);
#925=PLANE('',#926);
#926=AXIS2_PLACEMENT_3D('',#84,#927,#928);
#927=DIRECTION('',(-0.6343750969720972,-2.929972340498931E-07,0.7730253788470055));
#928=DIRECTION('',(-0.016725234439349698,0.9997659179508454,-0.01372500771775401));
#929=FACE_BOUND('',#930,.T.);
#930=EDGE_LOOP('',(#931,#932,#933));
#931=ORIENTED_EDGE('',*,*,#934,.T.);
#932=ORIENTED_EDGE('',*,*,#935,.T.);
#933=ORIENTED_EDGE('',*,*,#936,.T.);
#934=EDGE_CURVE('',#85,#99,#937,.F.);
#935=EDGE_CURVE('',#99,#101,#938,.T.);
#936=EDGE_CURVE('',#101,#85,#939,.T.);
#937=LINE('',#84,#940);
#938=LINE('',#98,#941);
#939=LINE('',#100,#942);
#940=VECTOR('',#943,1.0);
#941=VECTOR('',#944,1.0);
#942=VECTOR('',#945,1.0);
#943=DIRECTION('',(-0.016725234439349698,0.9997659179508454,-0.01372500771775401));
#944=DIRECTION('',(3.0125967213004477E-07,-0.9999999999999459,-1.318011065568946E-07));
#945=DIRECTION('',(0.7730253788470387,0,0.6343750969721244));
#946=FACE_SURFACE('',(#951),#947,.T.);
#947=PLANE('',#948);
#948=AXIS2_PLACEMENT_3D('',#88,#949,#950);
#949=DIRECTION('',(-0.6343773725323665,-2.9638820033905946E-07,0.7730235114269445));
#950=DIRECTION('',(-3.803167810595873E-07,0.9999999999999251,7.130939644867262E-08));
#951=FACE_BOUND('',#952,.T.);
#952=EDGE_LOOP('',(#953,#954,#955));
#953=ORIENTED_EDGE('',*,*,#956,.T.);
#954=ORIENTED_EDGE('',*,*,#957,.T.);
#955=ORIENTED_EDGE('',*,*,#958,.T.);
#956=EDGE_CURVE('',#89,#87,#959,.F.);
#957=EDGE_CURVE('',#87,#103,#960,.T.);
#958=EDGE_CURVE('',#103,#89,#961,.T.);
#959=LINE('',#88,#962);
#960=LINE('',#86,#963);
#961=LINE('',#102,#964);
#962=VECTOR('',#965,1.0);
#963=VECTOR('',#966,1.0);
#964=VECTOR('',#967,1.0);
#965=DIRECTION('',(-3.803167810595873E-07,0.9999999999999251,7.130939644867262E-08));
#966=DIRECTION('',(-0.7730235114269783,0,-0.6343773725323942));
#967=DIRECTION('',(0.06314486526712906,-0.9966581698079746,0.05181909440944085));
#968=FACE_SURFACE('',(#973),#969,.T.);
#969=PLANE('',#970);
#970=AXIS2_PLACEMENT_3D('',#88,#971,#972);
#971=DIRECTION('',(-0.6343773725323665,-2.9638820033905946E-07,0.7730235114269445));
#972=DIRECTION('',(-0.06314486526712906,0.9966581698079746,-0.05181909440944085));
#973=FACE_BOUND('',#974,.T.);
#974=EDGE_LOOP('',(#975,#976,#977));
#975=ORIENTED_EDGE('',*,*,#978,.T.);
#976=ORIENTED_EDGE('',*,*,#979,.T.);
#977=ORIENTED_EDGE('',*,*,#980,.T.);
#978=EDGE_CURVE('',#89,#103,#981,.F.);
#979=EDGE_CURVE('',#103,#105,#982,.T.);
#980=EDGE_CURVE('',#105,#89,#983,.T.);
#981=LINE('',#88,#984);
#982=LINE('',#102,#985);
#983=LINE('',#104,#986);
#984=VECTOR('',#987,1.0);
#985=VECTOR('',#988,1.0);
#986=VECTOR('',#989,1.0);
#987=DIRECTION('',(-0.06314486526712906,0.9966581698079746,-0.05181909440944085));
#988=DIRECTION('',(3.803167810595873E-07,-0.9999999999999251,-7.130939644867262E-08));
#989=DIRECTION('',(0.7730235114269783,0,0.6343773725323942));
#990=FACE_SURFACE('',(#995),#991,.T.);
#991=PLANE('',#992);
#992=AXIS2_PLACEMENT_3D('',#92,#993,#994);
#993=DIRECTION('',(-0.6343773725318325,-2.975530015052788E-07,0.773023511427382));
#994=DIRECTION('',(-3.818114202850011E-07,0.9999999999999246,7.15896413034377E-08));
#995=FACE_BOUND('',#996,.T.);
#996=EDGE_LOOP('',(#997,#998,#999));
#997=ORIENTED_EDGE('',*,*,#1000,.T.);
#998=ORIENTED_EDGE('',*,*,#1001,.T.);
#999=ORIENTED_EDGE('',*,*,#1002,.T.);
#1000=EDGE_CURVE('',#93,#91,#1003,.F.);
#1001=EDGE_CURVE('',#91,#107,#1004,.T.);
#1002=EDGE_CURVE('',#107,#93,#1005,.T.);
#1003=LINE('',#92,#1006);
#1004=LINE('',#90,#1007);
#1005=LINE('',#106,#1008);
#1006=VECTOR('',#1009,1.0);
#1007=VECTOR('',#1010,1.0);
#1008=VECTOR('',#1011,1.0);
#1009=DIRECTION('',(-3.818114202850011E-07,0.9999999999999246,7.15896413034377E-08));
#1010=DIRECTION('',(-0.7730235114248977,-2.3201656524626555E-06,-0.6343773725306868));
#1011=DIRECTION('',(0.063391370114497,-0.9966319830419377,0.05202138572646412));
#1012=FACE_SURFACE('',(#1017),#1013,.T.);
#1013=PLANE('',#1014);
#1014=AXIS2_PLACEMENT_3D('',#92,#1015,#1016);
#1015=DIRECTION('',(-0.6343773725323663,-2.9755305831002914E-07,0.7730235114269441));
#1016=DIRECTION('',(-0.063391370114497,0.9966319830419377,-0.05202138572646412));
#1017=FACE_BOUND('',#1018,.T.);
#1018=EDGE_LOOP('',(#1019,#1020,#1021));
#1019=ORIENTED_EDGE('',*,*,#1022,.T.);
#1020=ORIENTED_EDGE('',*,*,#1023,.T.);
#1021=ORIENTED_EDGE('',*,*,#1024,.T.);
#1022=EDGE_CURVE('',#93,#107,#1025,.F.);
#1023=EDGE_CURVE('',#107,#109,#1026,.T.);
#1024=EDGE_CURVE('',#109,#93,#1027,.T.);
#1025=LINE('',#92,#1028);
#1026=LINE('',#106,#1029);
#1027=LINE('',#108,#1030);
#1028=VECTOR('',#1031,1.0);
#1029=VECTOR('',#1032,1.0);
#1030=VECTOR('',#1033,1.0);
#1031=DIRECTION('',(-0.063391370114497,0.9966319830419377,-0.05202138572646412));
#1032=DIRECTION('',(3.8181149317499533E-07,-0.9999999999999246,-7.158965497031163E-08));
#1033=DIRECTION('',(0.7730235114269783,0,0.6343773725323942));
#1034=FACE_SURFACE('',(#1039),#1035,.T.);
#1035=PLANE('',#1036);
#1036=AXIS2_PLACEMENT_3D('',#110,#1037,#1038);
#1037=DIRECTION('',(-0.6343773725323462,-3.897649067579754E-07,0.7730235114269197));
#1038=DIRECTION('',(0.7730235114269783,0,0.6343773725323942));
#1039=FACE_BOUND('',#1040,.T.);
#1040=EDGE_LOOP('',(#1041,#1042,#1043));
#1041=ORIENTED_EDGE('',*,*,#1044,.T.);
#1042=ORIENTED_EDGE('',*,*,#1045,.T.);
#1043=ORIENTED_EDGE('',*,*,#1046,.T.);
#1044=EDGE_CURVE('',#111,#95,#1047,.F.);
#1045=EDGE_CURVE('',#95,#97,#1048,.T.);
#1046=EDGE_CURVE('',#97,#111,#1049,.T.);
#1047=LINE('',#110,#1050);
#1048=LINE('',#94,#1051);
#1049=LINE('',#96,#1052);
#1050=VECTOR('',#1053,1.0);
#1051=VECTOR('',#1054,1.0);
#1052=VECTOR('',#1055,1.0);
#1053=DIRECTION('',(0.7730235114269783,0,0.6343773725323942));
#1054=DIRECTION('',(-5.161339605048428E-07,0.9999999999998636,8.064593132888169E-08));
#1055=DIRECTION('',(-0.04292401804478644,-0.9984571436668136,-0.03522585606623228));
#1056=FACE_SURFACE('',(#1061),#1057,.T.);
#1057=PLANE('',#1058);
#1058=AXIS2_PLACEMENT_3D('',#110,#1059,#1060);
#1059=DIRECTION('',(-0.6343750969720273,-5.534751484867712E-07,0.7730253788469202));
#1060=DIRECTION('',(0.04292401804478644,0.9984571436668136,0.03522585606623228));
#1061=FACE_BOUND('',#1062,.T.);
#1062=EDGE_LOOP('',(#1063,#1064,#1065));
#1063=ORIENTED_EDGE('',*,*,#1066,.T.);
#1064=ORIENTED_EDGE('',*,*,#1067,.T.);
#1065=ORIENTED_EDGE('',*,*,#1068,.T.);
#1066=EDGE_CURVE('',#111,#97,#1069,.F.);
#1067=EDGE_CURVE('',#97,#113,#1070,.T.);
#1068=EDGE_CURVE('',#113,#111,#1071,.T.);
#1069=LINE('',#110,#1072);
#1070=LINE('',#96,#1073);
#1071=LINE('',#112,#1074);
#1072=VECTOR('',#1075,1.0);
#1073=VECTOR('',#1076,1.0);
#1074=VECTOR('',#1077,1.0);
#1075=DIRECTION('',(0.04292401804478644,0.9984571436668136,0.03522585606623228));
#1076=DIRECTION('',(-0.7730253788470387,0,-0.6343750969721244));
#1077=DIRECTION('',(7.742009407571353E-07,-0.999999999999697,-8.064593132886825E-08));
#1078=FACE_SURFACE('',(#1083),#1079,.T.);
#1079=PLANE('',#1080);
#1080=AXIS2_PLACEMENT_3D('',#114,#1081,#1082);
#1081=DIRECTION('',(-0.7729864122077328,-3.405531896607372E-07,0.6344225772638463));
#1082=DIRECTION('',(0.6344225772638831,0,0.7729864122077775));
#1083=FACE_BOUND('',#1084,.T.);
#1084=EDGE_LOOP('',(#1085,#1086,#1087));
#1085=ORIENTED_EDGE('',*,*,#1088,.T.);
#1086=ORIENTED_EDGE('',*,*,#1089,.T.);
#1087=ORIENTED_EDGE('',*,*,#1090,.T.);
#1088=EDGE_CURVE('',#115,#109,#1091,.F.);
#1089=EDGE_CURVE('',#109,#107,#1092,.T.);
#1090=EDGE_CURVE('',#107,#115,#1093,.T.);
#1091=LINE('',#114,#1094);
#1092=LINE('',#108,#1095);
#1093=LINE('',#106,#1096);
#1094=VECTOR('',#1097,1.0);
#1095=VECTOR('',#1098,1.0);
#1096=VECTOR('',#1099,1.0);
#1097=DIRECTION('',(0.6344225772638831,0,0.7729864122077775));
#1098=DIRECTION('',(-3.8181149317499533E-07,0.9999999999999246,7.158965497031163E-08));
#1099=DIRECTION('',(-0.003117071400281411,-0.9999879279168228,-0.0037984057846275864));
#1100=FACE_SURFACE('',(#1105),#1101,.T.);
#1101=PLANE('',#1102);
#1102=AXIS2_PLACEMENT_3D('',#114,#1103,#1104);
#1103=DIRECTION('',(-0.7730010800057922,-2.269468813624024E-07,0.63440470546003));
#1104=DIRECTION('',(0.003117071400281411,0.9999879279168228,0.0037984057846275864));
#1105=FACE_BOUND('',#1106,.T.);
#1106=EDGE_LOOP('',(#1107,#1108,#1109));
#1107=ORIENTED_EDGE('',*,*,#1110,.T.);
#1108=ORIENTED_EDGE('',*,*,#1111,.T.);
#1109=ORIENTED_EDGE('',*,*,#1112,.T.);
#1110=EDGE_CURVE('',#115,#107,#1113,.F.);
#1111=EDGE_CURVE('',#107,#117,#1114,.T.);
#1112=EDGE_CURVE('',#117,#115,#1115,.T.);
#1113=LINE('',#114,#1116);
#1114=LINE('',#106,#1117);
#1115=LINE('',#116,#1118);
#1116=VECTOR('',#1119,1.0);
#1117=VECTOR('',#1120,1.0);
#1118=VECTOR('',#1121,1.0);
#1119=DIRECTION('',(0.003117071400281411,0.9999879279168228,0.0037984057846275864));
#1120=DIRECTION('',(-0.6344047054600463,0,-0.7730010800058121));
#1121=DIRECTION('',(7.636229863497003E-07,-0.9999999999995445,5.727172397622752E-07));
#1122=FACE_SURFACE('',(#1127),#1123,.T.);
#1123=PLANE('',#1124);
#1124=AXIS2_PLACEMENT_3D('',#110,#1125,#1126);
#1125=DIRECTION('',(-0.7730245168988583,-6.496361634240657E-07,0.6343761473076243));
#1126=DIRECTION('',(-7.742009407571353E-07,0.999999999999697,8.064593132886825E-08));
#1127=FACE_BOUND('',#1128,.T.);
#1128=EDGE_LOOP('',(#1129,#1130,#1131));
#1129=ORIENTED_EDGE('',*,*,#1132,.T.);
#1130=ORIENTED_EDGE('',*,*,#1133,.T.);
#1131=ORIENTED_EDGE('',*,*,#1134,.T.);
#1132=EDGE_CURVE('',#111,#113,#1135,.F.);
#1133=EDGE_CURVE('',#113,#119,#1136,.T.);
#1134=EDGE_CURVE('',#119,#111,#1137,.T.);
#1135=LINE('',#110,#1138);
#1136=LINE('',#112,#1139);
#1137=LINE('',#118,#1140);
#1138=VECTOR('',#1141,1.0);
#1139=VECTOR('',#1142,1.0);
#1140=VECTOR('',#1143,1.0);
#1141=DIRECTION('',(-7.742009407571353E-07,0.999999999999697,8.064593132886825E-08));
#1142=DIRECTION('',(-0.634376147307758,0,-0.7730245168990214));
#1143=DIRECTION('',(0.002107621401175095,-0.9999944836000549,0.0025672361575719165));
#1144=FACE_SURFACE('',(#1149),#1145,.T.);
#1145=PLANE('',#1146);
#1146=AXIS2_PLACEMENT_3D('',#118,#1147,#1148);
#1147=DIRECTION('',(-0.981325139531729,-6.391966281589607E-07,0.19235636335360476));
#1148=DIRECTION('',(-6.357826754941666E-07,0.9999999999997947,7.947283443677083E-08));
#1149=FACE_BOUND('',#1150,.T.);
#1150=EDGE_LOOP('',(#1151,#1152,#1153));
#1151=ORIENTED_EDGE('',*,*,#1154,.T.);
#1152=ORIENTED_EDGE('',*,*,#1155,.T.);
#1153=ORIENTED_EDGE('',*,*,#1156,.T.);
#1154=EDGE_CURVE('',#119,#115,#1157,.F.);
#1155=EDGE_CURVE('',#115,#117,#1158,.T.);
#1156=EDGE_CURVE('',#117,#119,#1159,.T.);
#1157=LINE('',#118,#1160);
#1158=LINE('',#114,#1161);
#1159=LINE('',#116,#1162);
#1160=VECTOR('',#1163,1.0);
#1161=VECTOR('',#1164,1.0);
#1162=VECTOR('',#1165,1.0);
#1163=DIRECTION('',(-6.357826754941666E-07,0.9999999999997947,7.947283443677083E-08));
#1164=DIRECTION('',(-7.636229863497003E-07,0.9999999999995445,-5.727172397622752E-07));
#1165=DIRECTION('',(7.156560251794198E-07,-0.99999999999969,3.280090115405674E-07));
#1166=FACE_SURFACE('',(#1171),#1167,.T.);
#1167=PLANE('',#1168);
#1168=AXIS2_PLACEMENT_3D('',#120,#1169,#1170);
#1169=DIRECTION('',(-0.7730010800057675,-3.3922429915395466E-07,0.6344047054600098));
#1170=DIRECTION('',(0.6344047054600463,0,0.7730010800058121));
#1171=FACE_BOUND('',#1172,.T.);
#1172=EDGE_LOOP('',(#1173,#1174,#1175));
#1173=ORIENTED_EDGE('',*,*,#1176,.T.);
#1174=ORIENTED_EDGE('',*,*,#1177,.T.);
#1175=ORIENTED_EDGE('',*,*,#1178,.T.);
#1176=EDGE_CURVE('',#121,#105,#1179,.F.);
#1177=EDGE_CURVE('',#105,#103,#1180,.T.);
#1178=EDGE_CURVE('',#103,#121,#1181,.T.);
#1179=LINE('',#120,#1182);
#1180=LINE('',#104,#1183);
#1181=LINE('',#102,#1184);
#1182=VECTOR('',#1185,1.0);
#1183=VECTOR('',#1186,1.0);
#1184=VECTOR('',#1187,1.0);
#1185=DIRECTION('',(0.6344047054600463,0,0.7730010800058121));
#1186=DIRECTION('',(-3.803167810595873E-07,0.9999999999999251,7.130939644867262E-08));
#1187=DIRECTION('',(-0.0031052493117968267,-0.9999880186402355,-0.0037841779407990677));
#1188=FACE_SURFACE('',(#1193),#1189,.T.);
#1189=PLANE('',#1190);
#1190=AXIS2_PLACEMENT_3D('',#120,#1191,#1192);
#1191=DIRECTION('',(-0.7730137891624477,-2.4115623731077896E-07,0.6343892194580996));
#1192=DIRECTION('',(0.0031052493117968267,0.9999880186402355,0.0037841779407990677));
#1193=FACE_BOUND('',#1194,.T.);
#1194=EDGE_LOOP('',(#1195,#1196,#1197));
#1195=ORIENTED_EDGE('',*,*,#1198,.T.);
#1196=ORIENTED_EDGE('',*,*,#1199,.T.);
#1197=ORIENTED_EDGE('',*,*,#1200,.T.);
#1198=EDGE_CURVE('',#121,#103,#1201,.F.);
#1199=EDGE_CURVE('',#103,#123,#1202,.T.);
#1200=EDGE_CURVE('',#123,#121,#1203,.T.);
#1201=LINE('',#120,#1204);
#1202=LINE('',#102,#1205);
#1203=LINE('',#122,#1206);
#1204=VECTOR('',#1207,1.0);
#1205=VECTOR('',#1208,1.0);
#1206=VECTOR('',#1209,1.0);
#1207=DIRECTION('',(0.0031052493117968267,0.9999880186402355,0.0037841779407990677));
#1208=DIRECTION('',(-0.634389219458118,0,-0.7730137891624701));
#1209=DIRECTION('',(7.60633562118898E-07,-0.9999999999995614,5.467053727729579E-07));
#1210=FACE_SURFACE('',(#1215),#1211,.T.);
#1211=PLANE('',#1212);
#1212=AXIS2_PLACEMENT_3D('',#124,#1213,#1214);
#1213=DIRECTION('',(-0.7730137891624314,-3.1649108178743513E-07,0.6343892194580862));
#1214=DIRECTION('',(0.634389219458118,0,0.7730137891624701));
#1215=FACE_BOUND('',#1216,.T.);
#1216=EDGE_LOOP('',(#1217,#1218,#1219));
#1217=ORIENTED_EDGE('',*,*,#1220,.T.);
#1218=ORIENTED_EDGE('',*,*,#1221,.T.);
#1219=ORIENTED_EDGE('',*,*,#1222,.T.);
#1220=EDGE_CURVE('',#125,#101,#1223,.F.);
#1221=EDGE_CURVE('',#101,#99,#1224,.T.);
#1222=EDGE_CURVE('',#99,#125,#1225,.T.);
#1223=LINE('',#124,#1226);
#1224=LINE('',#100,#1227);
#1225=LINE('',#98,#1228);
#1226=VECTOR('',#1229,1.0);
#1227=VECTOR('',#1230,1.0);
#1228=VECTOR('',#1231,1.0);
#1229=DIRECTION('',(0.634389219458118,0,0.7730137891624701));
#1230=DIRECTION('',(-3.0125967213004477E-07,0.9999999999999459,1.318011065568946E-07));
#1231=DIRECTION('',(-0.0008198273027649465,-0.9999991644690475,-0.0009994720609031223));
#1232=FACE_SURFACE('',(#1237),#1233,.T.);
#1233=PLANE('',#1234);
#1234=AXIS2_PLACEMENT_3D('',#116,#1235,#1236);
#1235=DIRECTION('',(-0.9806963868720414,-6.390496276105363E-07,0.19553668907832863));
#1236=DIRECTION('',(-6.357826754941666E-07,0.9999999999997947,7.947283443677083E-08));
#1237=FACE_BOUND('',#1238,.T.);
#1238=EDGE_LOOP('',(#1239,#1240,#1241));
#1239=ORIENTED_EDGE('',*,*,#1242,.T.);
#1240=ORIENTED_EDGE('',*,*,#1243,.T.);
#1241=ORIENTED_EDGE('',*,*,#1244,.T.);
#1242=EDGE_CURVE('',#117,#121,#1245,.F.);
#1243=EDGE_CURVE('',#121,#123,#1246,.T.);
#1244=EDGE_CURVE('',#123,#117,#1247,.T.);
#1245=LINE('',#116,#1248);
#1246=LINE('',#120,#1249);
#1247=LINE('',#122,#1250);
#1248=VECTOR('',#1251,1.0);
#1249=VECTOR('',#1252,1.0);
#1250=VECTOR('',#1253,1.0);
#1251=DIRECTION('',(-6.357826754941666E-07,0.9999999999997947,7.947283443677083E-08));
#1252=DIRECTION('',(-7.60633562118898E-07,0.9999999999995614,-5.467053727729579E-07));
#1253=DIRECTION('',(7.1390301127838E-07,-0.9999999999996964,3.1233256743429125E-07));
#1254=FACE_SURFACE('',(#1259),#1255,.T.);
#1255=PLANE('',#1256);
#1256=AXIS2_PLACEMENT_3D('',#124,#1257,#1258);
#1257=DIRECTION('',(-0.7729959975094758,-3.5274455423735385E-07,0.6344108982624793));
#1258=DIRECTION('',(0.0008198273027649465,0.9999991644690475,0.0009994720609031223));
#1259=FACE_BOUND('',#1260,.T.);
#1260=EDGE_LOOP('',(#1261,#1262,#1263));
#1261=ORIENTED_EDGE('',*,*,#1264,.T.);
#1262=ORIENTED_EDGE('',*,*,#1265,.T.);
#1263=ORIENTED_EDGE('',*,*,#1266,.T.);
#1264=EDGE_CURVE('',#125,#99,#1267,.F.);
#1265=EDGE_CURVE('',#99,#127,#1268,.T.);
#1266=EDGE_CURVE('',#127,#125,#1269,.T.);
#1267=LINE('',#124,#1270);
#1268=LINE('',#98,#1271);
#1269=LINE('',#126,#1272);
#1270=VECTOR('',#1273,1.0);
#1271=VECTOR('',#1274,1.0);
#1272=VECTOR('',#1275,1.0);
#1273=DIRECTION('',(0.0008198273027649465,0.9999991644690475,0.0009994720609031223));
#1274=DIRECTION('',(-0.6344108982625188,0,-0.772995997509524));
#1275=DIRECTION('',(0.01290650619138436,-0.9997930465275542,0.015725336660422997));
#1276=FACE_SURFACE('',(#1281),#1277,.T.);
#1277=PLANE('',#1278);
#1278=AXIS2_PLACEMENT_3D('',#122,#1279,#1280);
#1279=DIRECTION('',(-0.7730018943664351,-5.418792460853738E-07,0.6344037131871227));
#1280=DIRECTION('',(-6.357828776040361E-07,0.9999999999997947,7.947285970050451E-08));
#1281=FACE_BOUND('',#1282,.T.);
#1282=EDGE_LOOP('',(#1283,#1284,#1285));
#1283=ORIENTED_EDGE('',*,*,#1286,.T.);
#1284=ORIENTED_EDGE('',*,*,#1287,.T.);
#1285=ORIENTED_EDGE('',*,*,#1288,.T.);
#1286=EDGE_CURVE('',#123,#125,#1289,.F.);
#1287=EDGE_CURVE('',#125,#127,#1290,.T.);
#1288=EDGE_CURVE('',#127,#123,#1291,.T.);
#1289=LINE('',#122,#1292);
#1290=LINE('',#124,#1293);
#1291=LINE('',#126,#1294);
#1292=VECTOR('',#1295,1.0);
#1293=VECTOR('',#1296,1.0);
#1294=VECTOR('',#1297,1.0);
#1295=DIRECTION('',(-6.357828776040361E-07,0.9999999999997947,7.947285970050451E-08));
#1296=DIRECTION('',(-0.01290650619138436,0.9997930465275542,-0.015725336660422997));
#1297=DIRECTION('',(0.011146699659579325,-0.9998456409647538,0.013581065145255637));
#1298=FACE_SURFACE('',(#1303),#1299,.T.);
#1299=PLANE('',#1300);
#1300=AXIS2_PLACEMENT_3D('',#126,#1301,#1302);
#1301=DIRECTION('',(-0.7729958807820897,-3.864263935237364E-07,0.6344110404885558));
#1302=DIRECTION('',(4.201641303948736E-07,-0.9999999999999071,-9.716295515381453E-08));
#1303=FACE_BOUND('',#1304,.T.);
#1304=EDGE_LOOP('',(#1305,#1306,#1307));
#1305=ORIENTED_EDGE('',*,*,#1308,.T.);
#1306=ORIENTED_EDGE('',*,*,#1309,.T.);
#1307=ORIENTED_EDGE('',*,*,#1310,.T.);
#1308=EDGE_CURVE('',#127,#129,#1311,.F.);
#1309=EDGE_CURVE('',#129,#111,#1312,.T.);
#1310=EDGE_CURVE('',#111,#127,#1313,.T.);
#1311=LINE('',#126,#1314);
#1312=LINE('',#128,#1315);
#1313=LINE('',#110,#1316);
#1314=VECTOR('',#1317,1.0);
#1315=VECTOR('',#1318,1.0);
#1316=VECTOR('',#1319,1.0);
#1317=DIRECTION('',(4.201641303948736E-07,-0.9999999999999071,-9.716295515381453E-08));
#1318=DIRECTION('',(0.6344110404886032,0,0.7729958807821474));
#1319=DIRECTION('',(-0.00574450060224782,0.9999590082144758,-0.006998757286309676));
#1320=FACE_SURFACE('',(#1325),#1321,.T.);
#1321=PLANE('',#1322);
#1322=AXIS2_PLACEMENT_3D('',#126,#1323,#1324);
#1323=DIRECTION('',(-0.773008415292214,-5.653298084179797E-07,0.6343957675513766));
#1324=DIRECTION('',(0.00574450060224782,-0.9999590082144758,0.006998757286309676));
#1325=FACE_BOUND('',#1326,.T.);
#1326=EDGE_LOOP('',(#1327,#1328,#1329));
#1327=ORIENTED_EDGE('',*,*,#1330,.T.);
#1328=ORIENTED_EDGE('',*,*,#1331,.T.);
#1329=ORIENTED_EDGE('',*,*,#1332,.T.);
#1330=EDGE_CURVE('',#127,#111,#1333,.F.);
#1331=EDGE_CURVE('',#111,#119,#1334,.T.);
#1332=EDGE_CURVE('',#119,#127,#1335,.T.);
#1333=LINE('',#126,#1336);
#1334=LINE('',#110,#1337);
#1335=LINE('',#118,#1338);
#1336=VECTOR('',#1339,1.0);
#1337=VECTOR('',#1340,1.0);
#1338=VECTOR('',#1341,1.0);
#1339=DIRECTION('',(0.00574450060224782,-0.9999590082144758,0.006998757286309676));
#1340=DIRECTION('',(-0.002107621401175095,0.9999944836000549,-0.0025672361575719165));
#1341=DIRECTION('',(-0.006451727733030232,0.9999482924558992,-0.007860510402642431));
#1342=FACE_SURFACE('',(#1347),#1343,.T.);
#1343=PLANE('',#1344);
#1344=AXIS2_PLACEMENT_3D('',#116,#1345,#1346);
#1345=DIRECTION('',(-0.7729951004815451,-3.536960039016601E-07,0.6344119912418119));
#1346=DIRECTION('',(-7.1390301127838E-07,0.9999999999996964,-3.1233256743429125E-07));
#1347=FACE_BOUND('',#1348,.T.);
#1348=EDGE_LOOP('',(#1349,#1350,#1351));
#1349=ORIENTED_EDGE('',*,*,#1352,.T.);
#1350=ORIENTED_EDGE('',*,*,#1353,.T.);
#1351=ORIENTED_EDGE('',*,*,#1354,.T.);
#1352=EDGE_CURVE('',#117,#123,#1355,.F.);
#1353=EDGE_CURVE('',#123,#127,#1356,.T.);
#1354=EDGE_CURVE('',#127,#117,#1357,.T.);
#1355=LINE('',#116,#1358);
#1356=LINE('',#122,#1359);
#1357=LINE('',#126,#1360);
#1358=VECTOR('',#1361,1.0);
#1359=VECTOR('',#1362,1.0);
#1360=VECTOR('',#1363,1.0);
#1361=DIRECTION('',(-7.1390301127838E-07,0.9999999999996964,-3.1233256743429125E-07));
#1362=DIRECTION('',(-0.011146699659579325,0.9998456409647538,-0.013581065145255637));
#1363=DIRECTION('',(0.008170270894500273,-0.9999170743098956,0.009954455135724507));
#1364=FACE_SURFACE('',(#1369),#1365,.T.);
#1365=PLANE('',#1366);
#1366=AXIS2_PLACEMENT_3D('',#116,#1367,#1368);
#1367=DIRECTION('',(-0.7729946773116011,-3.4510527896890444E-07,0.6344125068500893));
#1368=DIRECTION('',(-0.008170270894500273,0.9999170743098956,-0.009954455135724507));
#1369=FACE_BOUND('',#1370,.T.);
#1370=EDGE_LOOP('',(#1371,#1372,#1373));
#1371=ORIENTED_EDGE('',*,*,#1374,.T.);
#1372=ORIENTED_EDGE('',*,*,#1375,.T.);
#1373=ORIENTED_EDGE('',*,*,#1376,.T.);
#1374=EDGE_CURVE('',#117,#127,#1377,.F.);
#1375=EDGE_CURVE('',#127,#119,#1378,.T.);
#1376=EDGE_CURVE('',#119,#117,#1379,.T.);
#1377=LINE('',#116,#1380);
#1378=LINE('',#126,#1381);
#1379=LINE('',#118,#1382);
#1380=VECTOR('',#1383,1.0);
#1381=VECTOR('',#1384,1.0);
#1382=VECTOR('',#1385,1.0);
#1383=DIRECTION('',(-0.008170270894500273,0.9999170743098956,-0.009954455135724507));
#1384=DIRECTION('',(0.006451727733030232,-0.9999482924558992,0.007860510402642431));
#1385=DIRECTION('',(-7.156560251794198E-07,0.99999999999969,-3.280090115405674E-07));
#1386=FACE_SURFACE('',(#1391),#1387,.T.);
#1387=PLANE('',#1388);
#1388=AXIS2_PLACEMENT_3D('',#128,#1389,#1390);
#1389=DIRECTION('',(-0.8819142727097677,-4.163523143869515E-07,0.4714098170282708));
#1390=DIRECTION('',(-4.201641303948736E-07,0.9999999999999071,9.716295515381453E-08));
#1391=FACE_BOUND('',#1392,.T.);
#1392=EDGE_LOOP('',(#1393,#1394,#1395));
#1393=ORIENTED_EDGE('',*,*,#1396,.T.);
#1394=ORIENTED_EDGE('',*,*,#1397,.T.);
#1395=ORIENTED_EDGE('',*,*,#1398,.T.);
#1396=EDGE_CURVE('',#129,#127,#1399,.F.);
#1397=EDGE_CURVE('',#127,#131,#1400,.T.);
#1398=EDGE_CURVE('',#131,#129,#1401,.T.);
#1399=LINE('',#128,#1402);
#1400=LINE('',#126,#1403);
#1401=LINE('',#130,#1404);
#1402=VECTOR('',#1405,1.0);
#1403=VECTOR('',#1406,1.0);
#1404=VECTOR('',#1407,1.0);
#1405=DIRECTION('',(-4.201641303948736E-07,0.9999999999999071,9.716295515381453E-08));
#1406=DIRECTION('',(-0.4714098170283117,0,-0.8819142727098443));
#1407=DIRECTION('',(0.004268608553869419,-0.9999590098407419,0.007984836838462924));
#1408=FACE_SURFACE('',(#1413),#1409,.T.);
#1409=PLANE('',#1410);
#1410=AXIS2_PLACEMENT_3D('',#128,#1411,#1412);
#1411=DIRECTION('',(-0.8819142082581776,-4.15114364356656E-07,0.4714099376043948));
#1412=DIRECTION('',(-0.004268608553869419,0.9999590098407419,-0.007984836838462924));
#1413=FACE_BOUND('',#1414,.T.);
#1414=EDGE_LOOP('',(#1415,#1416,#1417));
#1415=ORIENTED_EDGE('',*,*,#1418,.T.);
#1416=ORIENTED_EDGE('',*,*,#1419,.T.);
#1417=ORIENTED_EDGE('',*,*,#1420,.T.);
#1418=EDGE_CURVE('',#129,#131,#1421,.F.);
#1419=EDGE_CURVE('',#131,#133,#1422,.T.);
#1420=EDGE_CURVE('',#133,#129,#1423,.T.);
#1421=LINE('',#128,#1424);
#1422=LINE('',#130,#1425);
#1423=LINE('',#132,#1426);
#1424=VECTOR('',#1427,1.0);
#1425=VECTOR('',#1428,1.0);
#1426=VECTOR('',#1429,1.0);
#1427=DIRECTION('',(-0.004268608553869419,0.9999590098407419,-0.007984836838462924));
#1428=DIRECTION('',(4.2016413039487376E-07,-0.9999999999999073,-9.45369293388466E-08));
#1429=DIRECTION('',(0.47140993760443545,0,0.8819142082582536));
#1430=FACE_SURFACE('',(#1435),#1431,.T.);
#1431=PLANE('',#1432);
#1432=AXIS2_PLACEMENT_3D('',#132,#1433,#1434);
#1433=DIRECTION('',(-0.9569369040405071,-4.2951425360262626E-07,0.2902959897848831));
#1434=DIRECTION('',(-4.2016413039487376E-07,0.9999999999999073,9.45369293388466E-08));
#1435=FACE_BOUND('',#1436,.T.);
#1436=EDGE_LOOP('',(#1437,#1438,#1439));
#1437=ORIENTED_EDGE('',*,*,#1440,.T.);
#1438=ORIENTED_EDGE('',*,*,#1441,.T.);
#1439=ORIENTED_EDGE('',*,*,#1442,.T.);
#1440=EDGE_CURVE('',#133,#131,#1443,.F.);
#1441=EDGE_CURVE('',#131,#135,#1444,.T.);
#1442=EDGE_CURVE('',#135,#133,#1445,.T.);
#1443=LINE('',#132,#1446);
#1444=LINE('',#130,#1447);
#1445=LINE('',#134,#1448);
#1446=VECTOR('',#1449,1.0);
#1447=VECTOR('',#1450,1.0);
#1448=VECTOR('',#1451,1.0);
#1449=DIRECTION('',(-4.2016413039487376E-07,0.9999999999999073,9.45369293388466E-08));
#1450=DIRECTION('',(-0.29029598978490984,0,-0.9569369040405954));
#1451=DIRECTION('',(0.0026287751756265162,-0.9999590109444964,0.00866406209468531));
#1452=FACE_SURFACE('',(#1457),#1453,.T.);
#1453=PLANE('',#1454);
#1454=AXIS2_PLACEMENT_3D('',#132,#1455,#1456);
#1455=DIRECTION('',(-0.9569369284815697,-4.3027658080681883E-07,0.2902959092169127));
#1456=DIRECTION('',(-0.0026287751756265162,0.9999590109444964,-0.00866406209468531));
#1457=FACE_BOUND('',#1458,.T.);
#1458=EDGE_LOOP('',(#1459,#1460,#1461));
#1459=ORIENTED_EDGE('',*,*,#1462,.T.);
#1460=ORIENTED_EDGE('',*,*,#1463,.T.);
#1461=ORIENTED_EDGE('',*,*,#1464,.T.);
#1462=EDGE_CURVE('',#133,#135,#1465,.F.);
#1463=EDGE_CURVE('',#135,#137,#1466,.T.);
#1464=EDGE_CURVE('',#137,#133,#1467,.T.);
#1465=LINE('',#132,#1468);
#1466=LINE('',#134,#1469);
#1467=LINE('',#136,#1470);
#1468=VECTOR('',#1471,1.0);
#1469=VECTOR('',#1472,1.0);
#1470=VECTOR('',#1473,1.0);
#1471=DIRECTION('',(-0.0026287751756265162,0.9999590109444964,-0.00866406209468531));
#1472=DIRECTION('',(4.201641303948736E-07,-0.9999999999999071,-9.716295515381453E-08));
#1473=DIRECTION('',(0.29029590921693954,0,0.9569369284816583));
#1474=FACE_SURFACE('',(#1479),#1475,.T.);
#1475=PLANE('',#1476);
#1476=AXIS2_PLACEMENT_3D('',#136,#1477,#1478);
#1477=DIRECTION('',(-0.9951839822837769,-4.276649818288195E-07,0.0980246979369005));
#1478=DIRECTION('',(-4.201641303948736E-07,0.9999999999999071,9.716295515381453E-08));
#1479=FACE_BOUND('',#1480,.T.);
#1480=EDGE_LOOP('',(#1481,#1482,#1483));
#1481=ORIENTED_EDGE('',*,*,#1484,.T.);
#1482=ORIENTED_EDGE('',*,*,#1485,.T.);
#1483=ORIENTED_EDGE('',*,*,#1486,.T.);
#1484=EDGE_CURVE('',#137,#135,#1487,.F.);
#1485=EDGE_CURVE('',#135,#139,#1488,.T.);
#1486=EDGE_CURVE('',#139,#137,#1489,.T.);
#1487=LINE('',#136,#1490);
#1488=LINE('',#134,#1491);
#1489=LINE('',#138,#1492);
#1490=VECTOR('',#1493,1.0);
#1491=VECTOR('',#1494,1.0);
#1492=VECTOR('',#1495,1.0);
#1493=DIRECTION('',(-4.201641303948736E-07,0.9999999999999071,9.716295515381453E-08));
#1494=DIRECTION('',(-0.09802469793690945,0,-0.9951839822838677));
#1495=DIRECTION('',(0.0008879384768213949,-0.9999590119537016,0.009010326178224769));
#1496=FACE_SURFACE('',(#1501),#1497,.T.);
#1497=PLANE('',#1498);
#1498=AXIS2_PLACEMENT_3D('',#136,#1499,#1500);
#1499=DIRECTION('',(-0.9951839822837769,-4.276649818288195E-07,0.0980246979369005));
#1500=DIRECTION('',(-0.0008879384768213949,0.9999590119537016,-0.009010326178224769));
#1501=FACE_BOUND('',#1502,.T.);
#1502=EDGE_LOOP('',(#1503,#1504,#1505));
#1503=ORIENTED_EDGE('',*,*,#1506,.T.);
#1504=ORIENTED_EDGE('',*,*,#1507,.T.);
#1505=ORIENTED_EDGE('',*,*,#1508,.T.);
#1506=EDGE_CURVE('',#137,#139,#1509,.F.);
#1507=EDGE_CURVE('',#139,#141,#1510,.T.);
#1508=EDGE_CURVE('',#141,#137,#1511,.T.);
#1509=LINE('',#136,#1512);
#1510=LINE('',#138,#1513);
#1511=LINE('',#140,#1514);
#1512=VECTOR('',#1515,1.0);
#1513=VECTOR('',#1516,1.0);
#1514=VECTOR('',#1517,1.0);
#1515=DIRECTION('',(-0.0008879384768213949,0.9999590119537016,-0.009010326178224769));
#1516=DIRECTION('',(4.201641303948736E-07,-0.9999999999999071,-9.716295515381453E-08));
#1517=DIRECTION('',(0.09802469793690945,0,0.9951839822838677));
#1518=FACE_SURFACE('',(#1523),#1519,.T.);
#1519=PLANE('',#1520);
#1520=AXIS2_PLACEMENT_3D('',#140,#1521,#1522);
#1521=DIRECTION('',(-0.9951839822837847,-4.0861624316960235E-07,-0.09802469793690127));
#1522=DIRECTION('',(-4.201641303948736E-07,0.9999999999999071,9.716295515381453E-08));
#1523=FACE_BOUND('',#1524,.T.);
#1524=EDGE_LOOP('',(#1525,#1526,#1527));
#1525=ORIENTED_EDGE('',*,*,#1528,.T.);
#1526=ORIENTED_EDGE('',*,*,#1529,.T.);
#1527=ORIENTED_EDGE('',*,*,#1530,.T.);
#1528=EDGE_CURVE('',#141,#139,#1531,.F.);
#1529=EDGE_CURVE('',#139,#143,#1532,.T.);
#1530=EDGE_CURVE('',#143,#141,#1533,.T.);
#1531=LINE('',#140,#1534);
#1532=LINE('',#138,#1535);
#1533=LINE('',#142,#1536);
#1534=VECTOR('',#1537,1.0);
#1535=VECTOR('',#1538,1.0);
#1536=VECTOR('',#1539,1.0);
#1537=DIRECTION('',(-4.201641303948736E-07,0.9999999999999071,9.716295515381453E-08));
#1538=DIRECTION('',(0.09802469793690945,0,-0.9951839822838677));
#1539=DIRECTION('',(-0.0008870981836655954,-0.9999590126994472,0.009010326184944456));
#1540=FACE_SURFACE('',(#1545),#1541,.T.);
#1541=PLANE('',#1542);
#1542=AXIS2_PLACEMENT_3D('',#140,#1543,#1544);
#1543=DIRECTION('',(-0.9951839794969539,-4.0887365471123324E-07,-0.09802472622986129));
#1544=DIRECTION('',(0.0008870981836655954,0.9999590126994472,-0.009010326184944456));
#1545=FACE_BOUND('',#1546,.T.);
#1546=EDGE_LOOP('',(#1547,#1548,#1549));
#1547=ORIENTED_EDGE('',*,*,#1550,.T.);
#1548=ORIENTED_EDGE('',*,*,#1551,.T.);
#1549=ORIENTED_EDGE('',*,*,#1552,.T.);
#1550=EDGE_CURVE('',#141,#143,#1553,.F.);
#1551=EDGE_CURVE('',#143,#145,#1554,.T.);
#1552=EDGE_CURVE('',#145,#141,#1555,.T.);
#1553=LINE('',#140,#1556);
#1554=LINE('',#142,#1557);
#1555=LINE('',#144,#1558);
#1556=VECTOR('',#1559,1.0);
#1557=VECTOR('',#1560,1.0);
#1558=VECTOR('',#1561,1.0);
#1559=DIRECTION('',(0.0008870981836655954,0.9999590126994472,-0.009010326184944456));
#1560=DIRECTION('',(4.2016413039487376E-07,-0.9999999999999073,-9.45369293388466E-08));
#1561=DIRECTION('',(-0.09802472622986948,0,0.9951839794970371));
#1562=FACE_SURFACE('',(#1567),#1563,.T.);
#1563=PLANE('',#1564);
#1564=AXIS2_PLACEMENT_3D('',#144,#1565,#1566);
#1565=DIRECTION('',(-0.9569369284815911,-3.746268885412478E-07,-0.29029590921691917));
#1566=DIRECTION('',(-4.2016413039487376E-07,0.9999999999999073,9.45369293388466E-08));
#1567=FACE_BOUND('',#1568,.T.);
#1568=EDGE_LOOP('',(#1569,#1570,#1571));
#1569=ORIENTED_EDGE('',*,*,#1572,.T.);
#1570=ORIENTED_EDGE('',*,*,#1573,.T.);
#1571=ORIENTED_EDGE('',*,*,#1574,.T.);
#1572=EDGE_CURVE('',#145,#143,#1575,.F.);
#1573=EDGE_CURVE('',#143,#147,#1576,.T.);
#1574=EDGE_CURVE('',#147,#145,#1577,.T.);
#1575=LINE('',#144,#1578);
#1576=LINE('',#142,#1579);
#1577=LINE('',#146,#1580);
#1578=VECTOR('',#1581,1.0);
#1579=VECTOR('',#1582,1.0);
#1580=VECTOR('',#1583,1.0);
#1581=DIRECTION('',(-4.2016413039487376E-07,0.9999999999999073,9.45369293388466E-08));
#1582=DIRECTION('',(0.29029590921693954,0,-0.9569369284816583));
#1583=DIRECTION('',(-0.0026279348875542317,-0.9999590131302462,0.008664064739541741));
#1584=FACE_SURFACE('',(#1589),#1585,.T.);
#1585=PLANE('',#1586);
#1586=AXIS2_PLACEMENT_3D('',#144,#1587,#1588);
#1587=DIRECTION('',(-0.9569368795994442,-3.761515027188831E-07,-0.2902960703529022));
#1588=DIRECTION('',(0.0026279348875542317,0.9999590131302462,-0.008664064739541741));
#1589=FACE_BOUND('',#1590,.T.);
#1590=EDGE_LOOP('',(#1591,#1592,#1593));
#1591=ORIENTED_EDGE('',*,*,#1594,.T.);
#1592=ORIENTED_EDGE('',*,*,#1595,.T.);
#1593=ORIENTED_EDGE('',*,*,#1596,.T.);
#1594=EDGE_CURVE('',#145,#147,#1597,.F.);
#1595=EDGE_CURVE('',#147,#149,#1598,.T.);
#1596=EDGE_CURVE('',#149,#145,#1599,.T.);
#1597=LINE('',#144,#1600);
#1598=LINE('',#146,#1601);
#1599=LINE('',#148,#1602);
#1600=VECTOR('',#1603,1.0);
#1601=VECTOR('',#1604,1.0);
#1602=VECTOR('',#1605,1.0);
#1603=DIRECTION('',(0.0026279348875542317,0.9999590131302462,-0.008664064739541741));
#1604=DIRECTION('',(4.2016413039487397E-07,-0.9999999999999079,-8.928487770891071E-08));
#1605=DIRECTION('',(-0.2902960703529228,0,0.956936879599512));
#1606=FACE_SURFACE('',(#1611),#1607,.T.);
#1607=PLANE('',#1608);
#1608=AXIS2_PLACEMENT_3D('',#148,#1609,#1610);
#1609=DIRECTION('',(-0.8819141438065659,-3.2845889992005163E-07,-0.4714100581805867));
#1610=DIRECTION('',(-4.2016413039487397E-07,0.9999999999999079,8.928487770891071E-08));
#1611=FACE_BOUND('',#1612,.T.);
#1612=EDGE_LOOP('',(#1613,#1614,#1615));
#1613=ORIENTED_EDGE('',*,*,#1616,.T.);
#1614=ORIENTED_EDGE('',*,*,#1617,.T.);
#1615=ORIENTED_EDGE('',*,*,#1618,.T.);
#1616=EDGE_CURVE('',#149,#147,#1619,.F.);
#1617=EDGE_CURVE('',#147,#151,#1620,.T.);
#1618=EDGE_CURVE('',#151,#149,#1621,.T.);
#1619=LINE('',#148,#1622);
#1620=LINE('',#146,#1623);
#1621=LINE('',#150,#1624);
#1622=VECTOR('',#1625,1.0);
#1623=VECTOR('',#1626,1.0);
#1624=VECTOR('',#1627,1.0);
#1625=DIRECTION('',(-4.2016413039487397E-07,0.9999999999999079,8.928487770891071E-08));
#1626=DIRECTION('',(0.4714100581806121,0,-0.8819141438066134));
#1627=DIRECTION('',(-0.004267768275270823,-0.9999590134061606,0.00798483949285156));
#1628=FACE_SURFACE('',(#1633),#1629,.T.);
#1629=PLANE('',#1630);
#1630=AXIS2_PLACEMENT_3D('',#148,#1631,#1632);
#1631=DIRECTION('',(-0.8819144016128313,-3.235073164407889E-07,-0.4714095758761981));
#1632=DIRECTION('',(0.004267768275270823,0.9999590134061606,-0.00798483949285156));
#1633=FACE_BOUND('',#1634,.T.);
#1634=EDGE_LOOP('',(#1635,#1636,#1637));
#1635=ORIENTED_EDGE('',*,*,#1638,.T.);
#1636=ORIENTED_EDGE('',*,*,#1639,.T.);
#1637=ORIENTED_EDGE('',*,*,#1640,.T.);
#1638=EDGE_CURVE('',#149,#151,#1641,.F.);
#1639=EDGE_CURVE('',#151,#153,#1642,.T.);
#1640=EDGE_CURVE('',#153,#149,#1643,.T.);
#1641=LINE('',#148,#1644);
#1642=LINE('',#150,#1645);
#1643=LINE('',#152,#1646);
#1644=VECTOR('',#1647,1.0);
#1645=VECTOR('',#1648,1.0);
#1646=VECTOR('',#1649,1.0);
#1647=DIRECTION('',(0.004267768275270823,0.9999590134061606,-0.00798483949285156));
#1648=DIRECTION('',(4.201641303948735E-07,-0.9999999999999067,-9.978898096878246E-08));
#1649=DIRECTION('',(-0.4714095758762228,0,0.8819144016128775));
#1650=FACE_SURFACE('',(#1655),#1651,.T.);
#1651=PLANE('',#1652);
#1652=AXIS2_PLACEMENT_3D('',#152,#1653,#1654);
#1653=DIRECTION('',(-0.7729954138718299,-2.614776578525803E-07,-0.6344116093933418));
#1654=DIRECTION('',(-4.201641303948735E-07,0.9999999999999067,9.978898096878246E-08));
#1655=FACE_BOUND('',#1656,.T.);
#1656=EDGE_LOOP('',(#1657,#1658,#1659));
#1657=ORIENTED_EDGE('',*,*,#1660,.T.);
#1658=ORIENTED_EDGE('',*,*,#1661,.T.);
#1659=ORIENTED_EDGE('',*,*,#1662,.T.);
#1660=EDGE_CURVE('',#153,#151,#1663,.F.);
#1661=EDGE_CURVE('',#151,#155,#1664,.T.);
#1662=EDGE_CURVE('',#155,#153,#1665,.T.);
#1663=LINE('',#152,#1666);
#1664=LINE('',#150,#1667);
#1665=LINE('',#154,#1668);
#1666=VECTOR('',#1669,1.0);
#1667=VECTOR('',#1670,1.0);
#1668=VECTOR('',#1671,1.0);
#1669=DIRECTION('',(-4.201641303948735E-07,0.9999999999999067,9.978898096878246E-08));
#1670=DIRECTION('',(0.6344116093933635,0,-0.7729954138718562));
#1671=DIRECTION('',(-0.005743660336684388,-0.9999590131328803,0.0069987441911428935));
#1672=FACE_SURFACE('',(#1677),#1673,.T.);
#1673=PLANE('',#1674);
#1674=AXIS2_PLACEMENT_3D('',#152,#1675,#1676);
#1675=DIRECTION('',(-0.7729954138710602,-2.6147766883851703E-07,-0.6344116093942798));
#1676=DIRECTION('',(0.005743660336684388,0.9999590131328803,-0.0069987441911428935));
#1677=FACE_BOUND('',#1678,.T.);
#1678=EDGE_LOOP('',(#1679,#1680,#1681));
#1679=ORIENTED_EDGE('',*,*,#1682,.T.);
#1680=ORIENTED_EDGE('',*,*,#1683,.T.);
#1681=ORIENTED_EDGE('',*,*,#1684,.T.);
#1682=EDGE_CURVE('',#153,#155,#1685,.F.);
#1683=EDGE_CURVE('',#155,#157,#1686,.T.);
#1684=EDGE_CURVE('',#157,#153,#1687,.T.);
#1685=LINE('',#152,#1688);
#1686=LINE('',#154,#1689);
#1687=LINE('',#156,#1690);
#1688=VECTOR('',#1691,1.0);
#1689=VECTOR('',#1692,1.0);
#1690=VECTOR('',#1693,1.0);
#1691=DIRECTION('',(0.005743660336684388,0.9999590131328803,-0.0069987441911428935));
#1692=DIRECTION('',(4.201641480486639E-07,-0.9999999999999067,-9.978898516155767E-08));
#1693=DIRECTION('',(-0.6344116093865332,-4.640361109062093E-06,0.7729954138635339));
#1694=FACE_SURFACE('',(#1699),#1695,.T.);
#1695=PLANE('',#1696);
#1696=AXIS2_PLACEMENT_3D('',#156,#1697,#1698);
#1697=DIRECTION('',(-0.6343773725323829,-1.8940339656011565E-07,-0.7730235114269646));
#1698=DIRECTION('',(-4.201641480486639E-07,0.9999999999999067,9.978898516155767E-08));
#1699=FACE_BOUND('',#1700,.T.);
#1700=EDGE_LOOP('',(#1701,#1702,#1703));
#1701=ORIENTED_EDGE('',*,*,#1704,.T.);
#1702=ORIENTED_EDGE('',*,*,#1705,.T.);
#1703=ORIENTED_EDGE('',*,*,#1706,.T.);
#1704=EDGE_CURVE('',#157,#155,#1707,.F.);
#1705=EDGE_CURVE('',#155,#159,#1708,.T.);
#1706=EDGE_CURVE('',#159,#157,#1709,.T.);
#1707=LINE('',#156,#1710);
#1708=LINE('',#154,#1711);
#1709=LINE('',#158,#1712);
#1710=VECTOR('',#1713,1.0);
#1711=VECTOR('',#1714,1.0);
#1712=VECTOR('',#1715,1.0);
#1713=DIRECTION('',(-4.201641480486639E-07,0.9999999999999067,9.978898516155767E-08));
#1714=DIRECTION('',(0.7730235114269783,0,-0.6343773725323942));
#1715=DIRECTION('',(-0.00699872347696353,-0.9999590130049821,0.005743707843807033));
#1716=FACE_SURFACE('',(#1721),#1717,.T.);
#1717=PLANE('',#1718);
#1718=AXIS2_PLACEMENT_3D('',#156,#1719,#1720);
#1719=DIRECTION('',(-0.6343773725323829,-1.8940339656011565E-07,-0.7730235114269646));
#1720=DIRECTION('',(0.00699872347696353,0.9999590130049821,-0.005743707843807033));
#1721=FACE_BOUND('',#1722,.T.);
#1722=EDGE_LOOP('',(#1723,#1724,#1725));
#1723=ORIENTED_EDGE('',*,*,#1726,.T.);
#1724=ORIENTED_EDGE('',*,*,#1727,.T.);
#1725=ORIENTED_EDGE('',*,*,#1728,.T.);
#1726=EDGE_CURVE('',#157,#159,#1729,.F.);
#1727=EDGE_CURVE('',#159,#161,#1730,.T.);
#1728=EDGE_CURVE('',#161,#157,#1731,.T.);
#1729=LINE('',#156,#1732);
#1730=LINE('',#158,#1733);
#1731=LINE('',#160,#1734);
#1732=VECTOR('',#1735,1.0);
#1733=VECTOR('',#1736,1.0);
#1734=VECTOR('',#1737,1.0);
#1735=DIRECTION('',(0.00699872347696353,0.9999590130049821,-0.005743707843807033));
#1736=DIRECTION('',(4.201641480486639E-07,-0.9999999999999067,-9.978898516155767E-08));
#1737=DIRECTION('',(-0.7730235114269783,0,0.6343773725323942));
#1738=FACE_SURFACE('',(#1743),#1739,.T.);
#1739=PLANE('',#1740);
#1740=AXIS2_PLACEMENT_3D('',#160,#1741,#1742);
#1741=DIRECTION('',(-0.4713813004589889,-1.100506712191031E-07,-0.8819295150847262));
#1742=DIRECTION('',(-4.201641480486639E-07,0.9999999999999067,9.978898516155767E-08));
#1743=FACE_BOUND('',#1744,.T.);
#1744=EDGE_LOOP('',(#1745,#1746,#1747));
#1745=ORIENTED_EDGE('',*,*,#1748,.T.);
#1746=ORIENTED_EDGE('',*,*,#1749,.T.);
#1747=ORIENTED_EDGE('',*,*,#1750,.T.);
#1748=EDGE_CURVE('',#161,#159,#1751,.F.);
#1749=EDGE_CURVE('',#159,#163,#1752,.T.);
#1750=EDGE_CURVE('',#163,#161,#1753,.T.);
#1751=LINE('',#160,#1754);
#1752=LINE('',#158,#1755);
#1753=LINE('',#162,#1756);
#1754=VECTOR('',#1757,1.0);
#1755=VECTOR('',#1758,1.0);
#1756=VECTOR('',#1759,1.0);
#1757=DIRECTION('',(-4.201641480486639E-07,0.9999999999999067,9.978898516155767E-08));
#1758=DIRECTION('',(0.8819295150847315,0,-0.4713813004589918));
#1759=DIRECTION('',(-0.007984850325594737,-0.9999590126016291,0.004267936509924096));
#1760=FACE_SURFACE('',(#1765),#1761,.T.);
#1761=PLANE('',#1762);
#1762=AXIS2_PLACEMENT_3D('',#160,#1763,#1764);
#1763=DIRECTION('',(-0.4713813004589889,-1.100506712191031E-07,-0.8819295150847262));
#1764=DIRECTION('',(0.007984850325594737,0.9999590126016291,-0.004267936509924096));
#1765=FACE_BOUND('',#1766,.T.);
#1766=EDGE_LOOP('',(#1767,#1768,#1769));
#1767=ORIENTED_EDGE('',*,*,#1770,.T.);
#1768=ORIENTED_EDGE('',*,*,#1771,.T.);
#1769=ORIENTED_EDGE('',*,*,#1772,.T.);
#1770=EDGE_CURVE('',#161,#163,#1773,.F.);
#1771=EDGE_CURVE('',#163,#165,#1774,.T.);
#1772=EDGE_CURVE('',#165,#161,#1775,.T.);
#1773=LINE('',#160,#1776);
#1774=LINE('',#162,#1777);
#1775=LINE('',#164,#1778);
#1776=VECTOR('',#1779,1.0);
#1777=VECTOR('',#1780,1.0);
#1778=VECTOR('',#1781,1.0);
#1779=DIRECTION('',(0.007984850325594737,0.9999590126016291,-0.004267936509924096));
#1780=DIRECTION('',(4.201641480486639E-07,-0.9999999999999067,-9.978898516155767E-08));
#1781=DIRECTION('',(-0.8819295150847315,0,0.4713813004589918));
#1782=FACE_SURFACE('',(#1787),#1783,.T.);
#1783=PLANE('',#1784);
#1784=AXIS2_PLACEMENT_3D('',#164,#1785,#1786);
#1785=DIRECTION('',(-0.29027257461429357,-2.646965770529388E-08,-0.956944006944392));
#1786=DIRECTION('',(-4.201641480486639E-07,0.9999999999999067,9.978898516155767E-08));
#1787=FACE_BOUND('',#1788,.T.);
#1788=EDGE_LOOP('',(#1789,#1790,#1791));
#1789=ORIENTED_EDGE('',*,*,#1792,.T.);
#1790=ORIENTED_EDGE('',*,*,#1793,.T.);
#1791=ORIENTED_EDGE('',*,*,#1794,.T.);
#1792=EDGE_CURVE('',#165,#163,#1795,.F.);
#1793=EDGE_CURVE('',#163,#167,#1796,.T.);
#1794=EDGE_CURVE('',#167,#165,#1797,.T.);
#1795=LINE('',#164,#1798);
#1796=LINE('',#162,#1799);
#1797=LINE('',#166,#1800);
#1798=VECTOR('',#1801,1.0);
#1799=VECTOR('',#1802,1.0);
#1800=VECTOR('',#1803,1.0);
#1801=DIRECTION('',(-4.201641480486639E-07,0.9999999999999067,9.978898516155767E-08));
#1802=DIRECTION('',(0.9569440069443924,0,-0.29027257461429373));
#1803=DIRECTION('',(-0.008664101859097162,-0.999959012283844,0.0026281345655363307));
#1804=FACE_SURFACE('',(#1809),#1805,.T.);
#1805=PLANE('',#1806);
#1806=AXIS2_PLACEMENT_3D('',#164,#1807,#1808);
#1807=DIRECTION('',(-0.29027310577515425,-2.144397826151953E-08,-0.9569438458256815));
#1808=DIRECTION('',(0.008664101859097162,0.999959012283844,-0.0026281345655363307));
#1809=FACE_BOUND('',#1810,.T.);
#1810=EDGE_LOOP('',(#1811,#1812,#1813));
#1811=ORIENTED_EDGE('',*,*,#1814,.T.);
#1812=ORIENTED_EDGE('',*,*,#1815,.T.);
#1813=ORIENTED_EDGE('',*,*,#1816,.T.);
#1814=EDGE_CURVE('',#165,#167,#1817,.F.);
#1815=EDGE_CURVE('',#167,#169,#1818,.T.);
#1816=EDGE_CURVE('',#169,#165,#1819,.T.);
#1817=LINE('',#164,#1820);
#1818=LINE('',#166,#1821);
#1819=LINE('',#168,#1822);
#1820=VECTOR('',#1823,1.0);
#1821=VECTOR('',#1824,1.0);
#1822=VECTOR('',#1825,1.0);
#1823=DIRECTION('',(0.008664101859097162,0.999959012283844,-0.0026281345655363307));
#1824=DIRECTION('',(4.2016414804866367E-07,-0.9999999999999063,-1.0504103701216592E-07));
#1825=DIRECTION('',(-0.9569438458256817,0,0.2902731057751543));
#1826=FACE_SURFACE('',(#1831),#1827,.T.);
#1827=PLANE('',#1828);
#1828=AXIS2_PLACEMENT_3D('',#168,#1829,#1830);
#1829=DIRECTION('',(-0.09801367383778012,6.335343980558445E-08,-0.9951850680857391));
#1830=DIRECTION('',(-4.2016414804866367E-07,0.9999999999999063,1.0504103701216592E-07));
#1831=FACE_BOUND('',#1832,.T.);
#1832=EDGE_LOOP('',(#1833,#1834,#1835));
#1833=ORIENTED_EDGE('',*,*,#1836,.T.);
#1834=ORIENTED_EDGE('',*,*,#1837,.T.);
#1835=ORIENTED_EDGE('',*,*,#1838,.T.);
#1836=EDGE_CURVE('',#169,#167,#1839,.F.);
#1837=EDGE_CURVE('',#167,#171,#1840,.T.);
#1838=EDGE_CURVE('',#171,#169,#1841,.T.);
#1839=LINE('',#168,#1842);
#1840=LINE('',#166,#1843);
#1841=LINE('',#170,#1844);
#1842=VECTOR('',#1845,1.0);
#1843=VECTOR('',#1846,1.0);
#1844=VECTOR('',#1847,1.0);
#1845=DIRECTION('',(-4.2016414804866367E-07,0.9999999999999063,1.0504103701216592E-07));
#1846=DIRECTION('',(0.9951850680857411,0,-0.09801367383778031));
#1847=DIRECTION('',(-0.009010386952697113,-0.9999590119281854,0.0008873503084098659));
#1848=FACE_SURFACE('',(#1853),#1849,.T.);
#1849=PLANE('',#1850);
#1850=AXIS2_PLACEMENT_3D('',#168,#1851,#1852);
#1851=DIRECTION('',(-0.09801367383778012,6.335343980558445E-08,-0.9951850680857391));
#1852=DIRECTION('',(0.009010386952697113,0.9999590119281854,-0.0008873503084098659));
#1853=FACE_BOUND('',#1854,.T.);
#1854=EDGE_LOOP('',(#1855,#1856,#1857));
#1855=ORIENTED_EDGE('',*,*,#1858,.T.);
#1856=ORIENTED_EDGE('',*,*,#1859,.T.);
#1857=ORIENTED_EDGE('',*,*,#1860,.T.);
#1858=EDGE_CURVE('',#169,#171,#1861,.F.);
#1859=EDGE_CURVE('',#171,#173,#1862,.T.);
#1860=EDGE_CURVE('',#173,#169,#1863,.T.);
#1861=LINE('',#168,#1864);
#1862=LINE('',#170,#1865);
#1863=LINE('',#172,#1866);
#1864=VECTOR('',#1867,1.0);
#1865=VECTOR('',#1868,1.0);
#1866=VECTOR('',#1869,1.0);
#1867=DIRECTION('',(0.009010386952697113,0.9999590119281854,-0.0008873503084098659));
#1868=DIRECTION('',(4.2016414804866367E-07,-0.9999999999999063,-1.0504103701216592E-07));
#1869=DIRECTION('',(-0.9951850680857411,0,0.09801367383778031));
#1870=FACE_SURFACE('',(#1875),#1871,.T.);
#1871=PLANE('',#1872);
#1872=AXIS2_PLACEMENT_3D('',#172,#1873,#1874);
#1873=DIRECTION('',(0.09801367383777927,1.4571710333593187E-07,-0.9951850680857306));
#1874=DIRECTION('',(-4.2016414804866367E-07,0.9999999999999063,1.0504103701216592E-07));
#1875=FACE_BOUND('',#1876,.T.);
#1876=EDGE_LOOP('',(#1877,#1878,#1879));
#1877=ORIENTED_EDGE('',*,*,#1880,.T.);
#1878=ORIENTED_EDGE('',*,*,#1881,.T.);
#1879=ORIENTED_EDGE('',*,*,#1882,.T.);
#1880=EDGE_CURVE('',#173,#171,#1883,.F.);
#1881=EDGE_CURVE('',#171,#175,#1884,.T.);
#1882=EDGE_CURVE('',#175,#173,#1885,.T.);
#1883=LINE('',#172,#1886);
#1884=LINE('',#170,#1887);
#1885=LINE('',#174,#1888);
#1886=VECTOR('',#1889,1.0);
#1887=VECTOR('',#1890,1.0);
#1888=VECTOR('',#1891,1.0);
#1889=DIRECTION('',(-4.2016414804866367E-07,0.9999999999999063,1.0504103701216592E-07));
#1890=DIRECTION('',(0.9951850680857411,0,0.09801367383778031));
#1891=DIRECTION('',(-0.0090103869510173,-0.9999590117417623,-0.0008875603817075626));
#1892=FACE_SURFACE('',(#1897),#1893,.T.);
#1893=PLANE('',#1894);
#1894=AXIS2_PLACEMENT_3D('',#172,#1895,#1896);
#1895=DIRECTION('',(0.09801367383777927,1.4571710333593187E-07,-0.9951850680857306));
#1896=DIRECTION('',(0.0090103869510173,0.9999590117417623,0.0008875603817075626));
#1897=FACE_BOUND('',#1898,.T.);
#1898=EDGE_LOOP('',(#1899,#1900,#1901));
#1899=ORIENTED_EDGE('',*,*,#1902,.T.);
#1900=ORIENTED_EDGE('',*,*,#1903,.T.);
#1901=ORIENTED_EDGE('',*,*,#1904,.T.);
#1902=EDGE_CURVE('',#173,#175,#1905,.F.);
#1903=EDGE_CURVE('',#175,#177,#1906,.T.);
#1904=EDGE_CURVE('',#177,#173,#1907,.T.);
#1905=LINE('',#172,#1908);
#1906=LINE('',#174,#1909);
#1907=LINE('',#176,#1910);
#1908=VECTOR('',#1911,1.0);
#1909=VECTOR('',#1912,1.0);
#1910=VECTOR('',#1913,1.0);
#1911=DIRECTION('',(0.0090103869510173,0.9999590117417623,0.0008875603817075626));
#1912=DIRECTION('',(4.2016414804866367E-07,-0.9999999999999063,-1.0504103701216592E-07));
#1913=DIRECTION('',(-0.9951850680857411,0,-0.09801367383778031));
#1914=FACE_SURFACE('',(#1919),#1915,.T.);
#1915=PLANE('',#1916);
#1916=AXIS2_PLACEMENT_3D('',#176,#1917,#1918);
#1917=DIRECTION('',(0.29027128567102356,2.2248001936771615E-07,-0.9569443979222834));
#1918=DIRECTION('',(-4.2016414804866367E-07,0.9999999999999063,1.0504103701216592E-07));
#1919=FACE_BOUND('',#1920,.T.);
#1920=EDGE_LOOP('',(#1921,#1922,#1923));
#1921=ORIENTED_EDGE('',*,*,#1924,.T.);
#1922=ORIENTED_EDGE('',*,*,#1925,.T.);
#1923=ORIENTED_EDGE('',*,*,#1926,.T.);
#1924=EDGE_CURVE('',#177,#175,#1927,.F.);
#1925=EDGE_CURVE('',#175,#179,#1928,.T.);
#1926=EDGE_CURVE('',#179,#177,#1929,.T.);
#1927=LINE('',#176,#1930);
#1928=LINE('',#174,#1931);
#1929=LINE('',#178,#1932);
#1930=VECTOR('',#1933,1.0);
#1931=VECTOR('',#1934,1.0);
#1932=VECTOR('',#1935,1.0);
#1933=DIRECTION('',(-4.2016414804866367E-07,0.9999999999999063,1.0504103701216592E-07));
#1934=DIRECTION('',(0.9569443979223071,0,0.2902712856710308));
#1935=DIRECTION('',(-0.008664143865971804,-0.9999590113815406,-0.0026283393847913333));
#1936=FACE_SURFACE('',(#1941),#1937,.T.);
#1937=PLANE('',#1938);
#1938=AXIS2_PLACEMENT_3D('',#176,#1939,#1940);
#1939=DIRECTION('',(0.29027181682995995,2.1745430486788438E-07,-0.9569442368049388));
#1940=DIRECTION('',(0.008664143865971804,0.9999590113815406,0.0026283393847913333));
#1941=FACE_BOUND('',#1942,.T.);
#1942=EDGE_LOOP('',(#1943,#1944,#1945));
#1943=ORIENTED_EDGE('',*,*,#1946,.T.);
#1944=ORIENTED_EDGE('',*,*,#1947,.T.);
#1945=ORIENTED_EDGE('',*,*,#1948,.T.);
#1946=EDGE_CURVE('',#177,#179,#1949,.F.);
#1947=EDGE_CURVE('',#179,#181,#1950,.T.);
#1948=EDGE_CURVE('',#181,#177,#1951,.T.);
#1949=LINE('',#176,#1952);
#1950=LINE('',#178,#1953);
#1951=LINE('',#180,#1954);
#1952=VECTOR('',#1955,1.0);
#1953=VECTOR('',#1956,1.0);
#1954=VECTOR('',#1957,1.0);
#1955=DIRECTION('',(0.008664143865971804,0.9999590113815406,0.0026283393847913333));
#1956=DIRECTION('',(4.201641480486639E-07,-0.9999999999999067,-9.978898516155767E-08));
#1957=DIRECTION('',(-0.9569442368049614,0,-0.29027181682996683));
#1958=FACE_SURFACE('',(#1963),#1959,.T.);
#1959=PLANE('',#1960);
#1960=AXIS2_PLACEMENT_3D('',#182,#1961,#1962);
#1961=DIRECTION('',(0.4713813004589726,2.8581974411565004E-07,-0.8819295150846955));
#1962=DIRECTION('',(4.2151111365418867E-07,-0.9999999999999064,-9.879166726270048E-08));
#1963=FACE_BOUND('',#1964,.T.);
#1964=EDGE_LOOP('',(#1965,#1966,#1967));
#1965=ORIENTED_EDGE('',*,*,#1968,.T.);
#1966=ORIENTED_EDGE('',*,*,#1969,.T.);
#1967=ORIENTED_EDGE('',*,*,#1970,.T.);
#1968=EDGE_CURVE('',#183,#185,#1971,.F.);
#1969=EDGE_CURVE('',#185,#181,#1972,.T.);
#1970=EDGE_CURVE('',#181,#183,#1973,.T.);
#1971=LINE('',#182,#1974);
#1972=LINE('',#184,#1975);
#1973=LINE('',#180,#1976);
#1974=VECTOR('',#1977,1.0);
#1975=VECTOR('',#1978,1.0);
#1976=VECTOR('',#1979,1.0);
#1977=DIRECTION('',(4.2151111365418867E-07,-0.9999999999999064,-9.879166726270048E-08));
#1978=DIRECTION('',(-0.8819295150847315,0,-0.4713813004589918));
#1979=DIRECTION('',(0.010012930666896794,0.999935545929312,0.005352121682916925));
#1980=FACE_SURFACE('',(#1985),#1981,.T.);
#1981=PLANE('',#1982);
#1982=AXIS2_PLACEMENT_3D('',#178,#1983,#1984);
#1983=DIRECTION('',(0.4713813004589488,4.270770710625391E-07,-0.8819295150846511));
#1984=DIRECTION('',(0.8819295150847315,0,0.4713813004589918));
#1985=FACE_BOUND('',#1986,.T.);
#1986=EDGE_LOOP('',(#1987,#1988,#1989));
#1987=ORIENTED_EDGE('',*,*,#1990,.T.);
#1988=ORIENTED_EDGE('',*,*,#1991,.T.);
#1989=ORIENTED_EDGE('',*,*,#1992,.T.);
#1990=EDGE_CURVE('',#179,#187,#1993,.F.);
#1991=EDGE_CURVE('',#187,#189,#1994,.T.);
#1992=EDGE_CURVE('',#189,#179,#1995,.T.);
#1993=LINE('',#178,#1996);
#1994=LINE('',#186,#1997);
#1995=LINE('',#188,#1998);
#1996=VECTOR('',#1999,1.0);
#1997=VECTOR('',#2000,1.0);
#1998=VECTOR('',#2001,1.0);
#1999=DIRECTION('',(0.8819295150847315,0,0.4713813004589918));
#2000=DIRECTION('',(7.342856896344936E-07,-0.9999999999997261,-9.17857112043117E-08));
#2001=DIRECTION('',(-0.06956214063342656,0.9968845365396183,-0.03717969067496005));
#2002=FACE_SURFACE('',(#2007),#2003,.T.);
#2003=PLANE('',#2004);
#2004=AXIS2_PLACEMENT_3D('',#178,#2005,#2006);
#2005=DIRECTION('',(0.4713789475454251,2.159884933930396E-07,-0.8819307726862242));
#2006=DIRECTION('',(0.06956214063342656,-0.9968845365396183,0.03717969067496005));
#2007=FACE_BOUND('',#2008,.T.);
#2008=EDGE_LOOP('',(#2009,#2010,#2011));
#2009=ORIENTED_EDGE('',*,*,#2012,.T.);
#2010=ORIENTED_EDGE('',*,*,#2013,.T.);
#2011=ORIENTED_EDGE('',*,*,#2014,.T.);
#2012=EDGE_CURVE('',#179,#189,#2015,.F.);
#2013=EDGE_CURVE('',#189,#191,#2016,.T.);
#2014=EDGE_CURVE('',#191,#179,#2017,.T.);
#2015=LINE('',#178,#2018);
#2016=LINE('',#188,#2019);
#2017=LINE('',#190,#2020);
#2018=VECTOR('',#2021,1.0);
#2019=VECTOR('',#2022,1.0);
#2020=VECTOR('',#2023,1.0);
#2021=DIRECTION('',(0.06956214063342656,-0.9968845365396183,0.03717969067496005));
#2022=DIRECTION('',(-0.881930772686245,0,-0.47137894754543613));
#2023=DIRECTION('',(-0.04382267405903753,0.9987647209794209,-0.023422326212714353));
#2024=FACE_SURFACE('',(#2029),#2025,.T.);
#2025=PLANE('',#2026);
#2026=AXIS2_PLACEMENT_3D('',#192,#2027,#2028);
#2027=DIRECTION('',(0.4713829289559046,2.648537987754507E-07,-0.8819286446696707));
#2028=DIRECTION('',(0.8819286446697017,0,0.4713829289559212));
#2029=FACE_BOUND('',#2030,.T.);
#2030=EDGE_LOOP('',(#2031,#2032,#2033));
#2031=ORIENTED_EDGE('',*,*,#2034,.T.);
#2032=ORIENTED_EDGE('',*,*,#2035,.T.);
#2033=ORIENTED_EDGE('',*,*,#2036,.T.);
#2034=EDGE_CURVE('',#193,#183,#2037,.F.);
#2035=EDGE_CURVE('',#183,#181,#2038,.T.);
#2036=EDGE_CURVE('',#181,#193,#2039,.T.);
#2037=LINE('',#192,#2040);
#2038=LINE('',#182,#2041);
#2039=LINE('',#180,#2042);
#2040=VECTOR('',#2043,1.0);
#2041=VECTOR('',#2044,1.0);
#2042=VECTOR('',#2045,1.0);
#2043=DIRECTION('',(0.8819286446697017,0,0.4713829289559212));
#2044=DIRECTION('',(-0.010012930666896794,-0.999935545929312,-0.005352121682916925));
#2045=DIRECTION('',(0.0062961618010283675,0.9999745154115316,0.003365542162552003));
#2046=FACE_SURFACE('',(#2051),#2047,.T.);
#2047=PLANE('',#2048);
#2048=AXIS2_PLACEMENT_3D('',#178,#2049,#2050);
#2049=DIRECTION('',(0.47138003509466253,2.7733851989838553E-07,-0.8819301914063707));
#2050=DIRECTION('',(0.04382267405903753,-0.9987647209794209,0.023422326212714353));
#2051=FACE_BOUND('',#2052,.T.);
#2052=EDGE_LOOP('',(#2053,#2054,#2055));
#2053=ORIENTED_EDGE('',*,*,#2056,.T.);
#2054=ORIENTED_EDGE('',*,*,#2057,.T.);
#2055=ORIENTED_EDGE('',*,*,#2058,.T.);
#2056=EDGE_CURVE('',#179,#191,#2059,.F.);
#2057=EDGE_CURVE('',#191,#193,#2060,.T.);
#2058=EDGE_CURVE('',#193,#179,#2061,.T.);
#2059=LINE('',#178,#2062);
#2060=LINE('',#190,#2063);
#2061=LINE('',#192,#2064);
#2062=VECTOR('',#2065,1.0);
#2063=VECTOR('',#2066,1.0);
#2064=VECTOR('',#2067,1.0);
#2065=DIRECTION('',(0.04382267405903753,-0.9987647209794209,0.023422326212714353));
#2066=DIRECTION('',(4.768369308295029E-07,-0.9999999999998845,-5.9604616353687865E-08));
#2067=DIRECTION('',(-0.024780248623002977,0.9996051846186585,-0.013244401144626518));
#2068=FACE_SURFACE('',(#2073),#2069,.T.);
#2069=PLANE('',#2070);
#2070=AXIS2_PLACEMENT_3D('',#180,#2071,#2072);
#2071=DIRECTION('',(0.4713803088630808,2.8606401006249E-07,-0.8819300450807109));
#2072=DIRECTION('',(-4.201641480486639E-07,0.9999999999999067,9.978898516155767E-08));
#2073=FACE_BOUND('',#2074,.T.);
#2074=EDGE_LOOP('',(#2075,#2076,#2077));
#2075=ORIENTED_EDGE('',*,*,#2078,.T.);
#2076=ORIENTED_EDGE('',*,*,#2079,.T.);
#2077=ORIENTED_EDGE('',*,*,#2080,.T.);
#2078=EDGE_CURVE('',#181,#179,#2081,.F.);
#2079=EDGE_CURVE('',#179,#193,#2082,.T.);
#2080=EDGE_CURVE('',#193,#181,#2083,.T.);
#2081=LINE('',#180,#2084);
#2082=LINE('',#178,#2085);
#2083=LINE('',#192,#2086);
#2084=VECTOR('',#2087,1.0);
#2085=VECTOR('',#2088,1.0);
#2086=VECTOR('',#2089,1.0);
#2087=DIRECTION('',(-4.201641480486639E-07,0.9999999999999067,9.978898516155767E-08));
#2088=DIRECTION('',(0.024780248623002977,-0.9996051846186585,0.013244401144626518));
#2089=DIRECTION('',(-0.0062961618010283675,-0.9999745154115316,-0.003365542162552003));
#2090=FACE_SURFACE('',(#2095),#2091,.T.);
#2091=PLANE('',#2092);
#2092=AXIS2_PLACEMENT_3D('',#188,#2093,#2094);
#2093=DIRECTION('',(0.6343773725323029,5.367667392525164E-07,-0.773023511426867));
#2094=DIRECTION('',(-7.342856896344936E-07,0.9999999999997261,9.17857112043117E-08));
#2095=FACE_BOUND('',#2096,.T.);
#2096=EDGE_LOOP('',(#2097,#2098,#2099));
#2097=ORIENTED_EDGE('',*,*,#2100,.T.);
#2098=ORIENTED_EDGE('',*,*,#2101,.T.);
#2099=ORIENTED_EDGE('',*,*,#2102,.T.);
#2100=EDGE_CURVE('',#189,#187,#2103,.F.);
#2101=EDGE_CURVE('',#187,#195,#2104,.T.);
#2102=EDGE_CURVE('',#195,#189,#2105,.T.);
#2103=LINE('',#188,#2106);
#2104=LINE('',#186,#2107);
#2105=LINE('',#194,#2108);
#2106=VECTOR('',#2109,1.0);
#2107=VECTOR('',#2110,1.0);
#2108=VECTOR('',#2111,1.0);
#2109=DIRECTION('',(-7.342856896344936E-07,0.9999999999997261,9.17857112043117E-08));
#2110=DIRECTION('',(0.7730235114269783,0,0.6343773725323942));
#2111=DIRECTION('',(-0.06097032196963639,-0.9968846745532551,-0.050035642094104535));
#2112=FACE_SURFACE('',(#2117),#2113,.T.);
#2113=PLANE('',#2114);
#2114=AXIS2_PLACEMENT_3D('',#188,#2115,#2116);
#2115=DIRECTION('',(0.6343773725323029,5.367667392525164E-07,-0.773023511426867));
#2116=DIRECTION('',(0.06097032196963639,0.9968846745532551,0.050035642094104535));
#2117=FACE_BOUND('',#2118,.T.);
#2118=EDGE_LOOP('',(#2119,#2120,#2121));
#2119=ORIENTED_EDGE('',*,*,#2122,.T.);
#2120=ORIENTED_EDGE('',*,*,#2123,.T.);
#2121=ORIENTED_EDGE('',*,*,#2124,.T.);
#2122=EDGE_CURVE('',#189,#195,#2125,.F.);
#2123=EDGE_CURVE('',#195,#197,#2126,.T.);
#2124=EDGE_CURVE('',#197,#189,#2127,.T.);
#2125=LINE('',#188,#2128);
#2126=LINE('',#194,#2129);
#2127=LINE('',#196,#2130);
#2128=VECTOR('',#2131,1.0);
#2129=VECTOR('',#2132,1.0);
#2130=VECTOR('',#2133,1.0);
#2131=DIRECTION('',(0.06097032196963639,0.9968846745532551,0.050035642094104535));
#2132=DIRECTION('',(7.342856896344936E-07,-0.9999999999997261,-9.17857112043117E-08));
#2133=DIRECTION('',(-0.7730235114269783,0,-0.6343773725323942));
#2134=FACE_SURFACE('',(#2139),#2135,.T.);
#2135=PLANE('',#2136);
#2136=AXIS2_PLACEMENT_3D('',#198,#2137,#2138);
#2137=DIRECTION('',(0.6343773725323568,3.4376539430029794E-07,-0.7730235114269327));
#2138=DIRECTION('',(-0.7730235114269783,0,-0.6343773725323942));
#2139=FACE_BOUND('',#2140,.T.);
#2140=EDGE_LOOP('',(#2141,#2142,#2143));
#2141=ORIENTED_EDGE('',*,*,#2144,.T.);
#2142=ORIENTED_EDGE('',*,*,#2145,.T.);
#2143=ORIENTED_EDGE('',*,*,#2146,.T.);
#2144=EDGE_CURVE('',#199,#185,#2147,.F.);
#2145=EDGE_CURVE('',#185,#183,#2148,.T.);
#2146=EDGE_CURVE('',#183,#199,#2149,.T.);
#2147=LINE('',#198,#2150);
#2148=LINE('',#184,#2151);
#2149=LINE('',#182,#2152);
#2150=VECTOR('',#2153,1.0);
#2151=VECTOR('',#2154,1.0);
#2152=VECTOR('',#2155,1.0);
#2153=DIRECTION('',(-0.7730235114269783,0,-0.6343773725323942));
#2154=DIRECTION('',(-4.2151111365418867E-07,0.9999999999999064,9.879166726270048E-08));
#2155=DIRECTION('',(0.008777192374671505,-0.9999355403043738,0.007202508605905615));
#2156=FACE_SURFACE('',(#2161),#2157,.T.);
#2157=PLANE('',#2158);
#2158=AXIS2_PLACEMENT_3D('',#198,#2159,#2160);
#2159=DIRECTION('',(0.6343750969720939,3.1034010041199736E-07,-0.7730253788470015));
#2160=DIRECTION('',(-0.008777192374671505,0.9999355403043738,-0.007202508605905615));
#2161=FACE_BOUND('',#2162,.T.);
#2162=EDGE_LOOP('',(#2163,#2164,#2165));
#2163=ORIENTED_EDGE('',*,*,#2166,.T.);
#2164=ORIENTED_EDGE('',*,*,#2167,.T.);
#2165=ORIENTED_EDGE('',*,*,#2168,.T.);
#2166=EDGE_CURVE('',#199,#183,#2169,.F.);
#2167=EDGE_CURVE('',#183,#201,#2170,.T.);
#2168=EDGE_CURVE('',#201,#199,#2171,.T.);
#2169=LINE('',#198,#2172);
#2170=LINE('',#182,#2173);
#2171=LINE('',#200,#2174);
#2172=VECTOR('',#2175,1.0);
#2173=VECTOR('',#2176,1.0);
#2174=VECTOR('',#2177,1.0);
#2175=DIRECTION('',(-0.008777192374671505,0.9999355403043738,-0.007202508605905615));
#2176=DIRECTION('',(0.7730253788470387,0,0.6343750969721244));
#2177=DIRECTION('',(3.6882222444742277E-07,-0.9999999999999272,-9.879166726270253E-08));
#2178=FACE_SURFACE('',(#2183),#2179,.T.);
#2179=PLANE('',#2180);
#2180=AXIS2_PLACEMENT_3D('',#196,#2181,#2182);
#2181=DIRECTION('',(0.7729976894938257,6.258308077834805E-07,-0.634408836663563));
#2182=DIRECTION('',(-7.342856896344936E-07,0.9999999999997261,9.17857112043117E-08));
#2183=FACE_BOUND('',#2184,.T.);
#2184=EDGE_LOOP('',(#2185,#2186,#2187));
#2185=ORIENTED_EDGE('',*,*,#2188,.T.);
#2186=ORIENTED_EDGE('',*,*,#2189,.T.);
#2187=ORIENTED_EDGE('',*,*,#2190,.T.);
#2188=EDGE_CURVE('',#197,#195,#2191,.F.);
#2189=EDGE_CURVE('',#195,#203,#2192,.T.);
#2190=EDGE_CURVE('',#203,#197,#2193,.T.);
#2191=LINE('',#196,#2194);
#2192=LINE('',#194,#2195);
#2193=LINE('',#202,#2196);
#2194=VECTOR('',#2197,1.0);
#2195=VECTOR('',#2198,1.0);
#2196=VECTOR('',#2199,1.0);
#2197=DIRECTION('',(-7.342856896344936E-07,0.9999999999997261,9.17857112043117E-08));
#2198=DIRECTION('',(0.6344088366636872,0,0.7729976894939772));
#2199=DIRECTION('',(-0.05003683405623809,-0.9968847236662548,-0.060968540727849255));
#2200=FACE_SURFACE('',(#2205),#2201,.T.);
#2201=PLANE('',#2202);
#2202=AXIS2_PLACEMENT_3D('',#196,#2203,#2204);
#2203=DIRECTION('',(0.7729979229477888,5.96716133017289E-07,-0.6344085522106779));
#2204=DIRECTION('',(0.05003683405623809,0.9968847236662548,0.060968540727849255));
#2205=FACE_BOUND('',#2206,.T.);
#2206=EDGE_LOOP('',(#2207,#2208,#2209));
#2207=ORIENTED_EDGE('',*,*,#2210,.T.);
#2208=ORIENTED_EDGE('',*,*,#2211,.T.);
#2209=ORIENTED_EDGE('',*,*,#2212,.T.);
#2210=EDGE_CURVE('',#197,#203,#2213,.F.);
#2211=EDGE_CURVE('',#203,#205,#2214,.T.);
#2212=EDGE_CURVE('',#205,#197,#2215,.T.);
#2213=LINE('',#196,#2216);
#2214=LINE('',#202,#2217);
#2215=LINE('',#204,#2218);
#2216=VECTOR('',#2219,1.0);
#2217=VECTOR('',#2220,1.0);
#2218=VECTOR('',#2221,1.0);
#2219=DIRECTION('',(0.05003683405623809,0.9968847236662548,0.060968540727849255));
#2220=DIRECTION('',(7.342856896344959E-07,-0.9999999999997293,-4.5892855602155996E-08));
#2221=DIRECTION('',(-0.6344085522107908,0,-0.7729979229479264));
#2222=FACE_SURFACE('',(#2227),#2223,.T.);
#2223=PLANE('',#2224);
#2224=AXIS2_PLACEMENT_3D('',#206,#2225,#2226);
#2225=DIRECTION('',(0.7729976894939304,3.4777303403208835E-07,-0.6344088366636488));
#2226=DIRECTION('',(-0.6344088366636872,0,-0.7729976894939772));
#2227=FACE_BOUND('',#2228,.T.);
#2228=EDGE_LOOP('',(#2229,#2230,#2231));
#2229=ORIENTED_EDGE('',*,*,#2232,.T.);
#2230=ORIENTED_EDGE('',*,*,#2233,.T.);
#2231=ORIENTED_EDGE('',*,*,#2234,.T.);
#2232=EDGE_CURVE('',#207,#199,#2235,.F.);
#2233=EDGE_CURVE('',#199,#201,#2236,.T.);
#2234=EDGE_CURVE('',#201,#207,#2237,.T.);
#2235=LINE('',#206,#2238);
#2236=LINE('',#198,#2239);
#2237=LINE('',#200,#2240);
#2238=VECTOR('',#2241,1.0);
#2239=VECTOR('',#2242,1.0);
#2240=VECTOR('',#2243,1.0);
#2241=DIRECTION('',(-0.6344088366636872,0,-0.7729976894939772));
#2242=DIRECTION('',(-3.6882222444742277E-07,0.9999999999999272,9.879166726270253E-08));
#2243=DIRECTION('',(0.007203265977195523,-0.9999355427100044,0.008776296742406145));
#2244=FACE_SURFACE('',(#2249),#2245,.T.);
#2245=PLANE('',#2246);
#2246=AXIS2_PLACEMENT_3D('',#206,#2247,#2248);
#2247=DIRECTION('',(0.7729979229478785,3.519513772734249E-07,-0.6344085522107515));
#2248=DIRECTION('',(-0.007203265977195523,0.9999355427100044,-0.008776296742406145));
#2249=FACE_BOUND('',#2250,.T.);
#2250=EDGE_LOOP('',(#2251,#2252,#2253));
#2251=ORIENTED_EDGE('',*,*,#2254,.T.);
#2252=ORIENTED_EDGE('',*,*,#2255,.T.);
#2253=ORIENTED_EDGE('',*,*,#2256,.T.);
#2254=EDGE_CURVE('',#207,#201,#2257,.F.);
#2255=EDGE_CURVE('',#201,#209,#2258,.T.);
#2256=EDGE_CURVE('',#209,#207,#2259,.T.);
#2257=LINE('',#206,#2260);
#2258=LINE('',#200,#2261);
#2259=LINE('',#208,#2262);
#2260=VECTOR('',#2263,1.0);
#2261=VECTOR('',#2264,1.0);
#2262=VECTOR('',#2265,1.0);
#2263=DIRECTION('',(-0.007203265977195523,0.9999355427100044,-0.008776296742406145));
#2264=DIRECTION('',(0.6344085522107908,0,0.7729979229479264));
#2265=DIRECTION('',(3.688222244474225E-07,-0.9999999999999264,-1.0537777841354929E-07));
#2266=FACE_SURFACE('',(#2271),#2267,.T.);
#2267=PLANE('',#2268);
#2268=AXIS2_PLACEMENT_3D('',#204,#2269,#2270);
#2269=DIRECTION('',(0.8819122145840018,6.692100380477891E-07,-0.47141366735288204));
#2270=DIRECTION('',(-7.342856896344959E-07,0.9999999999997293,4.5892855602155996E-08));
#2271=FACE_BOUND('',#2272,.T.);
#2272=EDGE_LOOP('',(#2273,#2274,#2275));
#2273=ORIENTED_EDGE('',*,*,#2276,.T.);
#2274=ORIENTED_EDGE('',*,*,#2277,.T.);
#2275=ORIENTED_EDGE('',*,*,#2278,.T.);
#2276=EDGE_CURVE('',#205,#203,#2279,.F.);
#2277=EDGE_CURVE('',#203,#211,#2280,.T.);
#2278=EDGE_CURVE('',#211,#205,#2281,.T.);
#2279=LINE('',#204,#2282);
#2280=LINE('',#202,#2283);
#2281=LINE('',#210,#2284);
#2282=VECTOR('',#2285,1.0);
#2283=VECTOR('',#2286,1.0);
#2284=VECTOR('',#2287,1.0);
#2285=DIRECTION('',(-7.342856896344959E-07,0.9999999999997293,4.5892855602155996E-08));
#2286=DIRECTION('',(0.47141366735298756,0,0.8819122145841993));
#2287=DIRECTION('',(-0.03718075093339219,-0.996884751335687,-0.06955849563076101));
#2288=FACE_SURFACE('',(#2293),#2289,.T.);
#2289=PLANE('',#2290);
#2290=AXIS2_PLACEMENT_3D('',#204,#2291,#2292);
#2291=DIRECTION('',(0.8819122145840018,6.692100380477891E-07,-0.47141366735288204));
#2292=DIRECTION('',(0.03718075093339219,0.996884751335687,0.06955849563076101));
#2293=FACE_BOUND('',#2294,.T.);
#2294=EDGE_LOOP('',(#2295,#2296,#2297));
#2295=ORIENTED_EDGE('',*,*,#2298,.T.);
#2296=ORIENTED_EDGE('',*,*,#2299,.T.);
#2297=ORIENTED_EDGE('',*,*,#2300,.T.);
#2298=EDGE_CURVE('',#205,#211,#2301,.F.);
#2299=EDGE_CURVE('',#211,#213,#2302,.T.);
#2300=EDGE_CURVE('',#213,#205,#2303,.T.);
#2301=LINE('',#204,#2304);
#2302=LINE('',#210,#2305);
#2303=LINE('',#212,#2306);
#2304=VECTOR('',#2307,1.0);
#2305=VECTOR('',#2308,1.0);
#2306=VECTOR('',#2309,1.0);
#2307=DIRECTION('',(0.03718075093339219,0.996884751335687,0.06955849563076101));
#2308=DIRECTION('',(7.342856896344959E-07,-0.9999999999997293,-4.5892855602155996E-08));
#2309=DIRECTION('',(-0.47141366735298756,0,-0.8819122145841993));
#2310=FACE_SURFACE('',(#2315),#2311,.T.);
#2311=PLANE('',#2312);
#2312=AXIS2_PLACEMENT_3D('',#214,#2313,#2314);
#2313=DIRECTION('',(0.8819124723937851,3.7494539399133594E-07,-0.47141318504698265));
#2314=DIRECTION('',(-0.4714131850470158,0,-0.8819124723938471));
#2315=FACE_BOUND('',#2316,.T.);
#2316=EDGE_LOOP('',(#2317,#2318,#2319));
#2317=ORIENTED_EDGE('',*,*,#2320,.T.);
#2318=ORIENTED_EDGE('',*,*,#2321,.T.);
#2319=ORIENTED_EDGE('',*,*,#2322,.T.);
#2320=EDGE_CURVE('',#215,#207,#2323,.F.);
#2321=EDGE_CURVE('',#207,#209,#2324,.T.);
#2322=EDGE_CURVE('',#209,#215,#2325,.T.);
#2323=LINE('',#214,#2326);
#2324=LINE('',#206,#2327);
#2325=LINE('',#208,#2328);
#2326=VECTOR('',#2329,1.0);
#2327=VECTOR('',#2330,1.0);
#2328=VECTOR('',#2331,1.0);
#2329=DIRECTION('',(-0.4714131850470158,0,-0.8819124723938471));
#2330=DIRECTION('',(-3.688222244474225E-07,0.9999999999999264,1.0537777841354929E-07));
#2331=DIRECTION('',(0.005352635357053298,-0.999935544169122,0.010012831863971434));
#2332=FACE_SURFACE('',(#2337),#2333,.T.);
#2333=PLANE('',#2334);
#2334=AXIS2_PLACEMENT_3D('',#214,#2335,#2336);
#2335=DIRECTION('',(0.8819122145841394,3.687357841073106E-07,-0.4714136673529556));
#2336=DIRECTION('',(-0.005352635357053298,0.999935544169122,-0.010012831863971434));
#2337=FACE_BOUND('',#2338,.T.);
#2338=EDGE_LOOP('',(#2339,#2340,#2341));
#2339=ORIENTED_EDGE('',*,*,#2342,.T.);
#2340=ORIENTED_EDGE('',*,*,#2343,.T.);
#2341=ORIENTED_EDGE('',*,*,#2344,.T.);
#2342=EDGE_CURVE('',#215,#209,#2345,.F.);
#2343=EDGE_CURVE('',#209,#217,#2346,.T.);
#2344=EDGE_CURVE('',#217,#215,#2347,.T.);
#2345=LINE('',#214,#2348);
#2346=LINE('',#208,#2349);
#2347=LINE('',#216,#2350);
#2348=VECTOR('',#2351,1.0);
#2349=VECTOR('',#2352,1.0);
#2350=VECTOR('',#2353,1.0);
#2351=DIRECTION('',(-0.005352635357053298,0.999935544169122,-0.010012831863971434));
#2352=DIRECTION('',(0.47141366735298756,0,0.8819122145841993));
#2353=DIRECTION('',(3.68822224447423E-07,-0.9999999999999277,-9.220555611185575E-08));
#2354=FACE_SURFACE('',(#2359),#2355,.T.);
#2355=PLANE('',#2356);
#2356=AXIS2_PLACEMENT_3D('',#212,#2357,#2358);
#2357=DIRECTION('',(0.956936928481413,7.159876007104706E-07,-0.29029590921686516));
#2358=DIRECTION('',(-7.342856896344959E-07,0.9999999999997293,4.5892855602155996E-08));
#2359=FACE_BOUND('',#2360,.T.);
#2360=EDGE_LOOP('',(#2361,#2362,#2363));
#2361=ORIENTED_EDGE('',*,*,#2364,.T.);
#2362=ORIENTED_EDGE('',*,*,#2365,.T.);
#2363=ORIENTED_EDGE('',*,*,#2366,.T.);
#2364=EDGE_CURVE('',#213,#211,#2367,.F.);
#2365=EDGE_CURVE('',#211,#219,#2368,.T.);
#2366=EDGE_CURVE('',#219,#213,#2369,.T.);
#2367=LINE('',#212,#2370);
#2368=LINE('',#210,#2371);
#2369=LINE('',#218,#2372);
#2370=VECTOR('',#2373,1.0);
#2371=VECTOR('',#2374,1.0);
#2372=VECTOR('',#2375,1.0);
#2373=DIRECTION('',(-7.342856896344959E-07,0.9999999999997293,4.5892855602155996E-08));
#2374=DIRECTION('',(0.29029590921693954,0,0.9569369284816583));
#2375=DIRECTION('',(-0.0228954405215,-0.9968847774241969,-0.07547542211366498));
#2376=FACE_SURFACE('',(#2381),#2377,.T.);
#2377=PLANE('',#2378);
#2378=AXIS2_PLACEMENT_3D('',#212,#2379,#2380);
#2379=DIRECTION('',(0.9569369040403455,7.226488424317807E-07,-0.29029598978483406));
#2380=DIRECTION('',(0.0228954405215,0.9968847774241969,0.07547542211366498));
#2381=FACE_BOUND('',#2382,.T.);
#2382=EDGE_LOOP('',(#2383,#2384,#2385));
#2383=ORIENTED_EDGE('',*,*,#2386,.T.);
#2384=ORIENTED_EDGE('',*,*,#2387,.T.);
#2385=ORIENTED_EDGE('',*,*,#2388,.T.);
#2386=EDGE_CURVE('',#213,#219,#2389,.F.);
#2387=EDGE_CURVE('',#219,#221,#2390,.T.);
#2388=EDGE_CURVE('',#221,#213,#2391,.T.);
#2389=LINE('',#212,#2392);
#2390=LINE('',#218,#2393);
#2391=LINE('',#220,#2394);
#2392=VECTOR('',#2395,1.0);
#2393=VECTOR('',#2396,1.0);
#2394=VECTOR('',#2397,1.0);
#2395=DIRECTION('',(0.0228954405215,0.9968847774241969,0.07547542211366498));
#2396=DIRECTION('',(7.34285689634495E-07,-0.999999999999728,-6.88392834032339E-08));
#2397=DIRECTION('',(-0.29029598978490984,0,-0.9569369040405954));
#2398=FACE_SURFACE('',(#2403),#2399,.T.);
#2399=PLANE('',#2400);
#2400=AXIS2_PLACEMENT_3D('',#222,#2401,#2402);
#2401=DIRECTION('',(0.956936879599443,3.797064991936455E-07,-0.2902960703529019));
#2402=DIRECTION('',(-0.2902960703529228,0,-0.956936879599512));
#2403=FACE_BOUND('',#2404,.T.);
#2404=EDGE_LOOP('',(#2405,#2406,#2407));
#2405=ORIENTED_EDGE('',*,*,#2408,.T.);
#2406=ORIENTED_EDGE('',*,*,#2409,.T.);
#2407=ORIENTED_EDGE('',*,*,#2410,.T.);
#2408=EDGE_CURVE('',#223,#215,#2411,.F.);
#2409=EDGE_CURVE('',#215,#217,#2412,.T.);
#2410=EDGE_CURVE('',#217,#223,#2413,.T.);
#2411=LINE('',#222,#2414);
#2412=LINE('',#214,#2415);
#2413=LINE('',#216,#2416);
#2414=VECTOR('',#2417,1.0);
#2415=VECTOR('',#2418,1.0);
#2416=VECTOR('',#2419,1.0);
#2417=DIRECTION('',(-0.2902960703529228,0,-0.956936879599512));
#2418=DIRECTION('',(-3.68822224447423E-07,0.9999999999999277,9.220555611185575E-08));
#2419=DIRECTION('',(0.003296267881356747,-0.9999355458420545,0.010864565320673257));
#2420=FACE_SURFACE('',(#2425),#2421,.T.);
#2421=PLANE('',#2422);
#2422=AXIS2_PLACEMENT_3D('',#222,#2423,#2424);
#2423=DIRECTION('',(0.9569369284815886,3.8161842348957313E-07,-0.2902959092169184));
#2424=DIRECTION('',(-0.003296267881356747,0.9999355458420545,-0.010864565320673257));
#2425=FACE_BOUND('',#2426,.T.);
#2426=EDGE_LOOP('',(#2427,#2428,#2429));
#2427=ORIENTED_EDGE('',*,*,#2430,.T.);
#2428=ORIENTED_EDGE('',*,*,#2431,.T.);
#2429=ORIENTED_EDGE('',*,*,#2432,.T.);
#2430=EDGE_CURVE('',#223,#217,#2433,.F.);
#2431=EDGE_CURVE('',#217,#225,#2434,.T.);
#2432=EDGE_CURVE('',#225,#223,#2435,.T.);
#2433=LINE('',#222,#2436);
#2434=LINE('',#216,#2437);
#2435=LINE('',#224,#2438);
#2436=VECTOR('',#2439,1.0);
#2437=VECTOR('',#2440,1.0);
#2438=VECTOR('',#2441,1.0);
#2439=DIRECTION('',(-0.003296267881356747,0.9999355458420545,-0.010864565320673257));
#2440=DIRECTION('',(0.29029590921693954,0,0.9569369284816583));
#2441=DIRECTION('',(3.6882222444742277E-07,-0.9999999999999272,-9.879166726270253E-08));
#2442=FACE_SURFACE('',(#2447),#2443,.T.);
#2443=PLANE('',#2444);
#2444=AXIS2_PLACEMENT_3D('',#220,#2445,#2446);
#2445=DIRECTION('',(0.9951844349604215,7.374973227249944E-07,-0.09802010208096533));
#2446=DIRECTION('',(-7.34285689634495E-07,0.999999999999728,6.88392834032339E-08));
#2447=FACE_BOUND('',#2448,.T.);
#2448=EDGE_LOOP('',(#2449,#2450,#2451));
#2449=ORIENTED_EDGE('',*,*,#2452,.T.);
#2450=ORIENTED_EDGE('',*,*,#2453,.T.);
#2451=ORIENTED_EDGE('',*,*,#2454,.T.);
#2452=EDGE_CURVE('',#221,#219,#2455,.F.);
#2453=EDGE_CURVE('',#219,#227,#2456,.T.);
#2454=EDGE_CURVE('',#227,#221,#2457,.T.);
#2455=LINE('',#220,#2458);
#2456=LINE('',#218,#2459);
#2457=LINE('',#226,#2460);
#2458=VECTOR('',#2461,1.0);
#2459=VECTOR('',#2462,1.0);
#2460=VECTOR('',#2463,1.0);
#2461=DIRECTION('',(-7.34285689634495E-07,0.999999999999728,6.88392834032339E-08));
#2462=DIRECTION('',(0.09802010208099197,0,0.9951844349606921));
#2463=DIRECTION('',(-0.007730267332964611,-0.9968847857244463,-0.07849182733307919));
#2464=FACE_SURFACE('',(#2469),#2465,.T.);
#2465=PLANE('',#2466);
#2466=AXIS2_PLACEMENT_3D('',#220,#2467,#2468);
#2467=DIRECTION('',(0.9951844349604215,7.374973227249944E-07,-0.09802010208096533));
#2468=DIRECTION('',(0.007730267332964611,0.9968847857244463,0.07849182733307919));
#2469=FACE_BOUND('',#2470,.T.);
#2470=EDGE_LOOP('',(#2471,#2472,#2473));
#2471=ORIENTED_EDGE('',*,*,#2474,.T.);
#2472=ORIENTED_EDGE('',*,*,#2475,.T.);
#2473=ORIENTED_EDGE('',*,*,#2476,.T.);
#2474=EDGE_CURVE('',#221,#227,#2477,.F.);
#2475=EDGE_CURVE('',#227,#229,#2478,.T.);
#2476=EDGE_CURVE('',#229,#221,#2479,.T.);
#2477=LINE('',#220,#2480);
#2478=LINE('',#226,#2481);
#2479=LINE('',#228,#2482);
#2480=VECTOR('',#2483,1.0);
#2481=VECTOR('',#2484,1.0);
#2482=VECTOR('',#2485,1.0);
#2483=DIRECTION('',(0.007730267332964611,0.9968847857244463,0.07849182733307919));
#2484=DIRECTION('',(7.34285689634495E-07,-0.999999999999728,-6.88392834032339E-08));
#2485=DIRECTION('',(-0.09802010208099197,0,-0.9951844349606921));
#2486=FACE_SURFACE('',(#2491),#2487,.T.);
#2487=PLANE('',#2488);
#2488=AXIS2_PLACEMENT_3D('',#230,#2489,#2490);
#2489=DIRECTION('',(0.9951844321740507,3.767297081147272E-07,-0.09802013037264427));
#2490=DIRECTION('',(-0.09802013037265124,0,-0.9951844321741214));
#2491=FACE_BOUND('',#2492,.T.);
#2492=EDGE_LOOP('',(#2493,#2494,#2495));
#2493=ORIENTED_EDGE('',*,*,#2496,.T.);
#2494=ORIENTED_EDGE('',*,*,#2497,.T.);
#2495=ORIENTED_EDGE('',*,*,#2498,.T.);
#2496=EDGE_CURVE('',#231,#223,#2499,.F.);
#2497=EDGE_CURVE('',#223,#225,#2500,.T.);
#2498=EDGE_CURVE('',#225,#231,#2501,.T.);
#2499=LINE('',#230,#2502);
#2500=LINE('',#222,#2503);
#2501=LINE('',#224,#2504);
#2502=VECTOR('',#2505,1.0);
#2503=VECTOR('',#2506,1.0);
#2504=VECTOR('',#2507,1.0);
#2505=DIRECTION('',(-0.09802013037265124,0,-0.9951844321741214));
#2506=DIRECTION('',(-3.6882222444742277E-07,0.9999999999999272,9.879166726270253E-08));
#2507=DIRECTION('',(0.0011132444725573526,-0.9999355471697866,0.011298769534948065));
#2508=FACE_SURFACE('',(#2513),#2509,.T.);
#2509=PLANE('',#2510);
#2510=AXIS2_PLACEMENT_3D('',#230,#2511,#2512);
#2511=DIRECTION('',(0.9951844321740507,3.767297081147272E-07,-0.09802013037264427));
#2512=DIRECTION('',(-0.0011132444725573526,0.9999355471697866,-0.011298769534948065));
#2513=FACE_BOUND('',#2514,.T.);
#2514=EDGE_LOOP('',(#2515,#2516,#2517));
#2515=ORIENTED_EDGE('',*,*,#2518,.T.);
#2516=ORIENTED_EDGE('',*,*,#2519,.T.);
#2517=ORIENTED_EDGE('',*,*,#2520,.T.);
#2518=EDGE_CURVE('',#231,#225,#2521,.F.);
#2519=EDGE_CURVE('',#225,#233,#2522,.T.);
#2520=EDGE_CURVE('',#233,#231,#2523,.T.);
#2521=LINE('',#230,#2524);
#2522=LINE('',#224,#2525);
#2523=LINE('',#232,#2526);
#2524=VECTOR('',#2527,1.0);
#2525=VECTOR('',#2528,1.0);
#2526=VECTOR('',#2529,1.0);
#2527=DIRECTION('',(-0.0011132444725573526,0.9999355471697866,-0.011298769534948065));
#2528=DIRECTION('',(0.09802013037265124,0,0.9951844321741214));
#2529=DIRECTION('',(3.6882222444742277E-07,-0.9999999999999272,-9.879166726270253E-08));
#2530=FACE_SURFACE('',(#2535),#2531,.T.);
#2531=PLANE('',#2532);
#2532=AXIS2_PLACEMENT_3D('',#228,#2533,#2534);
#2533=DIRECTION('',(0.9951844349604313,7.240020555522669E-07,0.09802010208096629));
#2534=DIRECTION('',(-7.34285689634495E-07,0.999999999999728,6.88392834032339E-08));
#2535=FACE_BOUND('',#2536,.T.);
#2536=EDGE_LOOP('',(#2537,#2538,#2539));
#2537=ORIENTED_EDGE('',*,*,#2540,.T.);
#2538=ORIENTED_EDGE('',*,*,#2541,.T.);
#2539=ORIENTED_EDGE('',*,*,#2542,.T.);
#2540=EDGE_CURVE('',#229,#227,#2543,.F.);
#2541=EDGE_CURVE('',#227,#235,#2544,.T.);
#2542=EDGE_CURVE('',#235,#229,#2545,.T.);
#2543=LINE('',#228,#2546);
#2544=LINE('',#226,#2547);
#2545=LINE('',#234,#2548);
#2546=VECTOR('',#2549,1.0);
#2547=VECTOR('',#2550,1.0);
#2548=VECTOR('',#2551,1.0);
#2549=DIRECTION('',(-7.34285689634495E-07,0.999999999999728,6.88392834032339E-08));
#2550=DIRECTION('',(-0.09802010208099197,0,0.9951844349606921));
#2551=DIRECTION('',(0.0077317312419204155,-0.9968847744415491,-0.07849182644469647));
#2552=FACE_SURFACE('',(#2557),#2553,.T.);
#2553=PLANE('',#2554);
#2554=AXIS2_PLACEMENT_3D('',#228,#2555,#2556);
#2555=DIRECTION('',(0.995184433567147,7.228774477953836E-07,0.09802011622679396));
#2556=DIRECTION('',(-0.0077317312419204155,0.9968847744415491,0.07849182644469647));
#2557=FACE_BOUND('',#2558,.T.);
#2558=EDGE_LOOP('',(#2559,#2560,#2561));
#2559=ORIENTED_EDGE('',*,*,#2562,.T.);
#2560=ORIENTED_EDGE('',*,*,#2563,.T.);
#2561=ORIENTED_EDGE('',*,*,#2564,.T.);
#2562=EDGE_CURVE('',#229,#235,#2565,.F.);
#2563=EDGE_CURVE('',#235,#237,#2566,.T.);
#2564=EDGE_CURVE('',#237,#229,#2567,.T.);
#2565=LINE('',#228,#2568);
#2566=LINE('',#234,#2569);
#2567=LINE('',#236,#2570);
#2568=VECTOR('',#2571,1.0);
#2569=VECTOR('',#2572,1.0);
#2570=VECTOR('',#2573,1.0);
#2571=DIRECTION('',(-0.0077317312419204155,0.9968847744415491,0.07849182644469647));
#2572=DIRECTION('',(7.342856896344944E-07,-0.9999999999997271,-8.031249730377282E-08));
#2573=DIRECTION('',(0.09802011622681958,0,-0.995184433567407));
#2574=FACE_SURFACE('',(#2579),#2575,.T.);
#2575=PLANE('',#2576);
#2576=AXIS2_PLACEMENT_3D('',#238,#2577,#2578);
#2577=DIRECTION('',(0.9951844349606284,3.5736256772781567E-07,0.0980201020809857));
#2578=DIRECTION('',(0.09802010208099197,0,-0.9951844349606921));
#2579=FACE_BOUND('',#2580,.T.);
#2580=EDGE_LOOP('',(#2581,#2582,#2583));
#2581=ORIENTED_EDGE('',*,*,#2584,.T.);
#2582=ORIENTED_EDGE('',*,*,#2585,.T.);
#2583=ORIENTED_EDGE('',*,*,#2586,.T.);
#2584=EDGE_CURVE('',#239,#231,#2587,.F.);
#2585=EDGE_CURVE('',#231,#233,#2588,.T.);
#2586=EDGE_CURVE('',#233,#239,#2589,.T.);
#2587=LINE('',#238,#2590);
#2588=LINE('',#230,#2591);
#2589=LINE('',#232,#2592);
#2590=VECTOR('',#2593,1.0);
#2591=VECTOR('',#2594,1.0);
#2592=VECTOR('',#2595,1.0);
#2593=DIRECTION('',(0.09802010208099197,0,-0.9951844349606921));
#2594=DIRECTION('',(-3.6882222444742277E-07,0.9999999999999272,9.879166726270253E-08));
#2595=DIRECTION('',(-0.0011125068765235444,-0.9999355479533847,0.011298772836645661));
#2596=FACE_SURFACE('',(#2601),#2597,.T.);
#2597=PLANE('',#2598);
#2598=AXIS2_PLACEMENT_3D('',#238,#2599,#2600);
#2599=DIRECTION('',(0.9951844349606284,3.5736256772781567E-07,0.0980201020809857));
#2600=DIRECTION('',(0.0011125068765235444,0.9999355479533847,-0.011298772836645661));
#2601=FACE_BOUND('',#2602,.T.);
#2602=EDGE_LOOP('',(#2603,#2604,#2605));
#2603=ORIENTED_EDGE('',*,*,#2606,.T.);
#2604=ORIENTED_EDGE('',*,*,#2607,.T.);
#2605=ORIENTED_EDGE('',*,*,#2608,.T.);
#2606=EDGE_CURVE('',#239,#233,#2609,.F.);
#2607=EDGE_CURVE('',#233,#241,#2610,.T.);
#2608=EDGE_CURVE('',#241,#239,#2611,.T.);
#2609=LINE('',#238,#2612);
#2610=LINE('',#232,#2613);
#2611=LINE('',#240,#2614);
#2612=VECTOR('',#2615,1.0);
#2613=VECTOR('',#2616,1.0);
#2614=VECTOR('',#2617,1.0);
#2615=DIRECTION('',(0.0011125068765235444,0.9999355479533847,-0.011298772836645661));
#2616=DIRECTION('',(-0.09802010208099197,0,0.9951844349606921));
#2617=DIRECTION('',(3.6882222444742277E-07,-0.9999999999999272,-9.879166726270253E-08));
#2618=FACE_SURFACE('',(#2623),#2619,.T.);
#2619=PLANE('',#2620);
#2620=AXIS2_PLACEMENT_3D('',#234,#2621,#2622);
#2621=DIRECTION('',(0.9569369040403746,6.793506786232784E-07,0.2902959897848429));
#2622=DIRECTION('',(-0.29029598978490984,0,0.9569369040405954));
#2623=FACE_BOUND('',#2624,.T.);
#2624=EDGE_LOOP('',(#2625,#2626,#2627));
#2625=ORIENTED_EDGE('',*,*,#2628,.T.);
#2626=ORIENTED_EDGE('',*,*,#2629,.T.);
#2627=ORIENTED_EDGE('',*,*,#2630,.T.);
#2628=EDGE_CURVE('',#235,#243,#2631,.F.);
#2629=EDGE_CURVE('',#243,#245,#2632,.T.);
#2630=EDGE_CURVE('',#245,#235,#2633,.T.);
#2631=LINE('',#234,#2634);
#2632=LINE('',#242,#2635);
#2633=LINE('',#244,#2636);
#2634=VECTOR('',#2637,1.0);
#2635=VECTOR('',#2638,1.0);
#2636=VECTOR('',#2639,1.0);
#2637=DIRECTION('',(-0.29029598978490984,0,0.9569369040405954));
#2638=DIRECTION('',(7.342856896344944E-07,-0.9999999999997271,-8.031249730377282E-08));
#2639=DIRECTION('',(0.022895440778437526,0.9968847886114509,-0.0754752742735249));
#2640=FACE_SURFACE('',(#2645),#2641,.T.);
#2641=PLANE('',#2642);
#2642=AXIS2_PLACEMENT_3D('',#234,#2643,#2644);
#2643=DIRECTION('',(0.9569369040403746,6.793506786232784E-07,0.2902959897848429));
#2644=DIRECTION('',(-0.022895440778437526,-0.9968847886114509,0.0754752742735249));
#2645=FACE_BOUND('',#2646,.T.);
#2646=EDGE_LOOP('',(#2647,#2648,#2649));
#2647=ORIENTED_EDGE('',*,*,#2650,.T.);
#2648=ORIENTED_EDGE('',*,*,#2651,.T.);
#2649=ORIENTED_EDGE('',*,*,#2652,.T.);
#2650=EDGE_CURVE('',#235,#245,#2653,.F.);
#2651=EDGE_CURVE('',#245,#237,#2654,.T.);
#2652=EDGE_CURVE('',#237,#235,#2655,.T.);
#2653=LINE('',#234,#2656);
#2654=LINE('',#244,#2657);
#2655=LINE('',#236,#2658);
#2656=VECTOR('',#2659,1.0);
#2657=VECTOR('',#2660,1.0);
#2658=VECTOR('',#2661,1.0);
#2659=DIRECTION('',(-0.022895440778437526,-0.9968847886114509,0.0754752742735249));
#2660=DIRECTION('',(0.29029598978490984,0,-0.9569369040405954));
#2661=DIRECTION('',(-7.342856896344944E-07,0.9999999999997271,8.031249730377282E-08));
#2662=FACE_SURFACE('',(#2667),#2663,.T.);
#2663=PLANE('',#2664);
#2664=AXIS2_PLACEMENT_3D('',#246,#2665,#2666);
#2665=DIRECTION('',(0.9569369284816079,3.242607897474125E-07,0.2902959092169243));
#2666=DIRECTION('',(0.29029590921693954,0,-0.9569369284816583));
#2667=FACE_BOUND('',#2668,.T.);
#2668=EDGE_LOOP('',(#2669,#2670,#2671));
#2669=ORIENTED_EDGE('',*,*,#2672,.T.);
#2670=ORIENTED_EDGE('',*,*,#2673,.T.);
#2671=ORIENTED_EDGE('',*,*,#2674,.T.);
#2672=EDGE_CURVE('',#247,#239,#2675,.F.);
#2673=EDGE_CURVE('',#239,#241,#2676,.T.);
#2674=EDGE_CURVE('',#241,#247,#2677,.T.);
#2675=LINE('',#246,#2678);
#2676=LINE('',#238,#2679);
#2677=LINE('',#240,#2680);
#2678=VECTOR('',#2681,1.0);
#2679=VECTOR('',#2682,1.0);
#2680=VECTOR('',#2683,1.0);
#2681=DIRECTION('',(0.29029590921693954,0,-0.9569369284816583));
#2682=DIRECTION('',(-3.6882222444742277E-07,0.9999999999999272,9.879166726270253E-08));
#2683=DIRECTION('',(-0.003295530292463686,-0.9999355482729426,0.010864565347085502));
#2684=FACE_SURFACE('',(#2689),#2685,.T.);
#2685=PLANE('',#2686);
#2686=AXIS2_PLACEMENT_3D('',#246,#2687,#2688);
#2687=DIRECTION('',(0.9569369040405448,3.252167336012454E-07,0.2902959897848945));
#2688=DIRECTION('',(0.003295530292463686,0.9999355482729426,-0.010864565347085502));
#2689=FACE_BOUND('',#2690,.T.);
#2690=EDGE_LOOP('',(#2691,#2692,#2693));
#2691=ORIENTED_EDGE('',*,*,#2694,.T.);
#2692=ORIENTED_EDGE('',*,*,#2695,.T.);
#2693=ORIENTED_EDGE('',*,*,#2696,.T.);
#2694=EDGE_CURVE('',#247,#241,#2697,.F.);
#2695=EDGE_CURVE('',#241,#249,#2698,.T.);
#2696=EDGE_CURVE('',#249,#247,#2699,.T.);
#2697=LINE('',#246,#2700);
#2698=LINE('',#240,#2701);
#2699=LINE('',#248,#2702);
#2700=VECTOR('',#2703,1.0);
#2701=VECTOR('',#2704,1.0);
#2702=VECTOR('',#2705,1.0);
#2703=DIRECTION('',(0.003295530292463686,0.9999355482729426,-0.010864565347085502));
#2704=DIRECTION('',(-0.29029598978490984,0,0.9569369040405954));
#2705=DIRECTION('',(3.688222244474229E-07,-0.9999999999999274,-9.549861168727914E-08));
#2706=FACE_SURFACE('',(#2711),#2707,.T.);
#2707=PLANE('',#2708);
#2708=AXIS2_PLACEMENT_3D('',#244,#2709,#2710);
#2709=DIRECTION('',(0.8819123434889582,6.097152238154948E-07,0.47141342619980836));
#2710=DIRECTION('',(-7.342856896344944E-07,0.9999999999997271,8.031249730377282E-08));
#2711=FACE_BOUND('',#2712,.T.);
#2712=EDGE_LOOP('',(#2713,#2714,#2715));
#2713=ORIENTED_EDGE('',*,*,#2716,.T.);
#2714=ORIENTED_EDGE('',*,*,#2717,.T.);
#2715=ORIENTED_EDGE('',*,*,#2718,.T.);
#2716=EDGE_CURVE('',#245,#243,#2719,.F.);
#2717=EDGE_CURVE('',#243,#251,#2720,.T.);
#2718=EDGE_CURVE('',#251,#245,#2721,.T.);
#2719=LINE('',#244,#2722);
#2720=LINE('',#242,#2723);
#2721=LINE('',#250,#2724);
#2722=VECTOR('',#2725,1.0);
#2723=VECTOR('',#2726,1.0);
#2724=VECTOR('',#2727,1.0);
#2725=DIRECTION('',(-7.342856896344944E-07,0.9999999999997271,8.031249730377282E-08));
#2726=DIRECTION('',(-0.4714134261998959,0,0.8819123434891221));
#2727=DIRECTION('',(0.037182212698778014,-0.996884691520041,-0.06955857151937168));
#2728=FACE_SURFACE('',(#2733),#2729,.T.);
#2729=PLANE('',#2730);
#2730=AXIS2_PLACEMENT_3D('',#244,#2731,#2732);
#2731=DIRECTION('',(0.881912375715155,6.15123878703307E-07,0.47141336591156685));
#2732=DIRECTION('',(-0.037182212698778014,0.996884691520041,0.06955857151937168));
#2733=FACE_BOUND('',#2734,.T.);
#2734=EDGE_LOOP('',(#2735,#2736,#2737));
#2735=ORIENTED_EDGE('',*,*,#2738,.T.);
#2736=ORIENTED_EDGE('',*,*,#2739,.T.);
#2737=ORIENTED_EDGE('',*,*,#2740,.T.);
#2738=EDGE_CURVE('',#245,#251,#2741,.F.);
#2739=EDGE_CURVE('',#251,#253,#2742,.T.);
#2740=EDGE_CURVE('',#253,#245,#2743,.T.);
#2741=LINE('',#244,#2744);
#2742=LINE('',#250,#2745);
#2743=LINE('',#252,#2746);
#2744=VECTOR('',#2747,1.0);
#2745=VECTOR('',#2748,1.0);
#2746=VECTOR('',#2749,1.0);
#2747=DIRECTION('',(-0.037182212698778014,0.996884691520041,0.06955857151937168));
#2748=DIRECTION('',(7.34285689634495E-07,-0.999999999999728,-6.88392834032339E-08));
#2749=DIRECTION('',(0.4714133659116561,0,-0.8819123757153219));
#2750=FACE_SURFACE('',(#2755),#2751,.T.);
#2751=PLANE('',#2752);
#2752=AXIS2_PLACEMENT_3D('',#254,#2753,#2754);
#2753=DIRECTION('',(0.8819122790366507,2.8024950927409203E-07,0.4714135467763968));
#2754=DIRECTION('',(0.47141354677641534,0,-0.8819122790366855));
#2755=FACE_BOUND('',#2756,.T.);
#2756=EDGE_LOOP('',(#2757,#2758,#2759));
#2757=ORIENTED_EDGE('',*,*,#2760,.T.);
#2758=ORIENTED_EDGE('',*,*,#2761,.T.);
#2759=ORIENTED_EDGE('',*,*,#2762,.T.);
#2760=EDGE_CURVE('',#255,#247,#2763,.F.);
#2761=EDGE_CURVE('',#247,#249,#2764,.T.);
#2762=EDGE_CURVE('',#249,#255,#2765,.T.);
#2763=LINE('',#254,#2766);
#2764=LINE('',#246,#2767);
#2765=LINE('',#248,#2768);
#2766=VECTOR('',#2769,1.0);
#2767=VECTOR('',#2770,1.0);
#2768=VECTOR('',#2771,1.0);
#2769=DIRECTION('',(0.47141354677641534,0,-0.8819122790366855));
#2770=DIRECTION('',(-3.688222244474229E-07,0.9999999999999274,9.549861168727914E-08));
#2771=DIRECTION('',(-0.005351897781278193,-0.999935548116683,0.010012831903500247));
#2772=FACE_SURFACE('',(#2777),#2773,.T.);
#2773=PLANE('',#2774);
#2774=AXIS2_PLACEMENT_3D('',#254,#2775,#2776);
#2775=DIRECTION('',(0.8819123434890878,2.7869715394899636E-07,0.47141342619987764));
#2776=DIRECTION('',(0.005351897781278193,0.999935548116683,-0.010012831903500247));
#2777=FACE_BOUND('',#2778,.T.);
#2778=EDGE_LOOP('',(#2779,#2780,#2781));
#2779=ORIENTED_EDGE('',*,*,#2782,.T.);
#2780=ORIENTED_EDGE('',*,*,#2783,.T.);
#2781=ORIENTED_EDGE('',*,*,#2784,.T.);
#2782=EDGE_CURVE('',#255,#249,#2785,.F.);
#2783=EDGE_CURVE('',#249,#257,#2786,.T.);
#2784=EDGE_CURVE('',#257,#255,#2787,.T.);
#2785=LINE('',#254,#2788);
#2786=LINE('',#248,#2789);
#2787=LINE('',#256,#2790);
#2788=VECTOR('',#2791,1.0);
#2789=VECTOR('',#2792,1.0);
#2790=VECTOR('',#2793,1.0);
#2791=DIRECTION('',(0.005351897781278193,0.999935548116683,-0.010012831903500247));
#2792=DIRECTION('',(-0.4714134261998959,0,0.8819123434891221));
#2793=DIRECTION('',(3.6882222444742277E-07,-0.9999999999999272,-9.879166726270253E-08));
#2794=FACE_SURFACE('',(#2799),#2795,.T.);
#2795=PLANE('',#2796);
#2796=AXIS2_PLACEMENT_3D('',#258,#2797,#2798);
#2797=DIRECTION('',(0.773020365139597,3.478217993998685E-07,0.634381206436101));
#2798=DIRECTION('',(-0.6343812064361394,0,0.7730203651396438));
#2799=FACE_BOUND('',#2800,.T.);
#2800=EDGE_LOOP('',(#2801,#2802,#2803));
#2801=ORIENTED_EDGE('',*,*,#2804,.T.);
#2802=ORIENTED_EDGE('',*,*,#2805,.T.);
#2803=ORIENTED_EDGE('',*,*,#2806,.T.);
#2804=EDGE_CURVE('',#259,#261,#2807,.F.);
#2805=EDGE_CURVE('',#261,#263,#2808,.T.);
#2806=EDGE_CURVE('',#263,#259,#2809,.T.);
#2807=LINE('',#258,#2810);
#2808=LINE('',#260,#2811);
#2809=LINE('',#262,#2812);
#2810=VECTOR('',#2813,1.0);
#2811=VECTOR('',#2814,1.0);
#2812=VECTOR('',#2815,1.0);
#2813=DIRECTION('',(-0.6343812064361394,0,0.7730203651396438));
#2814=DIRECTION('',(5.161339605048428E-07,-0.9999999999998636,-8.064593132888169E-08));
#2815=DIRECTION('',(0.002601551347193365,0.999991589423117,-0.003170648768917219));
#2816=FACE_SURFACE('',(#2821),#2817,.T.);
#2817=PLANE('',#2818);
#2818=AXIS2_PLACEMENT_3D('',#262,#2819,#2820);
#2819=DIRECTION('',(0.7729981564015425,2.2242464904072932E-07,0.634408267758048));
#2820=DIRECTION('',(0.6344082677580637,0,-0.7729981564015616));
#2821=FACE_BOUND('',#2822,.T.);
#2822=EDGE_LOOP('',(#2823,#2824,#2825));
#2823=ORIENTED_EDGE('',*,*,#2826,.T.);
#2824=ORIENTED_EDGE('',*,*,#2827,.T.);
#2825=ORIENTED_EDGE('',*,*,#2828,.T.);
#2826=EDGE_CURVE('',#263,#255,#2829,.F.);
#2827=EDGE_CURVE('',#255,#257,#2830,.T.);
#2828=EDGE_CURVE('',#257,#263,#2831,.T.);
#2829=LINE('',#262,#2832);
#2830=LINE('',#254,#2833);
#2831=LINE('',#256,#2834);
#2832=VECTOR('',#2835,1.0);
#2833=VECTOR('',#2836,1.0);
#2834=VECTOR('',#2837,1.0);
#2835=DIRECTION('',(0.6344082677580637,0,-0.7729981564015616));
#2836=DIRECTION('',(-3.6882222444742277E-07,0.9999999999999272,9.879166726270253E-08));
#2837=DIRECTION('',(-0.0072025284177264495,-0.9999355479069081,0.008776309959391979));
#2838=FACE_SURFACE('',(#2843),#2839,.T.);
#2839=PLANE('',#2840);
#2840=AXIS2_PLACEMENT_3D('',#256,#2841,#2842);
#2841=DIRECTION('',(0.7729955305995275,2.2375264313963154E-07,0.6344114671670942));
#2842=DIRECTION('',(-0.6344114671671099,0,0.7729955305995468));
#2843=FACE_BOUND('',#2844,.T.);
#2844=EDGE_LOOP('',(#2845,#2846,#2847));
#2845=ORIENTED_EDGE('',*,*,#2848,.T.);
#2846=ORIENTED_EDGE('',*,*,#2849,.T.);
#2847=ORIENTED_EDGE('',*,*,#2850,.T.);
#2848=EDGE_CURVE('',#257,#265,#2851,.F.);
#2849=EDGE_CURVE('',#265,#267,#2852,.T.);
#2850=EDGE_CURVE('',#267,#257,#2853,.T.);
#2851=LINE('',#256,#2854);
#2852=LINE('',#264,#2855);
#2853=LINE('',#266,#2856);
#2854=VECTOR('',#2857,1.0);
#2855=VECTOR('',#2858,1.0);
#2856=VECTOR('',#2859,1.0);
#2857=DIRECTION('',(-0.6344114671671099,0,0.7729955305995468));
#2858=DIRECTION('',(3.8930974894870964E-07,-0.9999999999999168,-1.2165929654647176E-07));
#2859=DIRECTION('',(0.02658866375076522,0.9991213468638674,-0.032397178903110814));
#2860=FACE_SURFACE('',(#2865),#2861,.T.);
#2861=PLANE('',#2862);
#2862=AXIS2_PLACEMENT_3D('',#256,#2863,#2864);
#2863=DIRECTION('',(0.7729966109261619,1.5232035243887798E-07,0.6344101508461577));
#2864=DIRECTION('',(-0.02658866375076522,-0.9991213468638674,0.032397178903110814));
#2865=FACE_BOUND('',#2866,.T.);
#2866=EDGE_LOOP('',(#2867,#2868,#2869));
#2867=ORIENTED_EDGE('',*,*,#2870,.T.);
#2868=ORIENTED_EDGE('',*,*,#2871,.T.);
#2869=ORIENTED_EDGE('',*,*,#2872,.T.);
#2870=EDGE_CURVE('',#257,#267,#2873,.F.);
#2871=EDGE_CURVE('',#267,#269,#2874,.T.);
#2872=EDGE_CURVE('',#269,#257,#2875,.T.);
#2873=LINE('',#256,#2876);
#2874=LINE('',#266,#2877);
#2875=LINE('',#268,#2878);
#2876=VECTOR('',#2879,1.0);
#2877=VECTOR('',#2880,1.0);
#2878=VECTOR('',#2881,1.0);
#2879=DIRECTION('',(-0.02658866375076522,-0.9991213468638674,0.032397178903110814));
#2880=DIRECTION('',(0.634410150846165,0,-0.7729966109261709));
#2881=DIRECTION('',(0.02463114501401904,0.9992460077756783,-0.030012041577797435));
#2882=FACE_SURFACE('',(#2887),#2883,.T.);
#2883=PLANE('',#2884);
#2884=AXIS2_PLACEMENT_3D('',#258,#2885,#2886);
#2885=DIRECTION('',(0.7729746280662222,6.435070170041713E-07,0.6344369349001296));
#2886=DIRECTION('',(-0.002601551347193365,-0.999991589423117,0.003170648768917219));
#2887=FACE_BOUND('',#2888,.T.);
#2888=EDGE_LOOP('',(#2889,#2890,#2891));
#2889=ORIENTED_EDGE('',*,*,#2892,.T.);
#2890=ORIENTED_EDGE('',*,*,#2893,.T.);
#2891=ORIENTED_EDGE('',*,*,#2894,.T.);
#2892=EDGE_CURVE('',#259,#263,#2895,.F.);
#2893=EDGE_CURVE('',#263,#257,#2896,.T.);
#2894=EDGE_CURVE('',#257,#259,#2897,.T.);
#2895=LINE('',#258,#2898);
#2896=LINE('',#262,#2899);
#2897=LINE('',#256,#2900);
#2898=VECTOR('',#2901,1.0);
#2899=VECTOR('',#2902,1.0);
#2900=VECTOR('',#2903,1.0);
#2901=DIRECTION('',(-0.002601551347193365,-0.999991589423117,0.003170648768917219));
#2902=DIRECTION('',(0.0072025284177264495,0.9999355479069081,-0.008776309959391979));
#2903=DIRECTION('',(-0.008382735641412224,-0.9999126958029914,0.01021423101171485));
#2904=FACE_SURFACE('',(#2909),#2905,.T.);
#2905=PLANE('',#2906);
#2906=AXIS2_PLACEMENT_3D('',#270,#2907,#2908);
#2907=DIRECTION('',(0.7729895121452675,2.4971840915140586E-07,0.6344188002521354));
#2908=DIRECTION('',(3.818114202850011E-07,-0.9999999999999246,-7.15896413034377E-08));
#2909=FACE_BOUND('',#2910,.T.);
#2910=EDGE_LOOP('',(#2911,#2912,#2913));
#2911=ORIENTED_EDGE('',*,*,#2914,.T.);
#2912=ORIENTED_EDGE('',*,*,#2915,.T.);
#2913=ORIENTED_EDGE('',*,*,#2916,.T.);
#2914=EDGE_CURVE('',#271,#273,#2917,.F.);
#2915=EDGE_CURVE('',#273,#275,#2918,.T.);
#2916=EDGE_CURVE('',#275,#271,#2919,.T.);
#2917=LINE('',#270,#2920);
#2918=LINE('',#272,#2921);
#2919=LINE('',#274,#2922);
#2920=VECTOR('',#2923,1.0);
#2921=VECTOR('',#2924,1.0);
#2922=VECTOR('',#2925,1.0);
#2923=DIRECTION('',(3.818114202850011E-07,-0.9999999999999246,-7.15896413034377E-08));
#2924=DIRECTION('',(0.6344188002521552,0,-0.7729895121452917));
#2925=DIRECTION('',(-0.0038504972587837375,0.9999815832917138,0.004691135071329805));
#2926=FACE_SURFACE('',(#2931),#2927,.T.);
#2927=PLANE('',#2928);
#2928=AXIS2_PLACEMENT_3D('',#274,#2929,#2930);
#2929=DIRECTION('',(0.7730079419811036,-5.041729166338178E-08,0.6343963442786666));
#2930=DIRECTION('',(0,-0.9999999999999969,-7.947285970052059E-08));
#2931=FACE_BOUND('',#2932,.T.);
#2932=EDGE_LOOP('',(#2933,#2934,#2935));
#2933=ORIENTED_EDGE('',*,*,#2936,.T.);
#2934=ORIENTED_EDGE('',*,*,#2937,.T.);
#2935=ORIENTED_EDGE('',*,*,#2938,.T.);
#2936=EDGE_CURVE('',#275,#259,#2939,.F.);
#2937=EDGE_CURVE('',#259,#257,#2940,.T.);
#2938=EDGE_CURVE('',#257,#275,#2941,.T.);
#2939=LINE('',#274,#2942);
#2940=LINE('',#258,#2943);
#2941=LINE('',#256,#2944);
#2942=VECTOR('',#2945,1.0);
#2943=VECTOR('',#2946,1.0);
#2944=VECTOR('',#2947,1.0);
#2945=DIRECTION('',(0,-0.9999999999999969,-7.947285970052059E-08));
#2946=DIRECTION('',(0.008382735641412224,0.9999126958029914,-0.01021423101171485));
#2947=DIRECTION('',(-0.00935692016082356,-0.999891223642391,0.011401268702480274));
#2948=FACE_SURFACE('',(#2953),#2949,.T.);
#2949=PLANE('',#2950);
#2950=AXIS2_PLACEMENT_3D('',#256,#2951,#2952);
#2951=DIRECTION('',(0.7729999211752347,-5.041806836557512E-08,0.6344061174540157));
#2952=DIRECTION('',(-0.02463114501401904,-0.9992460077756783,0.030012041577797435));
#2953=FACE_BOUND('',#2954,.T.);
#2954=EDGE_LOOP('',(#2955,#2956,#2957));
#2955=ORIENTED_EDGE('',*,*,#2958,.T.);
#2956=ORIENTED_EDGE('',*,*,#2959,.T.);
#2957=ORIENTED_EDGE('',*,*,#2960,.T.);
#2958=EDGE_CURVE('',#257,#269,#2961,.F.);
#2959=EDGE_CURVE('',#269,#277,#2962,.T.);
#2960=EDGE_CURVE('',#277,#257,#2963,.T.);
#2961=LINE('',#256,#2964);
#2962=LINE('',#268,#2965);
#2963=LINE('',#276,#2966);
#2964=VECTOR('',#2967,1.0);
#2965=VECTOR('',#2968,1.0);
#2966=VECTOR('',#2969,1.0);
#2967=DIRECTION('',(-0.02463114501401904,-0.9992460077756783,0.030012041577797435));
#2968=DIRECTION('',(0,-0.9999999999999969,-7.947285970052059E-08));
#2969=DIRECTION('',(0.01886348171442795,0.9995578463442264,-0.0229843614073037));
#2970=FACE_SURFACE('',(#2975),#2971,.T.);
#2971=PLANE('',#2972);
#2972=AXIS2_PLACEMENT_3D('',#276,#2973,#2974);
#2973=DIRECTION('',(0.7729966109261469,2.487441778796711E-07,0.6344101508461454));
#2974=DIRECTION('',(-0.634410150846165,0,0.7729966109261709));
#2975=FACE_BOUND('',#2976,.T.);
#2976=EDGE_LOOP('',(#2977,#2978,#2979));
#2977=ORIENTED_EDGE('',*,*,#2980,.T.);
#2978=ORIENTED_EDGE('',*,*,#2981,.T.);
#2979=ORIENTED_EDGE('',*,*,#2982,.T.);
#2980=EDGE_CURVE('',#277,#279,#2983,.F.);
#2981=EDGE_CURVE('',#279,#281,#2984,.T.);
#2982=EDGE_CURVE('',#281,#277,#2985,.T.);
#2983=LINE('',#276,#2986);
#2984=LINE('',#278,#2987);
#2985=LINE('',#280,#2988);
#2986=VECTOR('',#2989,1.0);
#2987=VECTOR('',#2990,1.0);
#2988=VECTOR('',#2991,1.0);
#2989=DIRECTION('',(-0.634410150846165,0,0.7729966109261709));
#2990=DIRECTION('',(3.803167810595873E-07,-0.9999999999999251,-7.130939644867262E-08));
#2991=DIRECTION('',(0.0038335231560707767,0.9999817411479635,-0.004671345726787435));
#2992=FACE_SURFACE('',(#2997),#2993,.T.);
#2993=PLANE('',#2994);
#2994=AXIS2_PLACEMENT_3D('',#276,#2995,#2996);
#2995=DIRECTION('',(0.7729776326292135,4.2951855649231604E-07,0.6344332742335889));
#2996=DIRECTION('',(-0.0038335231560707767,-0.9999817411479635,0.004671345726787435));
#2997=FACE_BOUND('',#2998,.T.);
#2998=EDGE_LOOP('',(#2999,#3000,#3001));
#2999=ORIENTED_EDGE('',*,*,#3002,.T.);
#3000=ORIENTED_EDGE('',*,*,#3003,.T.);
#3001=ORIENTED_EDGE('',*,*,#3004,.T.);
#3002=EDGE_CURVE('',#277,#281,#3005,.F.);
#3003=EDGE_CURVE('',#281,#283,#3006,.T.);
#3004=EDGE_CURVE('',#283,#277,#3007,.T.);
#3005=LINE('',#276,#3008);
#3006=LINE('',#280,#3009);
#3007=LINE('',#282,#3010);
#3008=VECTOR('',#3011,1.0);
#3009=VECTOR('',#3012,1.0);
#3010=VECTOR('',#3013,1.0);
#3011=DIRECTION('',(-0.0038335231560707767,-0.9999817411479635,0.004671345726787435));
#3012=DIRECTION('',(0.6344332742336474,0,-0.7729776326292848));
#3013=DIRECTION('',(-1.1409503431778146E-06,0.9999999999990948,7.130939644861341E-07));
#3014=FACE_SURFACE('',(#3019),#3015,.T.);
#3015=PLANE('',#3016);
#3016=AXIS2_PLACEMENT_3D('',#284,#3017,#3018);
#3017=DIRECTION('',(0.7730084896173074,4.3126881834019874E-07,0.6343956769866762));
#3018=DIRECTION('',(-0.6343956769867352,0,0.7730084896173793));
#3019=FACE_BOUND('',#3020,.T.);
#3020=EDGE_LOOP('',(#3021,#3022,#3023));
#3021=ORIENTED_EDGE('',*,*,#3024,.T.);
#3022=ORIENTED_EDGE('',*,*,#3025,.T.);
#3023=ORIENTED_EDGE('',*,*,#3026,.T.);
#3024=EDGE_CURVE('',#285,#271,#3027,.F.);
#3025=EDGE_CURVE('',#271,#275,#3028,.T.);
#3026=EDGE_CURVE('',#275,#285,#3029,.T.);
#3027=LINE('',#284,#3030);
#3028=LINE('',#270,#3031);
#3029=LINE('',#274,#3032);
#3030=VECTOR('',#3033,1.0);
#3031=VECTOR('',#3034,1.0);
#3032=VECTOR('',#3035,1.0);
#3033=DIRECTION('',(-0.6343956769867352,0,0.7730084896173793));
#3034=DIRECTION('',(0.0038504972587837375,-0.9999815832917138,-0.004691135071329805));
#3035=DIRECTION('',(-1.1454342608540447E-06,0.9999999999990877,7.158964130337779E-07));
#3036=FACE_SURFACE('',(#3041),#3037,.T.);
#3037=PLANE('',#3038);
#3038=AXIS2_PLACEMENT_3D('',#256,#3039,#3040);
#3039=DIRECTION('',(0.7729896851397644,4.29542779423392E-07,0.6344185894717647));
#3040=DIRECTION('',(-0.01886348171442795,-0.9995578463442264,0.0229843614073037));
#3041=FACE_BOUND('',#3042,.T.);
#3042=EDGE_LOOP('',(#3043,#3044,#3045));
#3043=ORIENTED_EDGE('',*,*,#3046,.T.);
#3044=ORIENTED_EDGE('',*,*,#3047,.T.);
#3045=ORIENTED_EDGE('',*,*,#3048,.T.);
#3046=EDGE_CURVE('',#257,#277,#3049,.F.);
#3047=EDGE_CURVE('',#277,#283,#3050,.T.);
#3048=EDGE_CURVE('',#283,#257,#3051,.T.);
#3049=LINE('',#256,#3052);
#3050=LINE('',#276,#3053);
#3051=LINE('',#282,#3054);
#3052=VECTOR('',#3055,1.0);
#3053=VECTOR('',#3056,1.0);
#3054=VECTOR('',#3057,1.0);
#3055=DIRECTION('',(-0.01886348171442795,-0.9995578463442264,0.0229843614073037));
#3056=DIRECTION('',(1.1409503431778146E-06,-0.9999999999990948,-7.130939644861341E-07));
#3057=DIRECTION('',(0.013555375825049133,0.999771696705156,-0.016516847566516103));
#3058=FACE_SURFACE('',(#3063),#3059,.T.);
#3059=PLANE('',#3060);
#3060=AXIS2_PLACEMENT_3D('',#282,#3061,#3062);
#3061=DIRECTION('',(0.48568444351116596,-6.946994562344862E-08,0.8741342124246392));
#3062=DIRECTION('',(0,-0.9999999999999969,-7.947285970052059E-08));
#3063=FACE_BOUND('',#3064,.T.);
#3064=EDGE_LOOP('',(#3065,#3066,#3067));
#3065=ORIENTED_EDGE('',*,*,#3068,.T.);
#3066=ORIENTED_EDGE('',*,*,#3069,.T.);
#3067=ORIENTED_EDGE('',*,*,#3070,.T.);
#3068=EDGE_CURVE('',#283,#285,#3071,.F.);
#3069=EDGE_CURVE('',#285,#275,#3072,.T.);
#3070=EDGE_CURVE('',#275,#283,#3073,.T.);
#3071=LINE('',#282,#3074);
#3072=LINE('',#284,#3075);
#3073=LINE('',#274,#3076);
#3074=VECTOR('',#3077,1.0);
#3075=VECTOR('',#3078,1.0);
#3076=VECTOR('',#3079,1.0);
#3077=DIRECTION('',(0,-0.9999999999999969,-7.947285970052059E-08));
#3078=DIRECTION('',(1.1454342608540447E-06,-0.9999999999990877,-7.158964130337779E-07));
#3079=DIRECTION('',(-7.156560251793768E-07,0.9999999999996301,4.771040167862513E-07));
#3080=FACE_SURFACE('',(#3085),#3081,.T.);
#3081=PLANE('',#3082);
#3082=AXIS2_PLACEMENT_3D('',#256,#3083,#3084);
#3083=DIRECTION('',(0.7729949993835079,2.5051796065284287E-07,0.6344121144240769));
#3084=DIRECTION('',(-0.013555375825049133,-0.999771696705156,0.016516847566516103));
#3085=FACE_BOUND('',#3086,.T.);
#3086=EDGE_LOOP('',(#3087,#3088,#3089));
#3087=ORIENTED_EDGE('',*,*,#3090,.T.);
#3088=ORIENTED_EDGE('',*,*,#3091,.T.);
#3089=ORIENTED_EDGE('',*,*,#3092,.T.);
#3090=EDGE_CURVE('',#257,#283,#3093,.F.);
#3091=EDGE_CURVE('',#283,#275,#3094,.T.);
#3092=EDGE_CURVE('',#275,#257,#3095,.T.);
#3093=LINE('',#256,#3096);
#3094=LINE('',#282,#3097);
#3095=LINE('',#274,#3098);
#3096=VECTOR('',#3099,1.0);
#3097=VECTOR('',#3100,1.0);
#3098=VECTOR('',#3101,1.0);
#3099=DIRECTION('',(-0.013555375825049133,-0.999771696705156,0.016516847566516103));
#3100=DIRECTION('',(7.156560251793768E-07,-0.9999999999996301,-4.771040167862513E-07));
#3101=DIRECTION('',(0.00935692016082356,0.999891223642391,-0.011401268702480274));
#3102=FACE_SURFACE('',(#3107),#3103,.T.);
#3103=PLANE('',#3104);
#3104=AXIS2_PLACEMENT_3D('',#252,#3105,#3106);
#3105=DIRECTION('',(0.7729982731281552,5.239293693235342E-07,0.6344081255316765));
#3106=DIRECTION('',(-7.34285689634495E-07,0.999999999999728,6.88392834032339E-08));
#3107=FACE_BOUND('',#3108,.T.);
#3108=EDGE_LOOP('',(#3109,#3110,#3111));
#3109=ORIENTED_EDGE('',*,*,#3112,.T.);
#3110=ORIENTED_EDGE('',*,*,#3113,.T.);
#3111=ORIENTED_EDGE('',*,*,#3114,.T.);
#3112=EDGE_CURVE('',#253,#251,#3115,.F.);
#3113=EDGE_CURVE('',#251,#287,#3116,.T.);
#3114=EDGE_CURVE('',#287,#253,#3117,.T.);
#3115=LINE('',#252,#3118);
#3116=LINE('',#250,#3119);
#3117=LINE('',#286,#3120);
#3118=VECTOR('',#3121,1.0);
#3119=VECTOR('',#3122,1.0);
#3120=VECTOR('',#3123,1.0);
#3121=DIRECTION('',(-7.34285689634495E-07,0.999999999999728,6.88392834032339E-08));
#3122=DIRECTION('',(-0.6344081255317636,0,0.7729982731282614));
#3123=DIRECTION('',(0.05003829410792165,-0.9968846450784249,-0.06096862742125695));
#3124=FACE_SURFACE('',(#3129),#3125,.T.);
#3125=PLANE('',#3126);
#3126=AXIS2_PLACEMENT_3D('',#252,#3127,#3128);
#3127=DIRECTION('',(0.7729957640546752,2.1101251184497414E-07,0.6344111827147157));
#3128=DIRECTION('',(-0.05003829410792165,0.9968846450784249,0.06096862742125695));
#3129=FACE_BOUND('',#3130,.T.);
#3130=EDGE_LOOP('',(#3131,#3132,#3133));
#3131=ORIENTED_EDGE('',*,*,#3134,.T.);
#3132=ORIENTED_EDGE('',*,*,#3135,.T.);
#3133=ORIENTED_EDGE('',*,*,#3136,.T.);
#3134=EDGE_CURVE('',#253,#287,#3137,.F.);
#3135=EDGE_CURVE('',#287,#289,#3138,.T.);
#3136=EDGE_CURVE('',#289,#253,#3139,.T.);
#3137=LINE('',#252,#3140);
#3138=LINE('',#286,#3141);
#3139=LINE('',#288,#3142);
#3140=VECTOR('',#3143,1.0);
#3141=VECTOR('',#3144,1.0);
#3142=VECTOR('',#3145,1.0);
#3143=DIRECTION('',(-0.05003829410792165,0.9968846450784249,0.06096862742125695));
#3144=DIRECTION('',(3.671428448173202E-07,-0.999999999999926,-1.1473213900541255E-07));
#3145=DIRECTION('',(0.6344111827147298,0,-0.7729957640546925));
#3146=FACE_SURFACE('',(#3151),#3147,.T.);
#3147=PLANE('',#3148);
#3148=AXIS2_PLACEMENT_3D('',#288,#3149,#3150);
#3149=DIRECTION('',(0.6343775458386647,1.442165522174883E-07,0.7730233692041218));
#3150=DIRECTION('',(-3.671428448173202E-07,0.999999999999926,1.1473213900541255E-07));
#3151=FACE_BOUND('',#3152,.T.);
#3152=EDGE_LOOP('',(#3153,#3154,#3155));
#3153=ORIENTED_EDGE('',*,*,#3156,.T.);
#3154=ORIENTED_EDGE('',*,*,#3157,.T.);
#3155=ORIENTED_EDGE('',*,*,#3158,.T.);
#3156=EDGE_CURVE('',#289,#287,#3159,.F.);
#3157=EDGE_CURVE('',#287,#291,#3160,.T.);
#3158=EDGE_CURVE('',#291,#289,#3161,.T.);
#3159=LINE('',#288,#3162);
#3160=LINE('',#286,#3163);
#3161=LINE('',#290,#3164);
#3162=VECTOR('',#3165,1.0);
#3163=VECTOR('',#3166,1.0);
#3164=VECTOR('',#3167,1.0);
#3165=DIRECTION('',(-3.671428448173202E-07,0.999999999999926,1.1473213900541255E-07));
#3166=DIRECTION('',(-0.7730233692041298,0,0.6343775458386712));
#3167=DIRECTION('',(0.06097141574550833,-0.9968846055339788,-0.050035684379769824));
#3168=FACE_SURFACE('',(#3173),#3169,.T.);
#3169=PLANE('',#3170);
#3170=AXIS2_PLACEMENT_3D('',#290,#3171,#3172);
#3171=DIRECTION('',(0.6343773725323874,1.4807939537556998E-07,0.7730235114269699));
#3172=DIRECTION('',(4.016795830083551E-07,-0.9999999999999098,-1.3807735665912204E-07));
#3173=FACE_BOUND('',#3174,.T.);
#3174=EDGE_LOOP('',(#3175,#3176,#3177));
#3175=ORIENTED_EDGE('',*,*,#3178,.T.);
#3176=ORIENTED_EDGE('',*,*,#3179,.T.);
#3177=ORIENTED_EDGE('',*,*,#3180,.T.);
#3178=EDGE_CURVE('',#291,#293,#3181,.F.);
#3179=EDGE_CURVE('',#293,#267,#3182,.T.);
#3180=EDGE_CURVE('',#267,#291,#3183,.T.);
#3181=LINE('',#290,#3184);
#3182=LINE('',#292,#3185);
#3183=LINE('',#266,#3186);
#3184=VECTOR('',#3187,1.0);
#3185=VECTOR('',#3188,1.0);
#3186=VECTOR('',#3189,1.0);
#3187=DIRECTION('',(4.016795830083551E-07,-0.9999999999999098,-1.3807735665912204E-07));
#3188=DIRECTION('',(0.7730235114269783,0,-0.6343773725323942));
#3189=DIRECTION('',(-0.016725235216791954,0.9997659142249603,0.013725278171031278));
#3190=FACE_SURFACE('',(#3195),#3191,.T.);
#3191=PLANE('',#3192);
#3192=AXIS2_PLACEMENT_3D('',#266,#3193,#3194);
#3193=DIRECTION('',(0.634379668606028,1.529249221475243E-07,0.7730216271614156));
#3194=DIRECTION('',(-3.8930974894870964E-07,0.9999999999999168,1.2165929654647176E-07));
#3195=FACE_BOUND('',#3196,.T.);
#3196=EDGE_LOOP('',(#3197,#3198,#3199));
#3197=ORIENTED_EDGE('',*,*,#3200,.T.);
#3198=ORIENTED_EDGE('',*,*,#3201,.T.);
#3199=ORIENTED_EDGE('',*,*,#3202,.T.);
#3200=EDGE_CURVE('',#267,#265,#3203,.F.);
#3201=EDGE_CURVE('',#265,#295,#3204,.T.);
#3202=EDGE_CURVE('',#295,#267,#3205,.T.);
#3203=LINE('',#266,#3206);
#3204=LINE('',#264,#3207);
#3205=LINE('',#294,#3208);
#3206=VECTOR('',#3209,1.0);
#3207=VECTOR('',#3210,1.0);
#3208=VECTOR('',#3211,1.0);
#3209=DIRECTION('',(-3.8930974894870964E-07,0.9999999999999168,1.2165929654647176E-07));
#3210=DIRECTION('',(-0.7730216271614248,0,0.6343796686060355));
#3211=DIRECTION('',(0.014428030752161909,-0.9998258061483867,-0.011840155756728006));
#3212=FACE_SURFACE('',(#3217),#3213,.T.);
#3213=PLANE('',#3214);
#3214=AXIS2_PLACEMENT_3D('',#296,#3215,#3216);
#3215=DIRECTION('',(0.6343785002604996,2.4190339773969116E-07,0.7730225859618727));
#3216=DIRECTION('',(0.7730225859618953,0,-0.6343785002605181));
#3217=FACE_BOUND('',#3218,.T.);
#3218=EDGE_LOOP('',(#3219,#3220,#3221));
#3219=ORIENTED_EDGE('',*,*,#3222,.T.);
#3220=ORIENTED_EDGE('',*,*,#3223,.T.);
#3221=ORIENTED_EDGE('',*,*,#3224,.T.);
#3222=EDGE_CURVE('',#297,#289,#3225,.F.);
#3223=EDGE_CURVE('',#289,#291,#3226,.T.);
#3224=EDGE_CURVE('',#291,#297,#3227,.T.);
#3225=LINE('',#296,#3228);
#3226=LINE('',#288,#3229);
#3227=LINE('',#290,#3230);
#3228=VECTOR('',#3231,1.0);
#3229=VECTOR('',#3232,1.0);
#3230=VECTOR('',#3233,1.0);
#3231=DIRECTION('',(0.7730225859618953,0,-0.6343785002605181));
#3232=DIRECTION('',(-0.06097141574550833,0.9968846055339788,0.050035684379769824));
#3233=DIRECTION('',(0.03391224624797552,-0.999037271275866,-0.027829663240662602));
#3234=FACE_SURFACE('',(#3239),#3235,.T.);
#3235=PLANE('',#3236);
#3236=AXIS2_PLACEMENT_3D('',#290,#3237,#3238);
#3237=DIRECTION('',(0.6343642173439464,-2.2020227478835407E-07,0.7730343069706247));
#3238=DIRECTION('',(0.016725235216791954,-0.9997659142249603,-0.013725278171031278));
#3239=FACE_BOUND('',#3240,.T.);
#3240=EDGE_LOOP('',(#3241,#3242,#3243));
#3241=ORIENTED_EDGE('',*,*,#3244,.T.);
#3242=ORIENTED_EDGE('',*,*,#3245,.T.);
#3243=ORIENTED_EDGE('',*,*,#3246,.T.);
#3244=EDGE_CURVE('',#291,#267,#3247,.F.);
#3245=EDGE_CURVE('',#267,#295,#3248,.T.);
#3246=EDGE_CURVE('',#295,#291,#3249,.T.);
#3247=LINE('',#290,#3250);
#3248=LINE('',#266,#3251);
#3249=LINE('',#294,#3252);
#3250=VECTOR('',#3253,1.0);
#3251=VECTOR('',#3254,1.0);
#3252=VECTOR('',#3255,1.0);
#3253=DIRECTION('',(0.016725235216791954,-0.9997659142249603,-0.013725278171031278));
#3254=DIRECTION('',(-0.014428030752161909,0.9998258061483867,0.011840155756728006));
#3255=DIRECTION('',(-0.01917272265497334,0.9996923809843435,0.0157337251739505));
#3256=FACE_SURFACE('',(#3261),#3257,.T.);
#3257=PLANE('',#3258);
#3258=AXIS2_PLACEMENT_3D('',#290,#3259,#3260);
#3259=DIRECTION('',(0.6343783502399531,2.3338144250240863E-07,0.7730227090757301));
#3260=DIRECTION('',(0.01917272265497334,-0.9996923809843435,-0.0157337251739505));
#3261=FACE_BOUND('',#3262,.T.);
#3262=EDGE_LOOP('',(#3263,#3264,#3265));
#3263=ORIENTED_EDGE('',*,*,#3266,.T.);
#3264=ORIENTED_EDGE('',*,*,#3267,.T.);
#3265=ORIENTED_EDGE('',*,*,#3268,.T.);
#3266=EDGE_CURVE('',#291,#295,#3269,.F.);
#3267=EDGE_CURVE('',#295,#297,#3270,.T.);
#3268=EDGE_CURVE('',#297,#291,#3271,.T.);
#3269=LINE('',#290,#3272);
#3270=LINE('',#294,#3273);
#3271=LINE('',#296,#3274);
#3272=VECTOR('',#3275,1.0);
#3273=VECTOR('',#3276,1.0);
#3274=VECTOR('',#3277,1.0);
#3275=DIRECTION('',(0.01917272265497334,-0.9996923809843435,-0.0157337251739505));
#3276=DIRECTION('',(-4.7683693082950186E-07,0.9999999999998823,8.94069245305316E-08));
#3277=DIRECTION('',(-0.03391224624797552,0.999037271275866,0.027829663240662602));
#3278=FACE_SURFACE('',(#3283),#3279,.T.);
#3279=PLANE('',#3280);
#3280=AXIS2_PLACEMENT_3D('',#280,#3281,#3282);
#3281=DIRECTION('',(0.6343773725323834,1.8614052025807819E-07,0.7730235114269651));
#3282=DIRECTION('',(-3.803167810595873E-07,0.9999999999999251,7.130939644867262E-08));
#3283=FACE_BOUND('',#3284,.T.);
#3284=EDGE_LOOP('',(#3285,#3286,#3287));
#3285=ORIENTED_EDGE('',*,*,#3288,.T.);
#3286=ORIENTED_EDGE('',*,*,#3289,.T.);
#3287=ORIENTED_EDGE('',*,*,#3290,.T.);
#3288=EDGE_CURVE('',#281,#279,#3291,.F.);
#3289=EDGE_CURVE('',#279,#299,#3292,.T.);
#3290=EDGE_CURVE('',#299,#281,#3293,.T.);
#3291=LINE('',#280,#3294);
#3292=LINE('',#278,#3295);
#3293=LINE('',#298,#3296);
#3294=VECTOR('',#3297,1.0);
#3295=VECTOR('',#3298,1.0);
#3296=VECTOR('',#3299,1.0);
#3297=DIRECTION('',(-3.803167810595873E-07,0.9999999999999251,7.130939644867262E-08));
#3298=DIRECTION('',(-0.7730235114269783,0,0.6343773725323942));
#3299=DIRECTION('',(0.06314486480202361,-0.9966581624669003,-0.05181923616994157));
#3300=FACE_SURFACE('',(#3305),#3301,.T.);
#3301=PLANE('',#3302);
#3302=AXIS2_PLACEMENT_3D('',#280,#3303,#3304);
#3303=DIRECTION('',(0.6343773725323834,1.8614052025807819E-07,0.7730235114269651));
#3304=DIRECTION('',(-0.06314486480202361,0.9966581624669003,0.05181923616994157));
#3305=FACE_BOUND('',#3306,.T.);
#3306=EDGE_LOOP('',(#3307,#3308,#3309));
#3307=ORIENTED_EDGE('',*,*,#3310,.T.);
#3308=ORIENTED_EDGE('',*,*,#3311,.T.);
#3309=ORIENTED_EDGE('',*,*,#3312,.T.);
#3310=EDGE_CURVE('',#281,#299,#3313,.F.);
#3311=EDGE_CURVE('',#299,#301,#3314,.T.);
#3312=EDGE_CURVE('',#301,#281,#3315,.T.);
#3313=LINE('',#280,#3316);
#3314=LINE('',#298,#3317);
#3315=LINE('',#300,#3318);
#3316=VECTOR('',#3319,1.0);
#3317=VECTOR('',#3320,1.0);
#3318=VECTOR('',#3321,1.0);
#3319=DIRECTION('',(-0.06314486480202361,0.9966581624669003,0.05181923616994157));
#3320=DIRECTION('',(3.803167810595873E-07,-0.9999999999999251,-7.130939644867262E-08));
#3321=DIRECTION('',(0.7730235114269783,0,-0.6343773725323942));
#3322=FACE_SURFACE('',(#3327),#3323,.T.);
#3323=PLANE('',#3324);
#3324=AXIS2_PLACEMENT_3D('',#272,#3325,#3326);
#3325=DIRECTION('',(0.6343773725323831,1.8687204970109026E-07,0.7730235114269648));
#3326=DIRECTION('',(-3.818114202850011E-07,0.9999999999999246,7.15896413034377E-08));
#3327=FACE_BOUND('',#3328,.T.);
#3328=EDGE_LOOP('',(#3329,#3330,#3331));
#3329=ORIENTED_EDGE('',*,*,#3332,.T.);
#3330=ORIENTED_EDGE('',*,*,#3333,.T.);
#3331=ORIENTED_EDGE('',*,*,#3334,.T.);
#3332=EDGE_CURVE('',#273,#271,#3335,.F.);
#3333=EDGE_CURVE('',#271,#303,#3336,.T.);
#3334=EDGE_CURVE('',#303,#273,#3337,.T.);
#3335=LINE('',#272,#3338);
#3336=LINE('',#270,#3339);
#3337=LINE('',#302,#3340);
#3338=VECTOR('',#3341,1.0);
#3339=VECTOR('',#3342,1.0);
#3340=VECTOR('',#3343,1.0);
#3341=DIRECTION('',(-3.818114202850011E-07,0.9999999999999246,7.15896413034377E-08));
#3342=DIRECTION('',(-0.7730235114269783,0,0.6343773725323942));
#3343=DIRECTION('',(0.06339135762352963,-0.9966319769230904,-0.05202151817294946));
#3344=FACE_SURFACE('',(#3349),#3345,.T.);
#3345=PLANE('',#3346);
#3346=AXIS2_PLACEMENT_3D('',#272,#3347,#3348);
#3347=DIRECTION('',(0.6343773725323831,1.8687204970109026E-07,0.7730235114269648));
#3348=DIRECTION('',(-0.06339135762352963,0.9966319769230904,0.05202151817294946));
#3349=FACE_BOUND('',#3350,.T.);
#3350=EDGE_LOOP('',(#3351,#3352,#3353));
#3351=ORIENTED_EDGE('',*,*,#3354,.T.);
#3352=ORIENTED_EDGE('',*,*,#3355,.T.);
#3353=ORIENTED_EDGE('',*,*,#3356,.T.);
#3354=EDGE_CURVE('',#273,#303,#3357,.F.);
#3355=EDGE_CURVE('',#303,#305,#3358,.T.);
#3356=EDGE_CURVE('',#305,#273,#3359,.T.);
#3357=LINE('',#272,#3360);
#3358=LINE('',#302,#3361);
#3359=LINE('',#304,#3362);
#3360=VECTOR('',#3363,1.0);
#3361=VECTOR('',#3364,1.0);
#3362=VECTOR('',#3365,1.0);
#3363=DIRECTION('',(-0.06339135762352963,0.9966319769230904,0.05202151817294946));
#3364=DIRECTION('',(3.818114202850011E-07,-0.9999999999999246,-7.15896413034377E-08));
#3365=DIRECTION('',(0.7730235114269783,0,-0.6343773725323942));
#3366=FACE_SURFACE('',(#3371),#3367,.T.);
#3367=PLANE('',#3368);
#3368=AXIS2_PLACEMENT_3D('',#306,#3369,#3370);
#3369=DIRECTION('',(0.634377372532372,2.650825047216765E-07,0.7730235114269512));
#3370=DIRECTION('',(0.7730235114269783,0,-0.6343773725323942));
#3371=FACE_BOUND('',#3372,.T.);
#3372=EDGE_LOOP('',(#3373,#3374,#3375));
#3373=ORIENTED_EDGE('',*,*,#3376,.T.);
#3374=ORIENTED_EDGE('',*,*,#3377,.T.);
#3375=ORIENTED_EDGE('',*,*,#3378,.T.);
#3376=EDGE_CURVE('',#307,#263,#3379,.F.);
#3377=EDGE_CURVE('',#263,#261,#3380,.T.);
#3378=EDGE_CURVE('',#261,#307,#3381,.T.);
#3379=LINE('',#306,#3382);
#3380=LINE('',#262,#3383);
#3381=LINE('',#260,#3384);
#3382=VECTOR('',#3385,1.0);
#3383=VECTOR('',#3386,1.0);
#3384=VECTOR('',#3387,1.0);
#3385=DIRECTION('',(0.7730235114269783,0,-0.6343773725323942));
#3386=DIRECTION('',(-5.161339605048428E-07,0.9999999999998636,8.064593132888169E-08));
#3387=DIRECTION('',(-0.0429240182882886,-0.9984571493309261,0.035225695223050406));
#3388=FACE_SURFACE('',(#3393),#3389,.T.);
#3389=PLANE('',#3390);
#3390=AXIS2_PLACEMENT_3D('',#306,#3391,#3392);
#3391=DIRECTION('',(0.6343750969720661,4.2879244525083747E-07,0.7730253788469676));
#3392=DIRECTION('',(0.0429240182882886,0.9984571493309261,-0.035225695223050406));
#3393=FACE_BOUND('',#3394,.T.);
#3394=EDGE_LOOP('',(#3395,#3396,#3397));
#3395=ORIENTED_EDGE('',*,*,#3398,.T.);
#3396=ORIENTED_EDGE('',*,*,#3399,.T.);
#3397=ORIENTED_EDGE('',*,*,#3400,.T.);
#3398=EDGE_CURVE('',#307,#261,#3401,.F.);
#3399=EDGE_CURVE('',#261,#309,#3402,.T.);
#3400=EDGE_CURVE('',#309,#307,#3403,.T.);
#3401=LINE('',#306,#3404);
#3402=LINE('',#260,#3405);
#3403=LINE('',#308,#3406);
#3404=VECTOR('',#3407,1.0);
#3405=VECTOR('',#3408,1.0);
#3406=VECTOR('',#3409,1.0);
#3407=DIRECTION('',(0.0429240182882886,0.9984571493309261,-0.035225695223050406));
#3408=DIRECTION('',(-0.7730253788470387,0,0.6343750969721244));
#3409=DIRECTION('',(7.742009407571353E-07,-0.999999999999697,-8.064593132886825E-08));
#3410=FACE_SURFACE('',(#3415),#3411,.T.);
#3411=PLANE('',#3412);
#3412=AXIS2_PLACEMENT_3D('',#292,#3413,#3414);
#3413=DIRECTION('',(0.4713806237300795,6.756942623248824E-08,0.881929876788306));
#3414=DIRECTION('',(-4.016795830083551E-07,0.9999999999999098,1.3807735665912204E-07));
#3415=FACE_BOUND('',#3416,.T.);
#3416=EDGE_LOOP('',(#3417,#3418,#3419));
#3417=ORIENTED_EDGE('',*,*,#3420,.T.);
#3418=ORIENTED_EDGE('',*,*,#3421,.T.);
#3419=ORIENTED_EDGE('',*,*,#3422,.T.);
#3420=EDGE_CURVE('',#293,#291,#3423,.F.);
#3421=EDGE_CURVE('',#291,#311,#3424,.T.);
#3422=EDGE_CURVE('',#311,#293,#3425,.T.);
#3423=LINE('',#292,#3426);
#3424=LINE('',#290,#3427);
#3425=LINE('',#310,#3428);
#3426=VECTOR('',#3429,1.0);
#3427=VECTOR('',#3430,1.0);
#3428=VECTOR('',#3431,1.0);
#3429=DIRECTION('',(-4.016795830083551E-07,0.9999999999999098,1.3807735665912204E-07));
#3430=DIRECTION('',(-0.8819298767883081,0,0.4713806237300806));
#3431=DIRECTION('',(0.019081638782112876,-0.999765910130291,-0.010198823595874797));
#3432=FACE_SURFACE('',(#3437),#3433,.T.);
#3433=PLANE('',#3434);
#3434=AXIS2_PLACEMENT_3D('',#292,#3435,#3436);
#3435=DIRECTION('',(0.47137892022770006,2.5768006579580846E-08,0.8819307872871697));
#3436=DIRECTION('',(-0.019081638782112876,0.999765910130291,0.010198823595874797));
#3437=FACE_BOUND('',#3438,.T.);
#3438=EDGE_LOOP('',(#3439,#3440,#3441));
#3439=ORIENTED_EDGE('',*,*,#3442,.T.);
#3440=ORIENTED_EDGE('',*,*,#3443,.T.);
#3441=ORIENTED_EDGE('',*,*,#3444,.T.);
#3442=EDGE_CURVE('',#293,#311,#3445,.F.);
#3443=EDGE_CURVE('',#311,#313,#3446,.T.);
#3444=EDGE_CURVE('',#313,#293,#3447,.T.);
#3445=LINE('',#292,#3448);
#3446=LINE('',#310,#3449);
#3447=LINE('',#312,#3450);
#3448=VECTOR('',#3451,1.0);
#3449=VECTOR('',#3452,1.0);
#3450=VECTOR('',#3453,1.0);
#3451=DIRECTION('',(-0.019081638782112876,0.999765910130291,0.010198823595874797));
#3452=DIRECTION('',(3.012596872562772E-07,-0.9999999999999459,-1.3180111317462126E-07));
#3453=DIRECTION('',(0.88193078728717,0,-0.4713789202277002));
#3454=FACE_SURFACE('',(#3459),#3455,.T.);
#3455=PLANE('',#3456);
#3456=AXIS2_PLACEMENT_3D('',#300,#3457,#3458);
#3457=DIRECTION('',(0.47138084930647367,1.1638416863517462E-07,0.881929756220468));
#3458=DIRECTION('',(-3.803167810595873E-07,0.9999999999999251,7.130939644867262E-08));
#3459=FACE_BOUND('',#3460,.T.);
#3460=EDGE_LOOP('',(#3461,#3462,#3463));
#3461=ORIENTED_EDGE('',*,*,#3464,.T.);
#3462=ORIENTED_EDGE('',*,*,#3465,.T.);
#3463=ORIENTED_EDGE('',*,*,#3466,.T.);
#3464=EDGE_CURVE('',#301,#299,#3467,.F.);
#3465=EDGE_CURVE('',#299,#315,#3468,.T.);
#3466=EDGE_CURVE('',#315,#301,#3469,.T.);
#3467=LINE('',#300,#3470);
#3468=LINE('',#298,#3471);
#3469=LINE('',#314,#3472);
#3470=VECTOR('',#3473,1.0);
#3471=VECTOR('',#3474,1.0);
#3472=VECTOR('',#3475,1.0);
#3473=DIRECTION('',(-3.803167810595873E-07,0.9999999999999251,7.130939644867262E-08));
#3474=DIRECTION('',(-0.881929756220474,0,0.47138084930647683));
#3475=DIRECTION('',(0.07204144536657724,-0.996658107482313,-0.03850515471035846));
#3476=FACE_SURFACE('',(#3481),#3477,.T.);
#3477=PLANE('',#3478);
#3478=AXIS2_PLACEMENT_3D('',#300,#3479,#3480);
#3479=DIRECTION('',(0.4713808493063546,1.1638415756941276E-07,0.8819297562205316));
#3480=DIRECTION('',(-0.07204144536657724,0.996658107482313,0.03850515471035846));
#3481=FACE_BOUND('',#3482,.T.);
#3482=EDGE_LOOP('',(#3483,#3484,#3485));
#3483=ORIENTED_EDGE('',*,*,#3486,.T.);
#3484=ORIENTED_EDGE('',*,*,#3487,.T.);
#3485=ORIENTED_EDGE('',*,*,#3488,.T.);
#3486=EDGE_CURVE('',#301,#315,#3489,.F.);
#3487=EDGE_CURVE('',#315,#317,#3490,.T.);
#3488=EDGE_CURVE('',#317,#301,#3491,.T.);
#3489=LINE('',#300,#3492);
#3490=LINE('',#314,#3493);
#3491=LINE('',#316,#3494);
#3492=VECTOR('',#3495,1.0);
#3493=VECTOR('',#3496,1.0);
#3494=VECTOR('',#3497,1.0);
#3495=DIRECTION('',(-0.07204144536657724,0.996658107482313,0.03850515471035846));
#3496=DIRECTION('',(3.8031674489937726E-07,-0.9999999999999251,-7.130938966863324E-08));
#3497=DIRECTION('',(0.8819297562198805,1.1600736563644453E-06,-0.4713808493061596));
#3498=FACE_SURFACE('',(#3503),#3499,.T.);
#3499=PLANE('',#3500);
#3500=AXIS2_PLACEMENT_3D('',#304,#3501,#3502);
#3501=DIRECTION('',(0.4713808493064736,1.1684155666621202E-07,0.881929756220468));
#3502=DIRECTION('',(-3.818114202850011E-07,0.9999999999999246,7.15896413034377E-08));
#3503=FACE_BOUND('',#3504,.T.);
#3504=EDGE_LOOP('',(#3505,#3506,#3507));
#3505=ORIENTED_EDGE('',*,*,#3508,.T.);
#3506=ORIENTED_EDGE('',*,*,#3509,.T.);
#3507=ORIENTED_EDGE('',*,*,#3510,.T.);
#3508=EDGE_CURVE('',#305,#303,#3511,.F.);
#3509=EDGE_CURVE('',#303,#319,#3512,.T.);
#3510=EDGE_CURVE('',#319,#305,#3513,.T.);
#3511=LINE('',#304,#3514);
#3512=LINE('',#302,#3515);
#3513=LINE('',#318,#3516);
#3514=VECTOR('',#3517,1.0);
#3515=VECTOR('',#3518,1.0);
#3516=VECTOR('',#3519,1.0);
#3517=DIRECTION('',(-3.818114202850011E-07,0.9999999999999246,7.15896413034377E-08));
#3518=DIRECTION('',(-0.881929756220474,0,0.47138084930647683));
#3519=DIRECTION('',(0.07232266692305091,-0.9966319215098447,-0.03865546373712502));
#3520=FACE_SURFACE('',(#3525),#3521,.T.);
#3521=PLANE('',#3522);
#3522=AXIS2_PLACEMENT_3D('',#304,#3523,#3524);
#3523=DIRECTION('',(0.4713808493064736,1.1684155666621202E-07,0.881929756220468));
#3524=DIRECTION('',(-0.07232266692305091,0.9966319215098447,0.03865546373712502));
#3525=FACE_BOUND('',#3526,.T.);
#3526=EDGE_LOOP('',(#3527,#3528,#3529));
#3527=ORIENTED_EDGE('',*,*,#3530,.T.);
#3528=ORIENTED_EDGE('',*,*,#3531,.T.);
#3529=ORIENTED_EDGE('',*,*,#3532,.T.);
#3530=EDGE_CURVE('',#305,#319,#3533,.F.);
#3531=EDGE_CURVE('',#319,#321,#3534,.T.);
#3532=EDGE_CURVE('',#321,#305,#3535,.T.);
#3533=LINE('',#304,#3536);
#3534=LINE('',#318,#3537);
#3535=LINE('',#320,#3538);
#3536=VECTOR('',#3539,1.0);
#3537=VECTOR('',#3540,1.0);
#3538=VECTOR('',#3541,1.0);
#3539=DIRECTION('',(-0.07232266692305091,0.9966319215098447,0.03865546373712502));
#3540=DIRECTION('',(3.818114202850011E-07,-0.9999999999999246,-7.15896413034377E-08));
#3541=DIRECTION('',(0.881929756220474,0,-0.47138084930647683));
#3542=FACE_SURFACE('',(#3547),#3543,.T.);
#3543=PLANE('',#3544);
#3544=AXIS2_PLACEMENT_3D('',#322,#3545,#3546);
#3545=DIRECTION('',(0.47138084930645646,2.9381945043100624E-07,0.8819297562204358));
#3546=DIRECTION('',(0.881929756220474,0,-0.47138084930647683));
#3547=FACE_BOUND('',#3548,.T.);
#3548=EDGE_LOOP('',(#3549,#3550,#3551));
#3549=ORIENTED_EDGE('',*,*,#3552,.T.);
#3550=ORIENTED_EDGE('',*,*,#3553,.T.);
#3551=ORIENTED_EDGE('',*,*,#3554,.T.);
#3552=EDGE_CURVE('',#323,#307,#3555,.F.);
#3553=EDGE_CURVE('',#307,#309,#3556,.T.);
#3554=EDGE_CURVE('',#309,#323,#3557,.T.);
#3555=LINE('',#322,#3558);
#3556=LINE('',#306,#3559);
#3557=LINE('',#308,#3560);
#3558=VECTOR('',#3561,1.0);
#3559=VECTOR('',#3562,1.0);
#3560=VECTOR('',#3563,1.0);
#3561=DIRECTION('',(0.881929756220474,0,-0.47138084930647683));
#3562=DIRECTION('',(-7.742009407571353E-07,0.999999999999697,8.064593132886825E-08));
#3563=DIRECTION('',(-0.04897150506877953,-0.9984571399789174,0.026175013207622135));
#3564=FACE_SURFACE('',(#3569),#3565,.T.);
#3565=PLANE('',#3566);
#3566=AXIS2_PLACEMENT_3D('',#322,#3567,#3568);
#3567=DIRECTION('',(0.47138084930645646,2.9381945043100624E-07,0.8819297562204358));
#3568=DIRECTION('',(0.04897150506877953,0.9984571399789174,-0.026175013207622135));
#3569=FACE_BOUND('',#3570,.T.);
#3570=EDGE_LOOP('',(#3571,#3572,#3573));
#3571=ORIENTED_EDGE('',*,*,#3574,.T.);
#3572=ORIENTED_EDGE('',*,*,#3575,.T.);
#3573=ORIENTED_EDGE('',*,*,#3576,.T.);
#3574=EDGE_CURVE('',#323,#309,#3577,.F.);
#3575=EDGE_CURVE('',#309,#325,#3578,.T.);
#3576=EDGE_CURVE('',#325,#323,#3579,.T.);
#3577=LINE('',#322,#3580);
#3578=LINE('',#308,#3581);
#3579=LINE('',#324,#3582);
#3580=VECTOR('',#3583,1.0);
#3581=VECTOR('',#3584,1.0);
#3582=VECTOR('',#3585,1.0);
#3583=DIRECTION('',(0.04897150506877953,0.9984571399789174,-0.026175013207622135));
#3584=DIRECTION('',(-0.881929756220474,0,0.47138084930647683));
#3585=DIRECTION('',(7.742009407571353E-07,-0.999999999999697,-8.064593132886825E-08));
#3586=FACE_SURFACE('',(#3591),#3587,.T.);
#3587=PLANE('',#3588);
#3588=AXIS2_PLACEMENT_3D('',#162,#3589,#3590);
#3589=DIRECTION('',(0,1,0));
#3590=DIRECTION('',(-0.8819295150847315,0,0.4713813004589918));
#3591=FACE_BOUND('',#3592,.T.);
#3592=EDGE_LOOP('',(#3593,#3594,#3595));
#3593=ORIENTED_EDGE('',*,*,#3596,.T.);
#3594=ORIENTED_EDGE('',*,*,#3597,.T.);
#3595=ORIENTED_EDGE('',*,*,#3598,.T.);
#3596=EDGE_CURVE('',#163,#159,#3599,.F.);
#3597=EDGE_CURVE('',#159,#155,#3600,.T.);
#3598=EDGE_CURVE('',#155,#163,#3601,.T.);
#3599=LINE('',#162,#3602);
#3600=LINE('',#158,#3603);
#3601=LINE('',#154,#3604);
#3602=VECTOR('',#3605,1.0);
#3603=VECTOR('',#3606,1.0);
#3604=VECTOR('',#3607,1.0);
#3605=DIRECTION('',(-0.8819295150847315,0,0.4713813004589918));
#3606=DIRECTION('',(-0.7730235114269783,0,0.6343773725323942));
#3607=DIRECTION('',(0.831480415842033,0,-0.5555540640398193));
#3608=FACE_SURFACE('',(#3613),#3609,.T.);
#3609=PLANE('',#3610);
#3610=AXIS2_PLACEMENT_3D('',#154,#3611,#3612);
#3611=DIRECTION('',(0,1,0));
#3612=DIRECTION('',(-0.6344116093933635,0,0.7729954138718562));
#3613=FACE_BOUND('',#3614,.T.);
#3614=EDGE_LOOP('',(#3615,#3616,#3617));
#3615=ORIENTED_EDGE('',*,*,#3618,.T.);
#3616=ORIENTED_EDGE('',*,*,#3619,.T.);
#3617=ORIENTED_EDGE('',*,*,#3620,.T.);
#3618=EDGE_CURVE('',#155,#151,#3621,.F.);
#3619=EDGE_CURVE('',#151,#147,#3622,.T.);
#3620=EDGE_CURVE('',#147,#155,#3623,.T.);
#3621=LINE('',#154,#3624);
#3622=LINE('',#150,#3625);
#3623=LINE('',#146,#3626);
#3624=VECTOR('',#3627,1.0);
#3625=VECTOR('',#3628,1.0);
#3626=VECTOR('',#3629,1.0);
#3627=DIRECTION('',(-0.6344116093933635,0,0.7729954138718562));
#3628=DIRECTION('',(-0.4714100581806121,0,0.8819141438066134));
#3629=DIRECTION('',(0.5555868072072535,0,-0.8314585375454691));
#3630=FACE_SURFACE('',(#3635),#3631,.T.);
#3631=PLANE('',#3632);
#3632=AXIS2_PLACEMENT_3D('',#146,#3633,#3634);
#3633=DIRECTION('',(0,1,0));
#3634=DIRECTION('',(-0.29029590921693954,0,0.9569369284816583));
#3635=FACE_BOUND('',#3636,.T.);
#3636=EDGE_LOOP('',(#3637,#3638,#3639));
#3637=ORIENTED_EDGE('',*,*,#3640,.T.);
#3638=ORIENTED_EDGE('',*,*,#3641,.T.);
#3639=ORIENTED_EDGE('',*,*,#3642,.T.);
#3640=EDGE_CURVE('',#147,#143,#3643,.F.);
#3641=EDGE_CURVE('',#143,#139,#3644,.T.);
#3642=EDGE_CURVE('',#139,#147,#3645,.T.);
#3643=LINE('',#146,#3646);
#3644=LINE('',#142,#3647);
#3645=LINE('',#138,#3648);
#3646=VECTOR('',#3649,1.0);
#3647=VECTOR('',#3650,1.0);
#3648=VECTOR('',#3651,1.0);
#3649=DIRECTION('',(-0.29029590921693954,0,0.9569369284816583));
#3650=DIRECTION('',(-0.09802469793690945,0,0.9951839822838677));
#3651=DIRECTION('',(0.19509994594786195,0,-0.9807833660351002));
#3652=FACE_SURFACE('',(#3657),#3653,.T.);
#3653=PLANE('',#3654);
#3654=AXIS2_PLACEMENT_3D('',#138,#3655,#3656);
#3655=DIRECTION('',(0,1,0));
#3656=DIRECTION('',(0.09802469793690945,0,0.9951839822838677));
#3657=FACE_BOUND('',#3658,.T.);
#3658=EDGE_LOOP('',(#3659,#3660,#3661));
#3659=ORIENTED_EDGE('',*,*,#3662,.T.);
#3660=ORIENTED_EDGE('',*,*,#3663,.T.);
#3661=ORIENTED_EDGE('',*,*,#3664,.T.);
#3662=EDGE_CURVE('',#139,#135,#3665,.F.);
#3663=EDGE_CURVE('',#135,#131,#3666,.T.);
#3664=EDGE_CURVE('',#131,#139,#3667,.T.);
#3665=LINE('',#138,#3668);
#3666=LINE('',#134,#3669);
#3667=LINE('',#130,#3670);
#3668=VECTOR('',#3671,1.0);
#3669=VECTOR('',#3672,1.0);
#3670=VECTOR('',#3673,1.0);
#3671=DIRECTION('',(0.09802469793690945,0,0.9951839822838677));
#3672=DIRECTION('',(0.29029598978490984,0,0.9569369040405954));
#3673=DIRECTION('',(-0.19509997383059985,0,-0.9807833604885939));
#3674=FACE_SURFACE('',(#3679),#3675,.T.);
#3675=PLANE('',#3676);
#3676=AXIS2_PLACEMENT_3D('',#130,#3677,#3678);
#3677=DIRECTION('',(0,1,0));
#3678=DIRECTION('',(0.4714098170283117,0,0.8819142727098443));
#3679=FACE_BOUND('',#3680,.T.);
#3680=EDGE_LOOP('',(#3681,#3682,#3683));
#3681=ORIENTED_EDGE('',*,*,#3684,.T.);
#3682=ORIENTED_EDGE('',*,*,#3685,.T.);
#3683=ORIENTED_EDGE('',*,*,#3686,.T.);
#3684=EDGE_CURVE('',#131,#127,#3687,.F.);
#3685=EDGE_CURVE('',#127,#99,#3688,.T.);
#3686=EDGE_CURVE('',#99,#131,#3689,.T.);
#3687=LINE('',#130,#3690);
#3688=LINE('',#126,#3691);
#3689=LINE('',#98,#3692);
#3690=VECTOR('',#3693,1.0);
#3691=VECTOR('',#3694,1.0);
#3692=VECTOR('',#3695,1.0);
#3693=DIRECTION('',(0.4714098170283117,0,0.8819142727098443));
#3694=DIRECTION('',(0.6344108982625188,0,0.772995997509524));
#3695=DIRECTION('',(-0.5555863360228731,0,-0.8314588523941995));
#3696=FACE_SURFACE('',(#3701),#3697,.T.);
#3697=PLANE('',#3698);
#3698=AXIS2_PLACEMENT_3D('',#98,#3699,#3700);
#3699=DIRECTION('',(0,1,0));
#3700=DIRECTION('',(0.7730233692041298,0,0.6343775458386712));
#3701=FACE_BOUND('',#3702,.T.);
#3702=EDGE_LOOP('',(#3703,#3704,#3705));
#3703=ORIENTED_EDGE('',*,*,#3706,.T.);
#3704=ORIENTED_EDGE('',*,*,#3707,.T.);
#3705=ORIENTED_EDGE('',*,*,#3708,.T.);
#3706=EDGE_CURVE('',#99,#83,#3709,.F.);
#3707=EDGE_CURVE('',#83,#67,#3710,.T.);
#3708=EDGE_CURVE('',#67,#99,#3711,.T.);
#3709=LINE('',#98,#3712);
#3710=LINE('',#82,#3713);
#3711=LINE('',#66,#3714);
#3712=VECTOR('',#3715,1.0);
#3713=VECTOR('',#3716,1.0);
#3714=VECTOR('',#3717,1.0);
#3715=DIRECTION('',(0.7730233692041298,0,0.6343775458386712));
#3716=DIRECTION('',(0.8819298767883081,0,0.4713806237300806));
#3717=DIRECTION('',(-0.8314805504596219,0,-0.5555538625618259));
#3718=FACE_SURFACE('',(#3723),#3719,.T.);
#3719=PLANE('',#3720);
#3720=AXIS2_PLACEMENT_3D('',#66,#3721,#3722);
#3721=DIRECTION('',(0,1,0));
#3722=DIRECTION('',(0.9569434430278525,0,0.2902744336761321));
#3723=FACE_BOUND('',#3724,.T.);
#3724=EDGE_LOOP('',(#3725,#3726,#3727));
#3725=ORIENTED_EDGE('',*,*,#3728,.T.);
#3726=ORIENTED_EDGE('',*,*,#3729,.T.);
#3727=ORIENTED_EDGE('',*,*,#3730,.T.);
#3728=EDGE_CURVE('',#67,#37,#3731,.F.);
#3729=EDGE_CURVE('',#37,#35,#3732,.T.);
#3730=EDGE_CURVE('',#35,#67,#3733,.T.);
#3731=LINE('',#66,#3734);
#3732=LINE('',#36,#3735);
#3733=LINE('',#34,#3736);
#3734=VECTOR('',#3737,1.0);
#3735=VECTOR('',#3738,1.0);
#3736=VECTOR('',#3739,1.0);
#3737=DIRECTION('',(0.9569434430278525,0,0.2902744336761321));
#3738=DIRECTION('',(0.9951851246628347,0,0.09801309937869586));
#3739=DIRECTION('',(-0.9807867533411825,0,-0.19508291691089338));
#3740=FACE_SURFACE('',(#3745),#3741,.T.);
#3741=PLANE('',#3742);
#3742=AXIS2_PLACEMENT_3D('',#34,#3743,#3744);
#3743=DIRECTION('',(0,1,0));
#3744=DIRECTION('',(0.9951851246628347,0,-0.09801309937869586));
#3745=FACE_BOUND('',#3746,.T.);
#3746=EDGE_LOOP('',(#3747,#3748,#3749));
#3747=ORIENTED_EDGE('',*,*,#3750,.T.);
#3748=ORIENTED_EDGE('',*,*,#3751,.T.);
#3749=ORIENTED_EDGE('',*,*,#3752,.T.);
#3750=EDGE_CURVE('',#35,#327,#3753,.F.);
#3751=EDGE_CURVE('',#327,#311,#3754,.T.);
#3752=EDGE_CURVE('',#311,#35,#3755,.T.);
#3753=LINE('',#34,#3756);
#3754=LINE('',#326,#3757);
#3755=LINE('',#310,#3758);
#3756=VECTOR('',#3759,1.0);
#3757=VECTOR('',#3760,1.0);
#3758=VECTOR('',#3761,1.0);
#3759=DIRECTION('',(0.9951851246628347,0,-0.09801309937869586));
#3760=DIRECTION('',(0.9569438340105448,0,-0.2902731447261332));
#3761=DIRECTION('',(-0.9807868420660307,0,0.19508247084282837));
#3762=FACE_SURFACE('',(#3767),#3763,.T.);
#3763=PLANE('',#3764);
#3764=AXIS2_PLACEMENT_3D('',#310,#3765,#3766);
#3765=DIRECTION('',(0,1,0));
#3766=DIRECTION('',(0.8819298767883081,0,-0.4713806237300806));
#3767=FACE_BOUND('',#3768,.T.);
#3768=EDGE_LOOP('',(#3769,#3770,#3771));
#3769=ORIENTED_EDGE('',*,*,#3772,.T.);
#3770=ORIENTED_EDGE('',*,*,#3773,.T.);
#3771=ORIENTED_EDGE('',*,*,#3774,.T.);
#3772=EDGE_CURVE('',#311,#291,#3775,.F.);
#3773=EDGE_CURVE('',#291,#287,#3776,.T.);
#3774=EDGE_CURVE('',#287,#311,#3777,.T.);
#3775=LINE('',#310,#3778);
#3776=LINE('',#290,#3779);
#3777=LINE('',#286,#3780);
#3778=VECTOR('',#3781,1.0);
#3779=VECTOR('',#3782,1.0);
#3780=VECTOR('',#3783,1.0);
#3781=DIRECTION('',(0.8819298767883081,0,-0.4713806237300806));
#3782=DIRECTION('',(0.7730233692041298,0,-0.6343775458386712));
#3783=DIRECTION('',(-0.8314805504596219,0,0.5555538625618259));
#3784=FACE_SURFACE('',(#3789),#3785,.T.);
#3785=PLANE('',#3786);
#3786=AXIS2_PLACEMENT_3D('',#286,#3787,#3788);
#3787=DIRECTION('',(0,1,0));
#3788=DIRECTION('',(0.6344081255317636,0,-0.7729982731282614));
#3789=FACE_BOUND('',#3790,.T.);
#3790=EDGE_LOOP('',(#3791,#3792,#3793));
#3791=ORIENTED_EDGE('',*,*,#3794,.T.);
#3792=ORIENTED_EDGE('',*,*,#3795,.T.);
#3793=ORIENTED_EDGE('',*,*,#3796,.T.);
#3794=EDGE_CURVE('',#287,#251,#3797,.F.);
#3795=EDGE_CURVE('',#251,#243,#3798,.T.);
#3796=EDGE_CURVE('',#243,#287,#3799,.T.);
#3797=LINE('',#286,#3800);
#3798=LINE('',#250,#3801);
#3799=LINE('',#242,#3802);
#3800=VECTOR('',#3803,1.0);
#3801=VECTOR('',#3804,1.0);
#3802=VECTOR('',#3805,1.0);
#3803=DIRECTION('',(0.6344081255317636,0,-0.7729982731282614));
#3804=DIRECTION('',(0.4714134261998959,0,-0.8819123434891221));
#3805=DIRECTION('',(-0.5555863360228731,0,0.8314588523941995));
#3806=FACE_SURFACE('',(#3811),#3807,.T.);
#3807=PLANE('',#3808);
#3808=AXIS2_PLACEMENT_3D('',#242,#3809,#3810);
#3809=DIRECTION('',(0,1,0));
#3810=DIRECTION('',(0.29029598978490984,0,-0.9569369040405954));
#3811=FACE_BOUND('',#3812,.T.);
#3812=EDGE_LOOP('',(#3813,#3814,#3815));
#3813=ORIENTED_EDGE('',*,*,#3816,.T.);
#3814=ORIENTED_EDGE('',*,*,#3817,.T.);
#3815=ORIENTED_EDGE('',*,*,#3818,.T.);
#3816=EDGE_CURVE('',#243,#235,#3819,.F.);
#3817=EDGE_CURVE('',#235,#227,#3820,.T.);
#3818=EDGE_CURVE('',#227,#243,#3821,.T.);
#3819=LINE('',#242,#3822);
#3820=LINE('',#234,#3823);
#3821=LINE('',#226,#3824);
#3822=VECTOR('',#3825,1.0);
#3823=VECTOR('',#3826,1.0);
#3824=VECTOR('',#3827,1.0);
#3825=DIRECTION('',(0.29029598978490984,0,-0.9569369040405954));
#3826=DIRECTION('',(0.09802010208099197,0,-0.9951844349606921));
#3827=DIRECTION('',(-0.19509773112826823,0,0.980783806610102));
#3828=FACE_SURFACE('',(#3833),#3829,.T.);
#3829=PLANE('',#3830);
#3830=AXIS2_PLACEMENT_3D('',#226,#3831,#3832);
#3831=DIRECTION('',(0,1,0));
#3832=DIRECTION('',(-0.09802010208099197,0,-0.9951844349606921));
#3833=FACE_BOUND('',#3834,.T.);
#3834=EDGE_LOOP('',(#3835,#3836,#3837));
#3835=ORIENTED_EDGE('',*,*,#3838,.T.);
#3836=ORIENTED_EDGE('',*,*,#3839,.T.);
#3837=ORIENTED_EDGE('',*,*,#3840,.T.);
#3838=EDGE_CURVE('',#227,#219,#3841,.F.);
#3839=EDGE_CURVE('',#219,#211,#3842,.T.);
#3840=EDGE_CURVE('',#211,#227,#3843,.T.);
#3841=LINE('',#226,#3844);
#3842=LINE('',#218,#3845);
#3843=LINE('',#210,#3846);
#3844=VECTOR('',#3847,1.0);
#3845=VECTOR('',#3848,1.0);
#3846=VECTOR('',#3849,1.0);
#3847=DIRECTION('',(-0.09802010208099197,0,-0.9951844349606921));
#3848=DIRECTION('',(-0.29029590921693954,0,-0.9569369284816583));
#3849=DIRECTION('',(0.19509770324582543,0,0.9807838121564832));
#3850=FACE_SURFACE('',(#3855),#3851,.T.);
#3851=PLANE('',#3852);
#3852=AXIS2_PLACEMENT_3D('',#210,#3853,#3854);
#3853=DIRECTION('',(0,1,0));
#3854=DIRECTION('',(-0.47141366735298756,0,-0.8819122145841993));
#3855=FACE_BOUND('',#3856,.T.);
#3856=EDGE_LOOP('',(#3857,#3858,#3859));
#3857=ORIENTED_EDGE('',*,*,#3860,.T.);
#3858=ORIENTED_EDGE('',*,*,#3861,.T.);
#3859=ORIENTED_EDGE('',*,*,#3862,.T.);
#3860=EDGE_CURVE('',#211,#203,#3863,.F.);
#3861=EDGE_CURVE('',#203,#195,#3864,.T.);
#3862=EDGE_CURVE('',#195,#211,#3865,.T.);
#3863=LINE('',#210,#3866);
#3864=LINE('',#202,#3867);
#3865=LINE('',#194,#3868);
#3866=VECTOR('',#3869,1.0);
#3867=VECTOR('',#3870,1.0);
#3868=VECTOR('',#3871,1.0);
#3869=DIRECTION('',(-0.47141366735298756,0,-0.8819122145841993));
#3870=DIRECTION('',(-0.6344088366636872,0,-0.7729976894939772));
#3871=DIRECTION('',(0.5555868072072535,0,0.8314585375454691));
#3872=FACE_SURFACE('',(#3877),#3873,.T.);
#3873=PLANE('',#3874);
#3874=AXIS2_PLACEMENT_3D('',#194,#3875,#3876);
#3875=DIRECTION('',(0,1,0));
#3876=DIRECTION('',(-0.7730235114269783,0,-0.6343773725323942));
#3877=FACE_BOUND('',#3878,.T.);
#3878=EDGE_LOOP('',(#3879,#3880,#3881));
#3879=ORIENTED_EDGE('',*,*,#3882,.T.);
#3880=ORIENTED_EDGE('',*,*,#3883,.T.);
#3881=ORIENTED_EDGE('',*,*,#3884,.T.);
#3882=EDGE_CURVE('',#195,#187,#3885,.F.);
#3883=EDGE_CURVE('',#187,#179,#3886,.T.);
#3884=EDGE_CURVE('',#179,#195,#3887,.T.);
#3885=LINE('',#194,#3888);
#3886=LINE('',#186,#3889);
#3887=LINE('',#178,#3890);
#3888=VECTOR('',#3891,1.0);
#3889=VECTOR('',#3892,1.0);
#3890=VECTOR('',#3893,1.0);
#3891=DIRECTION('',(-0.7730235114269783,0,-0.6343773725323942));
#3892=DIRECTION('',(-0.8819295150847315,0,-0.4713813004589918));
#3893=DIRECTION('',(0.831480415842033,0,0.5555540640398193));
#3894=FACE_SURFACE('',(#3899),#3895,.T.);
#3895=PLANE('',#3896);
#3896=AXIS2_PLACEMENT_3D('',#178,#3897,#3898);
#3897=DIRECTION('',(0,1,0));
#3898=DIRECTION('',(-0.9569443979223071,0,-0.2902712856710308));
#3899=FACE_BOUND('',#3900,.T.);
#3900=EDGE_LOOP('',(#3901,#3902,#3903));
#3901=ORIENTED_EDGE('',*,*,#3904,.T.);
#3902=ORIENTED_EDGE('',*,*,#3905,.T.);
#3903=ORIENTED_EDGE('',*,*,#3906,.T.);
#3904=EDGE_CURVE('',#179,#175,#3907,.F.);
#3905=EDGE_CURVE('',#175,#171,#3908,.T.);
#3906=EDGE_CURVE('',#171,#179,#3909,.T.);
#3907=LINE('',#178,#3910);
#3908=LINE('',#174,#3911);
#3909=LINE('',#170,#3912);
#3910=VECTOR('',#3913,1.0);
#3911=VECTOR('',#3914,1.0);
#3912=VECTOR('',#3915,1.0);
#3913=DIRECTION('',(-0.9569443979223071,0,-0.2902712856710308));
#3914=DIRECTION('',(-0.9951850680857411,0,-0.09801367383778031));
#3915=DIRECTION('',(0.980786981461758,0,0.1950817700225554));
#3916=FACE_SURFACE('',(#3921),#3917,.T.);
#3917=PLANE('',#3918);
#3918=AXIS2_PLACEMENT_3D('',#170,#3919,#3920);
#3919=DIRECTION('',(0,1,0));
#3920=DIRECTION('',(-0.9951850680857411,0,0.09801367383778031));
#3921=FACE_BOUND('',#3922,.T.);
#3922=EDGE_LOOP('',(#3923,#3924,#3925));
#3923=ORIENTED_EDGE('',*,*,#3926,.T.);
#3924=ORIENTED_EDGE('',*,*,#3927,.T.);
#3925=ORIENTED_EDGE('',*,*,#3928,.T.);
#3926=EDGE_CURVE('',#171,#167,#3929,.F.);
#3927=EDGE_CURVE('',#167,#163,#3930,.T.);
#3928=EDGE_CURVE('',#163,#171,#3931,.T.);
#3929=LINE('',#170,#3932);
#3930=LINE('',#166,#3933);
#3931=LINE('',#162,#3934);
#3932=VECTOR('',#3935,1.0);
#3933=VECTOR('',#3936,1.0);
#3934=VECTOR('',#3937,1.0);
#3935=DIRECTION('',(-0.9951850680857411,0,0.09801367383778031));
#3936=DIRECTION('',(-0.9569440069443924,0,0.29027257461429373));
#3937=DIRECTION('',(0.9807868927375346,0,-0.19508221608914472));
#3938=FACE_SURFACE('',(#3943),#3939,.T.);
#3939=PLANE('',#3940);
#3940=AXIS2_PLACEMENT_3D('',#162,#3941,#3942);
#3941=DIRECTION('',(0,1,0));
#3942=DIRECTION('',(-0.831480415842033,0,0.5555540640398193));
#3943=FACE_BOUND('',#3944,.T.);
#3944=EDGE_LOOP('',(#3945,#3946,#3947));
#3945=ORIENTED_EDGE('',*,*,#3948,.T.);
#3946=ORIENTED_EDGE('',*,*,#3949,.T.);
#3947=ORIENTED_EDGE('',*,*,#3950,.T.);
#3948=EDGE_CURVE('',#163,#155,#3951,.F.);
#3949=EDGE_CURVE('',#155,#147,#3952,.T.);
#3950=EDGE_CURVE('',#147,#163,#3953,.T.);
#3951=LINE('',#162,#3954);
#3952=LINE('',#154,#3955);
#3953=LINE('',#146,#3956);
#3954=VECTOR('',#3957,1.0);
#3955=VECTOR('',#3958,1.0);
#3956=VECTOR('',#3959,1.0);
#3957=DIRECTION('',(-0.831480415842033,0,0.5555540640398193));
#3958=DIRECTION('',(-0.5555868072072535,0,0.8314585375454691));
#3959=DIRECTION('',(0.7071218606013956,0,-0.7070917014501162));
#3960=FACE_SURFACE('',(#3965),#3961,.T.);
#3961=PLANE('',#3962);
#3962=AXIS2_PLACEMENT_3D('',#146,#3963,#3964);
#3963=DIRECTION('',(0,1,-0));
#3964=DIRECTION('',(-0.19509994594786195,0,0.9807833660351002));
#3965=FACE_BOUND('',#3966,.T.);
#3966=EDGE_LOOP('',(#3967,#3968,#3969));
#3967=ORIENTED_EDGE('',*,*,#3970,.T.);
#3968=ORIENTED_EDGE('',*,*,#3971,.T.);
#3969=ORIENTED_EDGE('',*,*,#3972,.T.);
#3970=EDGE_CURVE('',#147,#139,#3973,.F.);
#3971=EDGE_CURVE('',#139,#131,#3974,.T.);
#3972=EDGE_CURVE('',#131,#147,#3975,.T.);
#3973=LINE('',#146,#3976);
#3974=LINE('',#138,#3977);
#3975=LINE('',#130,#3978);
#3976=VECTOR('',#3979,1.0);
#3977=VECTOR('',#3980,1.0);
#3978=VECTOR('',#3981,1.0);
#3979=DIRECTION('',(-0.19509994594786195,0,0.9807833660351002));
#3980=DIRECTION('',(0.19509997383059985,0,0.9807833604885939));
#3981=DIRECTION('',(0,0,-1));
#3982=FACE_SURFACE('',(#3987),#3983,.T.);
#3983=PLANE('',#3984);
#3984=AXIS2_PLACEMENT_3D('',#130,#3985,#3986);
#3985=DIRECTION('',(0,1,0));
#3986=DIRECTION('',(0.5555863360228731,0,0.8314588523941995));
#3987=FACE_BOUND('',#3988,.T.);
#3988=EDGE_LOOP('',(#3989,#3990,#3991));
#3989=ORIENTED_EDGE('',*,*,#3992,.T.);
#3990=ORIENTED_EDGE('',*,*,#3993,.T.);
#3991=ORIENTED_EDGE('',*,*,#3994,.T.);
#3992=EDGE_CURVE('',#131,#99,#3995,.F.);
#3993=EDGE_CURVE('',#99,#67,#3996,.T.);
#3994=EDGE_CURVE('',#67,#131,#3997,.T.);
#3995=LINE('',#130,#3998);
#3996=LINE('',#98,#3999);
#3997=LINE('',#66,#4000);
#3998=VECTOR('',#4001,1.0);
#3999=VECTOR('',#4002,1.0);
#4000=VECTOR('',#4003,1.0);
#4001=DIRECTION('',(0.5555863360228731,0,0.8314588523941995));
#4002=DIRECTION('',(0.8314805504596219,0,0.5555538625618259));
#4003=DIRECTION('',(-0.7071216748923606,0,-0.7070918871670235));
#4004=FACE_SURFACE('',(#4009),#4005,.T.);
#4005=PLANE('',#4006);
#4006=AXIS2_PLACEMENT_3D('',#66,#4007,#4008);
#4007=DIRECTION('',(0,1,0));
#4008=DIRECTION('',(0.9807867533411825,0,0.19508291691089338));
#4009=FACE_BOUND('',#4010,.T.);
#4010=EDGE_LOOP('',(#4011,#4012,#4013));
#4011=ORIENTED_EDGE('',*,*,#4014,.T.);
#4012=ORIENTED_EDGE('',*,*,#4015,.T.);
#4013=ORIENTED_EDGE('',*,*,#4016,.T.);
#4014=EDGE_CURVE('',#67,#35,#4017,.F.);
#4015=EDGE_CURVE('',#35,#311,#4018,.T.);
#4016=EDGE_CURVE('',#311,#67,#4019,.T.);
#4017=LINE('',#66,#4020);
#4018=LINE('',#34,#4021);
#4019=LINE('',#310,#4022);
#4020=VECTOR('',#4023,1.0);
#4021=VECTOR('',#4024,1.0);
#4022=VECTOR('',#4025,1.0);
#4023=DIRECTION('',(0.9807867533411825,0,0.19508291691089338));
#4024=DIRECTION('',(0.9807868420660307,0,-0.19508247084282837));
#4025=DIRECTION('',(-1,0,0));
#4026=FACE_SURFACE('',(#4031),#4027,.T.);
#4027=PLANE('',#4028);
#4028=AXIS2_PLACEMENT_3D('',#310,#4029,#4030);
#4029=DIRECTION('',(0,1,0));
#4030=DIRECTION('',(0.8314805504596219,0,-0.5555538625618259));
#4031=FACE_BOUND('',#4032,.T.);
#4032=EDGE_LOOP('',(#4033,#4034,#4035));
#4033=ORIENTED_EDGE('',*,*,#4036,.T.);
#4034=ORIENTED_EDGE('',*,*,#4037,.T.);
#4035=ORIENTED_EDGE('',*,*,#4038,.T.);
#4036=EDGE_CURVE('',#311,#287,#4039,.F.);
#4037=EDGE_CURVE('',#287,#243,#4040,.T.);
#4038=EDGE_CURVE('',#243,#311,#4041,.T.);
#4039=LINE('',#310,#4042);
#4040=LINE('',#286,#4043);
#4041=LINE('',#242,#4044);
#4042=VECTOR('',#4045,1.0);
#4043=VECTOR('',#4046,1.0);
#4044=VECTOR('',#4047,1.0);
#4045=DIRECTION('',(0.8314805504596219,0,-0.5555538625618259));
#4046=DIRECTION('',(0.5555863360228731,0,-0.8314588523941995));
#4047=DIRECTION('',(-0.7071216748923606,0,0.7070918871670235));
#4048=FACE_SURFACE('',(#4053),#4049,.T.);
#4049=PLANE('',#4050);
#4050=AXIS2_PLACEMENT_3D('',#242,#4051,#4052);
#4051=DIRECTION('',(0,1,0));
#4052=DIRECTION('',(0.19509773112826823,0,-0.980783806610102));
#4053=FACE_BOUND('',#4054,.T.);
#4054=EDGE_LOOP('',(#4055,#4056,#4057));
#4055=ORIENTED_EDGE('',*,*,#4058,.T.);
#4056=ORIENTED_EDGE('',*,*,#4059,.T.);
#4057=ORIENTED_EDGE('',*,*,#4060,.T.);
#4058=EDGE_CURVE('',#243,#227,#4061,.F.);
#4059=EDGE_CURVE('',#227,#211,#4062,.T.);
#4060=EDGE_CURVE('',#211,#243,#4063,.T.);
#4061=LINE('',#242,#4064);
#4062=LINE('',#226,#4065);
#4063=LINE('',#210,#4066);
#4064=VECTOR('',#4067,1.0);
#4065=VECTOR('',#4068,1.0);
#4066=VECTOR('',#4069,1.0);
#4067=DIRECTION('',(0.19509773112826823,0,-0.980783806610102));
#4068=DIRECTION('',(-0.19509770324582543,0,-0.9807838121564832));
#4069=DIRECTION('',(0,0,1));
#4070=FACE_SURFACE('',(#4075),#4071,.T.);
#4071=PLANE('',#4072);
#4072=AXIS2_PLACEMENT_3D('',#210,#4073,#4074);
#4073=DIRECTION('',(0,1,0));
#4074=DIRECTION('',(-0.5555868072072535,0,-0.8314585375454691));
#4075=FACE_BOUND('',#4076,.T.);
#4076=EDGE_LOOP('',(#4077,#4078,#4079));
#4077=ORIENTED_EDGE('',*,*,#4080,.T.);
#4078=ORIENTED_EDGE('',*,*,#4081,.T.);
#4079=ORIENTED_EDGE('',*,*,#4082,.T.);
#4080=EDGE_CURVE('',#211,#195,#4083,.F.);
#4081=EDGE_CURVE('',#195,#179,#4084,.T.);
#4082=EDGE_CURVE('',#179,#211,#4085,.T.);
#4083=LINE('',#210,#4086);
#4084=LINE('',#194,#4087);
#4085=LINE('',#178,#4088);
#4086=VECTOR('',#4089,1.0);
#4087=VECTOR('',#4090,1.0);
#4088=VECTOR('',#4091,1.0);
#4089=DIRECTION('',(-0.5555868072072535,0,-0.8314585375454691));
#4090=DIRECTION('',(-0.831480415842033,0,-0.5555540640398193));
#4091=DIRECTION('',(0.7071218606013956,0,0.7070917014501162));
#4092=FACE_SURFACE('',(#4097),#4093,.T.);
#4093=PLANE('',#4094);
#4094=AXIS2_PLACEMENT_3D('',#178,#4095,#4096);
#4095=DIRECTION('',(0,1,0));
#4096=DIRECTION('',(-0.980786981461758,0,-0.1950817700225554));
#4097=FACE_BOUND('',#4098,.T.);
#4098=EDGE_LOOP('',(#4099,#4100,#4101));
#4099=ORIENTED_EDGE('',*,*,#4102,.T.);
#4100=ORIENTED_EDGE('',*,*,#4103,.T.);
#4101=ORIENTED_EDGE('',*,*,#4104,.T.);
#4102=EDGE_CURVE('',#179,#171,#4105,.F.);
#4103=EDGE_CURVE('',#171,#163,#4106,.T.);
#4104=EDGE_CURVE('',#163,#179,#4107,.T.);
#4105=LINE('',#178,#4108);
#4106=LINE('',#170,#4109);
#4107=LINE('',#162,#4110);
#4108=VECTOR('',#4111,1.0);
#4109=VECTOR('',#4112,1.0);
#4110=VECTOR('',#4113,1.0);
#4111=DIRECTION('',(-0.980786981461758,0,-0.1950817700225554));
#4112=DIRECTION('',(-0.9807868927375346,0,0.19508221608914472));
#4113=DIRECTION('',(1,0,0));
#4114=FACE_SURFACE('',(#4119),#4115,.T.);
#4115=PLANE('',#4116);
#4116=AXIS2_PLACEMENT_3D('',#162,#4117,#4118);
#4117=DIRECTION('',(0,1,0));
#4118=DIRECTION('',(-0.7071218606013956,0,0.7070917014501162));
#4119=FACE_BOUND('',#4120,.T.);
#4120=EDGE_LOOP('',(#4121,#4122,#4123));
#4121=ORIENTED_EDGE('',*,*,#4124,.T.);
#4122=ORIENTED_EDGE('',*,*,#4125,.T.);
#4123=ORIENTED_EDGE('',*,*,#4126,.T.);
#4124=EDGE_CURVE('',#163,#147,#4127,.F.);
#4125=EDGE_CURVE('',#147,#131,#4128,.T.);
#4126=EDGE_CURVE('',#131,#163,#4129,.T.);
#4127=LINE('',#162,#4130);
#4128=LINE('',#146,#4131);
#4129=LINE('',#130,#4132);
#4130=VECTOR('',#4133,1.0);
#4131=VECTOR('',#4134,1.0);
#4132=VECTOR('',#4135,1.0);
#4133=DIRECTION('',(-0.7071218606013956,0,0.7070917014501162));
#4134=DIRECTION('',(0,0,1));
#4135=DIRECTION('',(0.38269723915310805,0,-0.9238738134315686));
#4136=FACE_SURFACE('',(#4141),#4137,.T.);
#4137=PLANE('',#4138);
#4138=AXIS2_PLACEMENT_3D('',#130,#4139,#4140);
#4139=DIRECTION('',(0,1,0));
#4140=DIRECTION('',(0.7071216748923606,0,0.7070918871670235));
#4141=FACE_BOUND('',#4142,.T.);
#4142=EDGE_LOOP('',(#4143,#4144,#4145));
#4143=ORIENTED_EDGE('',*,*,#4146,.T.);
#4144=ORIENTED_EDGE('',*,*,#4147,.T.);
#4145=ORIENTED_EDGE('',*,*,#4148,.T.);
#4146=EDGE_CURVE('',#131,#67,#4149,.F.);
#4147=EDGE_CURVE('',#67,#311,#4150,.T.);
#4148=EDGE_CURVE('',#311,#131,#4151,.T.);
#4149=LINE('',#130,#4152);
#4150=LINE('',#66,#4153);
#4151=LINE('',#310,#4154);
#4152=VECTOR('',#4155,1.0);
#4153=VECTOR('',#4156,1.0);
#4154=VECTOR('',#4157,1.0);
#4155=DIRECTION('',(0.7071216748923606,0,0.7070918871670235));
#4156=DIRECTION('',(1,0,0));
#4157=DIRECTION('',(-0.9238853475167148,0,-0.38266939339842576));
#4158=FACE_SURFACE('',(#4163),#4159,.T.);
#4159=PLANE('',#4160);
#4160=AXIS2_PLACEMENT_3D('',#310,#4161,#4162);
#4161=DIRECTION('',(0,1,0));
#4162=DIRECTION('',(0.7071216748923606,0,-0.7070918871670235));
#4163=FACE_BOUND('',#4164,.T.);
#4164=EDGE_LOOP('',(#4165,#4166,#4167));
#4165=ORIENTED_EDGE('',*,*,#4168,.T.);
#4166=ORIENTED_EDGE('',*,*,#4169,.T.);
#4167=ORIENTED_EDGE('',*,*,#4170,.T.);
#4168=EDGE_CURVE('',#311,#243,#4171,.F.);
#4169=EDGE_CURVE('',#243,#211,#4172,.T.);
#4170=EDGE_CURVE('',#211,#311,#4173,.T.);
#4171=LINE('',#310,#4174);
#4172=LINE('',#242,#4175);
#4173=LINE('',#210,#4176);
#4174=VECTOR('',#4177,1.0);
#4175=VECTOR('',#4178,1.0);
#4176=VECTOR('',#4179,1.0);
#4177=DIRECTION('',(0.7071216748923606,0,-0.7070918871670235));
#4178=DIRECTION('',(0,0,-1));
#4179=DIRECTION('',(-0.3826971680821672,0,0.9238738428713573));
#4180=FACE_SURFACE('',(#4185),#4181,.T.);
#4181=PLANE('',#4182);
#4182=AXIS2_PLACEMENT_3D('',#210,#4183,#4184);
#4183=DIRECTION('',(0,1,0));
#4184=DIRECTION('',(-0.7071218606013956,0,-0.7070917014501162));
#4185=FACE_BOUND('',#4186,.T.);
#4186=EDGE_LOOP('',(#4187,#4188,#4189));
#4187=ORIENTED_EDGE('',*,*,#4190,.T.);
#4188=ORIENTED_EDGE('',*,*,#4191,.T.);
#4189=ORIENTED_EDGE('',*,*,#4192,.T.);
#4190=EDGE_CURVE('',#211,#179,#4193,.F.);
#4191=EDGE_CURVE('',#179,#163,#4194,.T.);
#4192=EDGE_CURVE('',#163,#211,#4195,.T.);
#4193=LINE('',#210,#4196);
#4194=LINE('',#178,#4197);
#4195=LINE('',#162,#4198);
#4196=VECTOR('',#4199,1.0);
#4197=VECTOR('',#4200,1.0);
#4198=VECTOR('',#4201,1.0);
#4199=DIRECTION('',(-0.7071218606013956,0,-0.7070917014501162));
#4200=DIRECTION('',(-1,0,0));
#4201=DIRECTION('',(0.9238854185811959,0,0.38266922182617247));
#4202=FACE_SURFACE('',(#4207),#4203,.T.);
#4203=PLANE('',#4204);
#4204=AXIS2_PLACEMENT_3D('',#162,#4205,#4206);
#4205=DIRECTION('',(0,1,-0));
#4206=DIRECTION('',(-0.38269723915310805,0,0.9238738134315686));
#4207=FACE_BOUND('',#4208,.T.);
#4208=EDGE_LOOP('',(#4209,#4210,#4211));
#4209=ORIENTED_EDGE('',*,*,#4212,.T.);
#4210=ORIENTED_EDGE('',*,*,#4213,.T.);
#4211=ORIENTED_EDGE('',*,*,#4214,.T.);
#4212=EDGE_CURVE('',#163,#131,#4215,.F.);
#4213=EDGE_CURVE('',#131,#311,#4216,.T.);
#4214=EDGE_CURVE('',#311,#163,#4217,.T.);
#4215=LINE('',#162,#4218);
#4216=LINE('',#130,#4219);
#4217=LINE('',#310,#4220);
#4218=VECTOR('',#4221,1.0);
#4219=VECTOR('',#4222,1.0);
#4220=VECTOR('',#4223,1.0);
#4221=DIRECTION('',(-0.38269723915310805,0,0.9238738134315686));
#4222=DIRECTION('',(0.9238853475167148,0,0.38266939339842576));
#4223=DIRECTION('',(-0.382697701832028,0,-0.9238736217754483));
#4224=FACE_SURFACE('',(#4229),#4225,.T.);
#4225=PLANE('',#4226);
#4226=AXIS2_PLACEMENT_3D('',#310,#4227,#4228);
#4227=DIRECTION('',(0,1,0));
#4228=DIRECTION('',(0.3826971680821672,0,-0.9238738428713573));
#4229=FACE_BOUND('',#4230,.T.);
#4230=EDGE_LOOP('',(#4231,#4232,#4233));
#4231=ORIENTED_EDGE('',*,*,#4234,.T.);
#4232=ORIENTED_EDGE('',*,*,#4235,.T.);
#4233=ORIENTED_EDGE('',*,*,#4236,.T.);
#4234=EDGE_CURVE('',#311,#211,#4237,.F.);
#4235=EDGE_CURVE('',#211,#163,#4238,.T.);
#4236=EDGE_CURVE('',#163,#311,#4239,.T.);
#4237=LINE('',#310,#4240);
#4238=LINE('',#210,#4241);
#4239=LINE('',#162,#4242);
#4240=VECTOR('',#4243,1.0);
#4241=VECTOR('',#4244,1.0);
#4242=VECTOR('',#4245,1.0);
#4243=DIRECTION('',(0.3826971680821672,0,-0.9238738428713573));
#4244=DIRECTION('',(-0.9238854185811959,0,-0.38266922182617247));
#4245=DIRECTION('',(0.382697701832028,0,0.9238736217754483));
#4246=FACE_SURFACE('',(#4251),#4247,.T.);
#4247=PLANE('',#4248);
#4248=AXIS2_PLACEMENT_3D('',#312,#4249,#4250);
#4249=DIRECTION('',(0.29027314472613297,-3.867866576909091E-08,0.9569438340105442));
#4250=DIRECTION('',(-3.012596872562772E-07,0.9999999999999459,1.3180111317462126E-07));
#4251=FACE_BOUND('',#4252,.T.);
#4252=EDGE_LOOP('',(#4253,#4254,#4255));
#4253=ORIENTED_EDGE('',*,*,#4256,.T.);
#4254=ORIENTED_EDGE('',*,*,#4257,.T.);
#4255=ORIENTED_EDGE('',*,*,#4258,.T.);
#4256=EDGE_CURVE('',#313,#311,#4259,.F.);
#4257=EDGE_CURVE('',#311,#327,#4260,.T.);
#4258=EDGE_CURVE('',#327,#313,#4261,.T.);
#4259=LINE('',#312,#4262);
#4260=LINE('',#310,#4263);
#4261=LINE('',#326,#4264);
#4262=VECTOR('',#4265,1.0);
#4263=VECTOR('',#4266,1.0);
#4264=VECTOR('',#4267,1.0);
#4265=DIRECTION('',(-3.012596872562772E-07,0.9999999999999459,1.3180111317462126E-07));
#4266=DIRECTION('',(-0.9569438340105448,0,0.2902731447261332));
#4267=DIRECTION('',(0.020704747131403477,-0.9997659070818129,-0.006280484304930494));
#4268=FACE_SURFACE('',(#4273),#4269,.T.);
#4269=PLANE('',#4270);
#4270=AXIS2_PLACEMENT_3D('',#312,#4271,#4272);
#4271=DIRECTION('',(0.29027416809607065,-1.5535025410108112E-08,0.9569435235875385));
#4272=DIRECTION('',(-0.020704747131403477,0.9997659070818129,0.006280484304930494));
#4273=FACE_BOUND('',#4274,.T.);
#4274=EDGE_LOOP('',(#4275,#4276,#4277));
#4275=ORIENTED_EDGE('',*,*,#4278,.T.);
#4276=ORIENTED_EDGE('',*,*,#4279,.T.);
#4277=ORIENTED_EDGE('',*,*,#4280,.T.);
#4278=EDGE_CURVE('',#313,#327,#4281,.F.);
#4279=EDGE_CURVE('',#327,#329,#4282,.T.);
#4280=EDGE_CURVE('',#329,#313,#4283,.T.);
#4281=LINE('',#312,#4284);
#4282=LINE('',#326,#4285);
#4283=LINE('',#328,#4286);
#4284=VECTOR('',#4287,1.0);
#4285=VECTOR('',#4288,1.0);
#4286=VECTOR('',#4289,1.0);
#4287=DIRECTION('',(-0.020704747131403477,0.9997659070818129,0.006280484304930494));
#4288=DIRECTION('',(4.016795830083551E-07,-0.9999999999999098,-1.3807735665912204E-07));
#4289=DIRECTION('',(0.9569435235875385,0,-0.29027416809607065));
#4290=FACE_SURFACE('',(#4295),#4291,.T.);
#4291=PLANE('',#4292);
#4292=AXIS2_PLACEMENT_3D('',#316,#4293,#4294);
#4293=DIRECTION('',(0.29027416809607043,4.215706812429668E-08,0.9569435235875378));
#4294=DIRECTION('',(-3.8031674489937726E-07,0.9999999999999251,7.130938966863324E-08));
#4295=FACE_BOUND('',#4296,.T.);
#4296=EDGE_LOOP('',(#4297,#4298,#4299));
#4297=ORIENTED_EDGE('',*,*,#4300,.T.);
#4298=ORIENTED_EDGE('',*,*,#4301,.T.);
#4299=ORIENTED_EDGE('',*,*,#4302,.T.);
#4300=EDGE_CURVE('',#317,#315,#4303,.F.);
#4301=EDGE_CURVE('',#315,#331,#4304,.T.);
#4302=EDGE_CURVE('',#331,#317,#4305,.T.);
#4303=LINE('',#316,#4306);
#4304=LINE('',#314,#4307);
#4305=LINE('',#330,#4308);
#4306=VECTOR('',#4309,1.0);
#4307=VECTOR('',#4310,1.0);
#4308=VECTOR('',#4311,1.0);
#4309=DIRECTION('',(-3.8031674489937726E-07,0.9999999999999251,7.130938966863324E-08));
#4310=DIRECTION('',(-0.9569435235875385,0,0.29027416809607065));
#4311=DIRECTION('',(0.07816946818302535,-0.9966580660133131,-0.023711467575528552));
#4312=FACE_SURFACE('',(#4317),#4313,.T.);
#4313=PLANE('',#4314);
#4314=AXIS2_PLACEMENT_3D('',#316,#4315,#4316);
#4315=DIRECTION('',(0.29027390251594215,1.9410606588721777E-08,0.9569436041471644));
#4316=DIRECTION('',(-0.07816946818302535,0.9966580660133131,0.023711467575528552));
#4317=FACE_BOUND('',#4318,.T.);
#4318=EDGE_LOOP('',(#4319,#4320,#4321));
#4319=ORIENTED_EDGE('',*,*,#4322,.T.);
#4320=ORIENTED_EDGE('',*,*,#4323,.T.);
#4321=ORIENTED_EDGE('',*,*,#4324,.T.);
#4322=EDGE_CURVE('',#317,#331,#4325,.F.);
#4323=EDGE_CURVE('',#331,#333,#4326,.T.);
#4324=EDGE_CURVE('',#333,#317,#4327,.T.);
#4325=LINE('',#316,#4328);
#4326=LINE('',#330,#4329);
#4327=LINE('',#332,#4330);
#4328=VECTOR('',#4331,1.0);
#4329=VECTOR('',#4332,1.0);
#4330=VECTOR('',#4333,1.0);
#4331=DIRECTION('',(-0.07816946818302535,0.9966580660133131,0.023711467575528552));
#4332=DIRECTION('',(3.803167448993765E-07,-0.9999999999999232,-9.507918622484413E-08));
#4333=DIRECTION('',(0.9569436041471646,0,-0.2902739025159422));
#4334=FACE_SURFACE('',(#4339),#4335,.T.);
#4335=PLANE('',#4336);
#4336=AXIS2_PLACEMENT_3D('',#320,#4337,#4338);
#4337=DIRECTION('',(0.2902726135677737,4.2322121497424766E-08,0.9569439951285197));
#4338=DIRECTION('',(-3.818114202850011E-07,0.9999999999999246,7.15896413034377E-08));
#4339=FACE_BOUND('',#4340,.T.);
#4340=EDGE_LOOP('',(#4341,#4342,#4343));
#4341=ORIENTED_EDGE('',*,*,#4344,.T.);
#4342=ORIENTED_EDGE('',*,*,#4345,.T.);
#4343=ORIENTED_EDGE('',*,*,#4346,.T.);
#4344=EDGE_CURVE('',#321,#319,#4347,.F.);
#4345=EDGE_CURVE('',#319,#335,#4348,.T.);
#4346=EDGE_CURVE('',#335,#321,#4349,.T.);
#4347=LINE('',#320,#4350);
#4348=LINE('',#318,#4351);
#4349=LINE('',#334,#4352);
#4350=VECTOR('',#4353,1.0);
#4351=VECTOR('',#4354,1.0);
#4352=VECTOR('',#4355,1.0);
#4353=DIRECTION('',(-3.818114202850011E-07,0.9999999999999246,7.15896413034377E-08));
#4354=DIRECTION('',(-0.9569439951259163,-2.320122959471641E-06,0.29027261356708656));
#4355=DIRECTION('',(0.07847501163051003,-0.9966318486039394,-0.0238040101219467));
#4356=FACE_SURFACE('',(#4361),#4357,.T.);
#4357=PLANE('',#4358);
#4358=AXIS2_PLACEMENT_3D('',#320,#4359,#4360);
#4359=DIRECTION('',(0.2902723479886345,1.9486257007163257E-08,0.9569440756873749));
#4360=DIRECTION('',(-0.07847501163051003,0.9966318486039394,0.0238040101219467));
#4361=FACE_BOUND('',#4362,.T.);
#4362=EDGE_LOOP('',(#4363,#4364,#4365));
#4363=ORIENTED_EDGE('',*,*,#4366,.T.);
#4364=ORIENTED_EDGE('',*,*,#4367,.T.);
#4365=ORIENTED_EDGE('',*,*,#4368,.T.);
#4366=EDGE_CURVE('',#321,#335,#4369,.F.);
#4367=EDGE_CURVE('',#335,#337,#4370,.T.);
#4368=EDGE_CURVE('',#337,#321,#4371,.T.);
#4369=LINE('',#320,#4372);
#4370=LINE('',#334,#4373);
#4371=LINE('',#336,#4374);
#4372=VECTOR('',#4375,1.0);
#4373=VECTOR('',#4376,1.0);
#4374=VECTOR('',#4377,1.0);
#4375=DIRECTION('',(-0.07847501163051003,0.9966318486039394,0.0238040101219467));
#4376=DIRECTION('',(3.818114931749945E-07,-0.9999999999999225,-9.545287329374862E-08));
#4377=DIRECTION('',(0.9569440756873753,0,-0.2902723479886346));
#4378=FACE_SURFACE('',(#4383),#4379,.T.);
#4379=PLANE('',#4380);
#4380=AXIS2_PLACEMENT_3D('',#338,#4381,#4382);
#4381=DIRECTION('',(0.2902726135678647,1.4755569078361357E-07,0.9569439951284816));
#4382=DIRECTION('',(0.9569439951284919,0,-0.2902726135678679));
#4383=FACE_BOUND('',#4384,.T.);
#4384=EDGE_LOOP('',(#4385,#4386,#4387));
#4385=ORIENTED_EDGE('',*,*,#4388,.T.);
#4386=ORIENTED_EDGE('',*,*,#4389,.T.);
#4387=ORIENTED_EDGE('',*,*,#4390,.T.);
#4388=EDGE_CURVE('',#339,#323,#4391,.F.);
#4389=EDGE_CURVE('',#323,#325,#4392,.T.);
#4390=EDGE_CURVE('',#325,#339,#4393,.T.);
#4391=LINE('',#338,#4394);
#4392=LINE('',#322,#4395);
#4393=LINE('',#324,#4396);
#4394=VECTOR('',#4397,1.0);
#4395=VECTOR('',#4398,1.0);
#4396=VECTOR('',#4399,1.0);
#4397=DIRECTION('',(0.9569439951284919,0,-0.2902726135678679));
#4398=DIRECTION('',(-7.742009407571353E-07,0.999999999999697,8.064593132886825E-08));
#4399=DIRECTION('',(-0.05313749294306565,-0.9984571100703142,0.016118504699938366));
#4400=FACE_SURFACE('',(#4405),#4401,.T.);
#4401=PLANE('',#4402);
#4402=AXIS2_PLACEMENT_3D('',#338,#4403,#4404);
#4403=DIRECTION('',(0.29027363693574554,8.808119011583062E-08,0.9569436847067267));
#4404=DIRECTION('',(0.05313749294306565,0.9984571100703142,-0.016118504699938366));
#4405=FACE_BOUND('',#4406,.T.);
#4406=EDGE_LOOP('',(#4407,#4408,#4409));
#4407=ORIENTED_EDGE('',*,*,#4410,.T.);
#4408=ORIENTED_EDGE('',*,*,#4411,.T.);
#4409=ORIENTED_EDGE('',*,*,#4412,.T.);
#4410=EDGE_CURVE('',#339,#325,#4413,.F.);
#4411=EDGE_CURVE('',#325,#341,#4414,.T.);
#4412=EDGE_CURVE('',#341,#339,#4415,.T.);
#4413=LINE('',#338,#4416);
#4414=LINE('',#324,#4417);
#4415=LINE('',#340,#4418);
#4416=VECTOR('',#4419,1.0);
#4417=VECTOR('',#4420,1.0);
#4418=VECTOR('',#4421,1.0);
#4419=DIRECTION('',(0.05313749294306565,0.9984571100703142,-0.016118504699938366));
#4420=DIRECTION('',(-0.9569436847067304,0,0.29027363693574665));
#4421=DIRECTION('',(5.161339605048434E-07,-0.9999999999998647,-6.451674506310542E-08));
#4422=FACE_SURFACE('',(#4427),#4423,.T.);
#4423=PLANE('',#4424);
#4424=AXIS2_PLACEMENT_3D('',#326,#4425,#4426);
#4425=DIRECTION('',(0.09801309937869539,-9.804267051214043E-08,0.9951851246628299));
#4426=DIRECTION('',(-0.9951851246628347,0,0.09801309937869586));
#4427=FACE_BOUND('',#4428,.T.);
#4428=EDGE_LOOP('',(#4429,#4430,#4431));
#4429=ORIENTED_EDGE('',*,*,#4432,.T.);
#4430=ORIENTED_EDGE('',*,*,#4433,.T.);
#4431=ORIENTED_EDGE('',*,*,#4434,.T.);
#4432=EDGE_CURVE('',#327,#35,#4435,.F.);
#4433=EDGE_CURVE('',#35,#41,#4436,.T.);
#4434=EDGE_CURVE('',#41,#327,#4437,.T.);
#4435=LINE('',#326,#4438);
#4436=LINE('',#34,#4439);
#4437=LINE('',#40,#4440);
#4438=VECTOR('',#4441,1.0);
#4439=VECTOR('',#4442,1.0);
#4440=VECTOR('',#4443,1.0);
#4441=DIRECTION('',(-0.9951851246628347,0,0.09801309937869586));
#4442=DIRECTION('',(4.016795830083551E-07,-0.9999999999999098,-1.3807735665912204E-07));
#4443=DIRECTION('',(0.021531411346565152,0.9997659235657558,-0.0021204721494087705));
#4444=FACE_SURFACE('',(#4449),#4445,.T.);
#4445=PLANE('',#4446);
#4446=AXIS2_PLACEMENT_3D('',#326,#4447,#4448);
#4447=DIRECTION('',(0.09801309937869539,-9.804267051214043E-08,0.9951851246628299));
#4448=DIRECTION('',(-0.021531411346565152,-0.9997659235657558,0.0021204721494087705));
#4449=FACE_BOUND('',#4450,.T.);
#4450=EDGE_LOOP('',(#4451,#4452,#4453));
#4451=ORIENTED_EDGE('',*,*,#4454,.T.);
#4452=ORIENTED_EDGE('',*,*,#4455,.T.);
#4453=ORIENTED_EDGE('',*,*,#4456,.T.);
#4454=EDGE_CURVE('',#327,#41,#4457,.F.);
#4455=EDGE_CURVE('',#41,#329,#4458,.T.);
#4456=EDGE_CURVE('',#329,#327,#4459,.T.);
#4457=LINE('',#326,#4460);
#4458=LINE('',#40,#4461);
#4459=LINE('',#328,#4462);
#4460=VECTOR('',#4463,1.0);
#4461=VECTOR('',#4464,1.0);
#4462=VECTOR('',#4465,1.0);
#4463=DIRECTION('',(-0.021531411346565152,-0.9997659235657558,0.0021204721494087705));
#4464=DIRECTION('',(0.9951851246628347,0,-0.09801309937869586));
#4465=DIRECTION('',(-4.016795830083551E-07,0.9999999999999098,1.3807735665912204E-07));
#4466=FACE_SURFACE('',(#4471),#4467,.T.);
#4467=PLANE('',#4468);
#4468=AXIS2_PLACEMENT_3D('',#332,#4469,#4470);
#4469=DIRECTION('',(0.0980130993786957,-5.734536888281199E-08,0.9951851246628332));
#4470=DIRECTION('',(-3.803167448993765E-07,0.9999999999999232,9.507918622484413E-08));
#4471=FACE_BOUND('',#4472,.T.);
#4472=EDGE_LOOP('',(#4473,#4474,#4475));
#4473=ORIENTED_EDGE('',*,*,#4476,.T.);
#4474=ORIENTED_EDGE('',*,*,#4477,.T.);
#4475=ORIENTED_EDGE('',*,*,#4478,.T.);
#4476=EDGE_CURVE('',#333,#331,#4479,.F.);
#4477=EDGE_CURVE('',#331,#43,#4480,.T.);
#4478=EDGE_CURVE('',#43,#333,#4481,.T.);
#4479=LINE('',#332,#4482);
#4480=LINE('',#330,#4483);
#4481=LINE('',#42,#4484);
#4482=VECTOR('',#4485,1.0);
#4483=VECTOR('',#4486,1.0);
#4484=VECTOR('',#4487,1.0);
#4485=DIRECTION('',(-3.803167448993765E-07,0.9999999999999232,9.507918622484413E-08));
#4486=DIRECTION('',(-0.9951851246628347,0,0.09801309937869586));
#4487=DIRECTION('',(0.08129356135278835,-0.9966580425521379,-0.008006441077122759));
#4488=FACE_SURFACE('',(#4493),#4489,.T.);
#4489=PLANE('',#4490);
#4490=AXIS2_PLACEMENT_3D('',#332,#4491,#4492);
#4491=DIRECTION('',(0.0980130993786957,-5.734536888281199E-08,0.9951851246628332));
#4492=DIRECTION('',(-0.08129356135278835,0.9966580425521379,0.008006441077122759));
#4493=FACE_BOUND('',#4494,.T.);
#4494=EDGE_LOOP('',(#4495,#4496,#4497));
#4495=ORIENTED_EDGE('',*,*,#4498,.T.);
#4496=ORIENTED_EDGE('',*,*,#4499,.T.);
#4497=ORIENTED_EDGE('',*,*,#4500,.T.);
#4498=EDGE_CURVE('',#333,#43,#4501,.F.);
#4499=EDGE_CURVE('',#43,#49,#4502,.T.);
#4500=EDGE_CURVE('',#49,#333,#4503,.T.);
#4501=LINE('',#332,#4504);
#4502=LINE('',#42,#4505);
#4503=LINE('',#48,#4506);
#4504=VECTOR('',#4507,1.0);
#4505=VECTOR('',#4508,1.0);
#4506=VECTOR('',#4509,1.0);
#4507=DIRECTION('',(-0.08129356135278835,0.9966580425521379,0.008006441077122759));
#4508=DIRECTION('',(3.803167448993765E-07,-0.9999999999999232,-9.507918622484413E-08));
#4509=DIRECTION('',(0.9951851246628347,0,-0.09801309937869586));
#4510=FACE_SURFACE('',(#4515),#4511,.T.);
#4511=PLANE('',#4512);
#4512=AXIS2_PLACEMENT_3D('',#336,#4513,#4514);
#4513=DIRECTION('',(0.09801309937869572,-5.757075178378038E-08,0.9951851246628333));
#4514=DIRECTION('',(-3.818114931749945E-07,0.9999999999999225,9.545287329374862E-08));
#4515=FACE_BOUND('',#4516,.T.);
#4516=EDGE_LOOP('',(#4517,#4518,#4519));
#4517=ORIENTED_EDGE('',*,*,#4520,.T.);
#4518=ORIENTED_EDGE('',*,*,#4521,.T.);
#4519=ORIENTED_EDGE('',*,*,#4522,.T.);
#4520=EDGE_CURVE('',#337,#335,#4523,.F.);
#4521=EDGE_CURVE('',#335,#51,#4524,.T.);
#4522=EDGE_CURVE('',#51,#337,#4525,.T.);
#4523=LINE('',#336,#4526);
#4524=LINE('',#334,#4527);
#4525=LINE('',#50,#4528);
#4526=VECTOR('',#4529,1.0);
#4527=VECTOR('',#4530,1.0);
#4528=VECTOR('',#4531,1.0);
#4529=DIRECTION('',(-3.818114931749945E-07,0.9999999999999225,9.545287329374862E-08));
#4530=DIRECTION('',(-0.9951851246628347,0,0.09801309937869586));
#4531=DIRECTION('',(0.0816109226834161,-0.9966318541567204,-0.008037697363002541));
#4532=FACE_SURFACE('',(#4537),#4533,.T.);
#4533=PLANE('',#4534);
#4534=AXIS2_PLACEMENT_3D('',#336,#4535,#4536);
#4535=DIRECTION('',(0.09801309937882863,-5.757074079314312E-08,0.99518512466282));
#4536=DIRECTION('',(-0.0816109226834161,0.9966318541567204,0.008037697363002541));
#4537=FACE_BOUND('',#4538,.T.);
#4538=EDGE_LOOP('',(#4539,#4540,#4541));
#4539=ORIENTED_EDGE('',*,*,#4542,.T.);
#4540=ORIENTED_EDGE('',*,*,#4543,.T.);
#4541=ORIENTED_EDGE('',*,*,#4544,.T.);
#4542=EDGE_CURVE('',#337,#51,#4545,.F.);
#4543=EDGE_CURVE('',#51,#57,#4546,.T.);
#4544=EDGE_CURVE('',#57,#337,#4547,.T.);
#4545=LINE('',#336,#4548);
#4546=LINE('',#50,#4549);
#4547=LINE('',#56,#4550);
#4548=VECTOR('',#4551,1.0);
#4549=VECTOR('',#4552,1.0);
#4550=VECTOR('',#4553,1.0);
#4551=DIRECTION('',(-0.0816109226834161,0.9966318541567204,0.008037697363002541));
#4552=DIRECTION('',(3.8181142028500024E-07,-0.9999999999999225,-9.545285507125006E-08));
#4553=DIRECTION('',(0.9951851246601562,2.3201249712315035E-06,-0.09801309937843206));
#4554=FACE_SURFACE('',(#4559),#4555,.T.);
#4555=PLANE('',#4556);
#4556=AXIS2_PLACEMENT_3D('',#60,#4557,#4558);
#4557=DIRECTION('',(0.09801309937869586,-1.3618215814787641E-08,0.9951851246628347));
#4558=DIRECTION('',(0.9951851246628347,0,-0.09801309937869586));
#4559=FACE_BOUND('',#4560,.T.);
#4560=EDGE_LOOP('',(#4561,#4562,#4563));
#4561=ORIENTED_EDGE('',*,*,#4564,.T.);
#4562=ORIENTED_EDGE('',*,*,#4565,.T.);
#4563=ORIENTED_EDGE('',*,*,#4566,.T.);
#4564=EDGE_CURVE('',#61,#339,#4567,.F.);
#4565=EDGE_CURVE('',#339,#341,#4568,.T.);
#4566=EDGE_CURVE('',#341,#61,#4569,.T.);
#4567=LINE('',#60,#4570);
#4568=LINE('',#338,#4571);
#4569=LINE('',#340,#4572);
#4570=VECTOR('',#4573,1.0);
#4571=VECTOR('',#4574,1.0);
#4572=VECTOR('',#4575,1.0);
#4573=DIRECTION('',(0.9951851246628347,0,-0.09801309937869586));
#4574=DIRECTION('',(-5.161339605048434E-07,0.9999999999998647,6.451674506310542E-08));
#4575=DIRECTION('',(-0.05526119868510326,-0.9984570992158375,0.005442512781870259));
#4576=FACE_SURFACE('',(#4581),#4577,.T.);
#4577=PLANE('',#4578);
#4578=AXIS2_PLACEMENT_3D('',#60,#4579,#4580);
#4579=DIRECTION('',(0.09801309937869586,-1.3618215814787641E-08,0.9951851246628347));
#4580=DIRECTION('',(0.05526119868510326,0.9984570992158375,-0.005442512781870259));
#4581=FACE_BOUND('',#4582,.T.);
#4582=EDGE_LOOP('',(#4583,#4584,#4585));
#4583=ORIENTED_EDGE('',*,*,#4586,.T.);
#4584=ORIENTED_EDGE('',*,*,#4587,.T.);
#4585=ORIENTED_EDGE('',*,*,#4588,.T.);
#4586=EDGE_CURVE('',#61,#341,#4589,.F.);
#4587=EDGE_CURVE('',#341,#63,#4590,.T.);
#4588=EDGE_CURVE('',#63,#61,#4591,.T.);
#4589=LINE('',#60,#4592);
#4590=LINE('',#340,#4593);
#4591=LINE('',#62,#4594);
#4592=VECTOR('',#4595,1.0);
#4593=VECTOR('',#4596,1.0);
#4594=VECTOR('',#4597,1.0);
#4595=DIRECTION('',(0.05526119868510326,0.9984570992158375,-0.005442512781870259));
#4596=DIRECTION('',(-0.9951851246628347,0,0.09801309937869586));
#4597=DIRECTION('',(5.161339605048434E-07,-0.9999999999998647,-6.451674506310542E-08));
#4598=FACE_SURFACE('',(#4603),#4599,.T.);
#4599=PLANE('',#4600);
#4600=AXIS2_PLACEMENT_3D('',#306,#4601,#4602);
#4601=DIRECTION('',(0,-1,0));
#4602=DIRECTION('',(-0.881929756220474,0,0.47138084930647683));
#4603=FACE_BOUND('',#4604,.T.);
#4604=EDGE_LOOP('',(#4605,#4606,#4607));
#4605=ORIENTED_EDGE('',*,*,#4608,.T.);
#4606=ORIENTED_EDGE('',*,*,#4609,.T.);
#4607=ORIENTED_EDGE('',*,*,#4610,.T.);
#4608=EDGE_CURVE('',#307,#323,#4611,.F.);
#4609=EDGE_CURVE('',#323,#339,#4612,.T.);
#4610=EDGE_CURVE('',#339,#307,#4613,.T.);
#4611=LINE('',#306,#4614);
#4612=LINE('',#322,#4615);
#4613=LINE('',#338,#4616);
#4614=VECTOR('',#4617,1.0);
#4615=VECTOR('',#4618,1.0);
#4616=VECTOR('',#4619,1.0);
#4617=DIRECTION('',(-0.881929756220474,0,0.47138084930647683));
#4618=DIRECTION('',(-0.9569439951284919,0,0.2902726135678679));
#4619=DIRECTION('',(0.9238855892910899,0,-0.38266880967784084));
#4620=FACE_SURFACE('',(#4625),#4621,.T.);
#4621=PLANE('',#4622);
#4622=AXIS2_PLACEMENT_3D('',#338,#4623,#4624);
#4623=DIRECTION('',(0,-1,0));
#4624=DIRECTION('',(-0.9951851246628347,0,0.09801309937869586));
#4625=FACE_BOUND('',#4626,.T.);
#4626=EDGE_LOOP('',(#4627,#4628,#4629));
#4627=ORIENTED_EDGE('',*,*,#4630,.T.);
#4628=ORIENTED_EDGE('',*,*,#4631,.T.);
#4629=ORIENTED_EDGE('',*,*,#4632,.T.);
#4630=EDGE_CURVE('',#339,#61,#4633,.F.);
#4631=EDGE_CURVE('',#61,#59,#4634,.T.);
#4632=EDGE_CURVE('',#59,#339,#4635,.T.);
#4633=LINE('',#338,#4636);
#4634=LINE('',#60,#4637);
#4635=LINE('',#58,#4638);
#4636=VECTOR('',#4639,1.0);
#4637=VECTOR('',#4640,1.0);
#4638=VECTOR('',#4641,1.0);
#4639=DIRECTION('',(-0.9951851246628347,0,0.09801309937869586));
#4640=DIRECTION('',(-0.9951851246628347,0,-0.09801309937869586));
#4641=DIRECTION('',(1,0,0));
#4642=FACE_SURFACE('',(#4647),#4643,.T.);
#4643=PLANE('',#4644);
#4644=AXIS2_PLACEMENT_3D('',#58,#4645,#4646);
#4645=DIRECTION('',(-6.904505356520816E-06,-0.9999999997171088,2.276202642901925E-05));
#4646=DIRECTION('',(-0.9569436041471646,0,-0.2902739025159422));
#4647=FACE_BOUND('',#4648,.T.);
#4648=EDGE_LOOP('',(#4649,#4650,#4651));
#4649=ORIENTED_EDGE('',*,*,#4652,.T.);
#4650=ORIENTED_EDGE('',*,*,#4653,.T.);
#4651=ORIENTED_EDGE('',*,*,#4654,.T.);
#4652=EDGE_CURVE('',#59,#79,#4655,.F.);
#4653=EDGE_CURVE('',#79,#95,#4656,.T.);
#4654=EDGE_CURVE('',#95,#59,#4657,.T.);
#4655=LINE('',#58,#4658);
#4656=LINE('',#78,#4659);
#4657=LINE('',#94,#4660);
#4658=VECTOR('',#4661,1.0);
#4659=VECTOR('',#4662,1.0);
#4660=VECTOR('',#4663,1.0);
#4661=DIRECTION('',(-0.9569436041471646,0,-0.2902739025159422));
#4662=DIRECTION('',(-0.8819297562109789,-4.640294625410945E-06,-0.47138084930140184));
#4663=DIRECTION('',(0.923885247893704,2.3313656784730785E-06,0.3826696339127966));
#4664=FACE_SURFACE('',(#4669),#4665,.T.);
#4665=PLANE('',#4666);
#4666=AXIS2_PLACEMENT_3D('',#94,#4667,#4668);
#4667=DIRECTION('',(0,-1,0));
#4668=DIRECTION('',(-0.7730235114269783,0,-0.6343773725323942));
#4669=FACE_BOUND('',#4670,.T.);
#4670=EDGE_LOOP('',(#4671,#4672,#4673));
#4671=ORIENTED_EDGE('',*,*,#4674,.T.);
#4672=ORIENTED_EDGE('',*,*,#4675,.T.);
#4673=ORIENTED_EDGE('',*,*,#4676,.T.);
#4674=EDGE_CURVE('',#95,#111,#4677,.F.);
#4675=EDGE_CURVE('',#111,#129,#4678,.T.);
#4676=EDGE_CURVE('',#129,#95,#4679,.T.);
#4677=LINE('',#94,#4680);
#4678=LINE('',#110,#4681);
#4679=LINE('',#128,#4682);
#4680=VECTOR('',#4683,1.0);
#4681=VECTOR('',#4684,1.0);
#4682=VECTOR('',#4685,1.0);
#4683=DIRECTION('',(-0.7730235114269783,0,-0.6343773725323942));
#4684=DIRECTION('',(-0.6344110404886032,0,-0.7729958807821474));
#4685=DIRECTION('',(0.7071223722395177,0,0.7070911897898015));
#4686=FACE_SURFACE('',(#4691),#4687,.T.);
#4687=PLANE('',#4688);
#4688=AXIS2_PLACEMENT_3D('',#128,#4689,#4690);
#4689=DIRECTION('',(0,-1,0));
#4690=DIRECTION('',(-0.47140993760443545,0,-0.8819142082582536));
#4691=FACE_BOUND('',#4692,.T.);
#4692=EDGE_LOOP('',(#4693,#4694,#4695));
#4693=ORIENTED_EDGE('',*,*,#4696,.T.);
#4694=ORIENTED_EDGE('',*,*,#4697,.T.);
#4695=ORIENTED_EDGE('',*,*,#4698,.T.);
#4696=EDGE_CURVE('',#129,#133,#4699,.F.);
#4697=EDGE_CURVE('',#133,#137,#4700,.T.);
#4698=EDGE_CURVE('',#137,#129,#4701,.T.);
#4699=LINE('',#128,#4702);
#4700=LINE('',#132,#4703);
#4701=LINE('',#136,#4704);
#4702=VECTOR('',#4705,1.0);
#4703=VECTOR('',#4706,1.0);
#4704=VECTOR('',#4707,1.0);
#4705=DIRECTION('',(-0.47140993760443545,0,-0.8819142082582536));
#4706=DIRECTION('',(-0.29029590921693954,0,-0.9569369284816583));
#4707=DIRECTION('',(0.38269595070528795,0,0.9238743471456364));
#4708=FACE_SURFACE('',(#4713),#4709,.T.);
#4709=PLANE('',#4710);
#4710=AXIS2_PLACEMENT_3D('',#136,#4711,#4712);
#4711=DIRECTION('',(0,-1,-0));
#4712=DIRECTION('',(-0.09802469793690945,0,-0.9951839822838677));
#4713=FACE_BOUND('',#4714,.T.);
#4714=EDGE_LOOP('',(#4715,#4716,#4717));
#4715=ORIENTED_EDGE('',*,*,#4718,.T.);
#4716=ORIENTED_EDGE('',*,*,#4719,.T.);
#4717=ORIENTED_EDGE('',*,*,#4720,.T.);
#4718=EDGE_CURVE('',#137,#141,#4721,.F.);
#4719=EDGE_CURVE('',#141,#145,#4722,.T.);
#4720=EDGE_CURVE('',#145,#137,#4723,.T.);
#4721=LINE('',#136,#4724);
#4722=LINE('',#140,#4725);
#4723=LINE('',#144,#4726);
#4724=VECTOR('',#4727,1.0);
#4725=VECTOR('',#4728,1.0);
#4726=VECTOR('',#4729,1.0);
#4727=DIRECTION('',(-0.09802469793690945,0,-0.9951839822838677));
#4728=DIRECTION('',(0.09802472622986948,0,-0.9951839794970371));
#4729=DIRECTION('',(0,0,1));
#4730=FACE_SURFACE('',(#4735),#4731,.T.);
#4731=PLANE('',#4732);
#4732=AXIS2_PLACEMENT_3D('',#144,#4733,#4734);
#4733=DIRECTION('',(0,-1,0));
#4734=DIRECTION('',(0.2902960703529228,0,-0.956936879599512));
#4735=FACE_BOUND('',#4736,.T.);
#4736=EDGE_LOOP('',(#4737,#4738,#4739));
#4737=ORIENTED_EDGE('',*,*,#4740,.T.);
#4738=ORIENTED_EDGE('',*,*,#4741,.T.);
#4739=ORIENTED_EDGE('',*,*,#4742,.T.);
#4740=EDGE_CURVE('',#145,#149,#4743,.F.);
#4741=EDGE_CURVE('',#149,#153,#4744,.T.);
#4742=EDGE_CURVE('',#153,#145,#4745,.T.);
#4743=LINE('',#144,#4746);
#4744=LINE('',#148,#4747);
#4745=LINE('',#152,#4748);
#4746=VECTOR('',#4749,1.0);
#4747=VECTOR('',#4750,1.0);
#4748=VECTOR('',#4751,1.0);
#4749=DIRECTION('',(0.2902960703529228,0,-0.956936879599512));
#4750=DIRECTION('',(0.4714095758762228,0,-0.8819144016128775));
#4751=DIRECTION('',(-0.38269589918594654,0,0.9238743684864624));
#4752=FACE_SURFACE('',(#4757),#4753,.T.);
#4753=PLANE('',#4754);
#4754=AXIS2_PLACEMENT_3D('',#152,#4755,#4756);
#4755=DIRECTION('',(-1.5089350776029135E-05,-0.9999999997171111,-1.8387198893106488E-05));
#4756=DIRECTION('',(0.6344116093865332,4.640361109062093E-06,-0.7729954138635339));
#4757=FACE_BOUND('',#4758,.T.);
#4758=EDGE_LOOP('',(#4759,#4760,#4761));
#4759=ORIENTED_EDGE('',*,*,#4762,.T.);
#4760=ORIENTED_EDGE('',*,*,#4763,.T.);
#4761=ORIENTED_EDGE('',*,*,#4764,.T.);
#4762=EDGE_CURVE('',#153,#157,#4765,.F.);
#4763=EDGE_CURVE('',#157,#161,#4766,.T.);
#4764=EDGE_CURVE('',#161,#153,#4767,.T.);
#4765=LINE('',#152,#4768);
#4766=LINE('',#156,#4769);
#4767=LINE('',#160,#4770);
#4768=VECTOR('',#4771,1.0);
#4769=VECTOR('',#4772,1.0);
#4770=VECTOR('',#4773,1.0);
#4771=DIRECTION('',(0.6344116093865332,4.640361109062093E-06,-0.7729954138635339));
#4772=DIRECTION('',(0.7730235114269783,0,-0.6343773725323942));
#4773=DIRECTION('',(-0.7071226636624194,-2.3313990704455576E-06,0.7070908983500845));
#4774=FACE_SURFACE('',(#4779),#4775,.T.);
#4775=PLANE('',#4776);
#4776=AXIS2_PLACEMENT_3D('',#160,#4777,#4778);
#4777=DIRECTION('',(0,-1,0));
#4778=DIRECTION('',(0.8819295150847315,0,-0.4713813004589918));
#4779=FACE_BOUND('',#4780,.T.);
#4780=EDGE_LOOP('',(#4781,#4782,#4783));
#4781=ORIENTED_EDGE('',*,*,#4784,.T.);
#4782=ORIENTED_EDGE('',*,*,#4785,.T.);
#4783=ORIENTED_EDGE('',*,*,#4786,.T.);
#4784=EDGE_CURVE('',#161,#165,#4787,.F.);
#4785=EDGE_CURVE('',#165,#169,#4788,.T.);
#4786=EDGE_CURVE('',#169,#161,#4789,.T.);
#4787=LINE('',#160,#4790);
#4788=LINE('',#164,#4791);
#4789=LINE('',#168,#4792);
#4790=VECTOR('',#4793,1.0);
#4791=VECTOR('',#4794,1.0);
#4792=VECTOR('',#4795,1.0);
#4793=DIRECTION('',(0.8819295150847315,0,-0.4713813004589918));
#4794=DIRECTION('',(0.9569438458256817,0,-0.2902731057751543));
#4795=DIRECTION('',(-0.9238852994110606,0,0.38266950954071993));
#4796=FACE_SURFACE('',(#4801),#4797,.T.);
#4797=PLANE('',#4798);
#4798=AXIS2_PLACEMENT_3D('',#168,#4799,#4800);
#4799=DIRECTION('',(0,-1,0));
#4800=DIRECTION('',(0.9951850680857411,0,-0.09801367383778031));
#4801=FACE_BOUND('',#4802,.T.);
#4802=EDGE_LOOP('',(#4803,#4804,#4805));
#4803=ORIENTED_EDGE('',*,*,#4806,.T.);
#4804=ORIENTED_EDGE('',*,*,#4807,.T.);
#4805=ORIENTED_EDGE('',*,*,#4808,.T.);
#4806=EDGE_CURVE('',#169,#173,#4809,.F.);
#4807=EDGE_CURVE('',#173,#177,#4810,.T.);
#4808=EDGE_CURVE('',#177,#169,#4811,.T.);
#4809=LINE('',#168,#4812);
#4810=LINE('',#172,#4813);
#4811=LINE('',#176,#4814);
#4812=VECTOR('',#4815,1.0);
#4813=VECTOR('',#4816,1.0);
#4814=VECTOR('',#4817,1.0);
#4815=DIRECTION('',(0.9951850680857411,0,-0.09801367383778031));
#4816=DIRECTION('',(0.9951850680857411,0,0.09801367383778031));
#4817=DIRECTION('',(-1,0,0));
#4818=FACE_SURFACE('',(#4823),#4819,.T.);
#4819=PLANE('',#4820);
#4820=AXIS2_PLACEMENT_3D('',#176,#4821,#4822);
#4821=DIRECTION('',(0,-1,0));
#4822=DIRECTION('',(0.9569442368049614,0,0.29027181682996683));
#4823=FACE_BOUND('',#4824,.T.);
#4824=EDGE_LOOP('',(#4825,#4826,#4827));
#4825=ORIENTED_EDGE('',*,*,#4828,.T.);
#4826=ORIENTED_EDGE('',*,*,#4829,.T.);
#4827=ORIENTED_EDGE('',*,*,#4830,.T.);
#4828=EDGE_CURVE('',#177,#181,#4831,.F.);
#4829=EDGE_CURVE('',#181,#185,#4832,.T.);
#4830=EDGE_CURVE('',#185,#177,#4833,.T.);
#4831=LINE('',#176,#4834);
#4832=LINE('',#180,#4835);
#4833=LINE('',#184,#4836);
#4834=VECTOR('',#4837,1.0);
#4835=VECTOR('',#4838,1.0);
#4836=VECTOR('',#4839,1.0);
#4837=DIRECTION('',(0.9569442368049614,0,0.29027181682996683));
#4838=DIRECTION('',(0.8819295150847315,0,0.4713813004589918));
#4839=DIRECTION('',(-0.9238856408057327,0,-0.38266868530490017));
#4840=FACE_SURFACE('',(#4845),#4841,.T.);
#4841=PLANE('',#4842);
#4842=AXIS2_PLACEMENT_3D('',#184,#4843,#4844);
#4843=DIRECTION('',(0,-1,0));
#4844=DIRECTION('',(0.7730235114269783,0,0.6343773725323942));
#4845=FACE_BOUND('',#4846,.T.);
#4846=EDGE_LOOP('',(#4847,#4848,#4849));
#4847=ORIENTED_EDGE('',*,*,#4850,.T.);
#4848=ORIENTED_EDGE('',*,*,#4851,.T.);
#4849=ORIENTED_EDGE('',*,*,#4852,.T.);
#4850=EDGE_CURVE('',#185,#199,#4853,.F.);
#4851=EDGE_CURVE('',#199,#207,#4854,.T.);
#4852=EDGE_CURVE('',#207,#185,#4855,.T.);
#4853=LINE('',#184,#4856);
#4854=LINE('',#198,#4857);
#4855=LINE('',#206,#4858);
#4856=VECTOR('',#4859,1.0);
#4857=VECTOR('',#4860,1.0);
#4858=VECTOR('',#4861,1.0);
#4859=DIRECTION('',(0.7730235114269783,0,0.6343773725323942));
#4860=DIRECTION('',(0.6344088366636872,0,0.7729976894939772));
#4861=DIRECTION('',(-0.7071214980142899,0,-0.7070920640525011));
#4862=FACE_SURFACE('',(#4867),#4863,.T.);
#4863=PLANE('',#4864);
#4864=AXIS2_PLACEMENT_3D('',#206,#4865,#4866);
#4865=DIRECTION('',(0,-1,0));
#4866=DIRECTION('',(0.4714131850470158,0,0.8819124723938471));
#4867=FACE_BOUND('',#4868,.T.);
#4868=EDGE_LOOP('',(#4869,#4870,#4871));
#4869=ORIENTED_EDGE('',*,*,#4872,.T.);
#4870=ORIENTED_EDGE('',*,*,#4873,.T.);
#4871=ORIENTED_EDGE('',*,*,#4874,.T.);
#4872=EDGE_CURVE('',#207,#215,#4875,.F.);
#4873=EDGE_CURVE('',#215,#223,#4876,.T.);
#4874=EDGE_CURVE('',#223,#207,#4877,.T.);
#4875=LINE('',#206,#4878);
#4876=LINE('',#214,#4879);
#4877=LINE('',#222,#4880);
#4878=VECTOR('',#4881,1.0);
#4879=VECTOR('',#4882,1.0);
#4880=VECTOR('',#4883,1.0);
#4881=DIRECTION('',(0.4714131850470158,0,0.8819124723938471));
#4882=DIRECTION('',(0.2902960703529228,0,0.956936879599512));
#4883=DIRECTION('',(-0.38269788916616854,0,-0.9238735441756944));
#4884=FACE_SURFACE('',(#4889),#4885,.T.);
#4885=PLANE('',#4886);
#4886=AXIS2_PLACEMENT_3D('',#222,#4887,#4888);
#4887=DIRECTION('',(0,-1,0));
#4888=DIRECTION('',(0.09802013037265124,0,0.9951844321741214));
#4889=FACE_BOUND('',#4890,.T.);
#4890=EDGE_LOOP('',(#4891,#4892,#4893));
#4891=ORIENTED_EDGE('',*,*,#4894,.T.);
#4892=ORIENTED_EDGE('',*,*,#4895,.T.);
#4893=ORIENTED_EDGE('',*,*,#4896,.T.);
#4894=EDGE_CURVE('',#223,#231,#4897,.F.);
#4895=EDGE_CURVE('',#231,#239,#4898,.T.);
#4896=EDGE_CURVE('',#239,#223,#4899,.T.);
#4897=LINE('',#222,#4900);
#4898=LINE('',#230,#4901);
#4899=LINE('',#238,#4902);
#4900=VECTOR('',#4903,1.0);
#4901=VECTOR('',#4904,1.0);
#4902=VECTOR('',#4905,1.0);
#4903=DIRECTION('',(0.09802013037265124,0,0.9951844321741214));
#4904=DIRECTION('',(-0.09802010208099197,0,0.9951844349606921));
#4905=DIRECTION('',(0,0,-1));
#4906=FACE_SURFACE('',(#4911),#4907,.T.);
#4907=PLANE('',#4908);
#4908=AXIS2_PLACEMENT_3D('',#238,#4909,#4910);
#4909=DIRECTION('',(0,-1,0));
#4910=DIRECTION('',(-0.29029590921693954,0,0.9569369284816583));
#4911=FACE_BOUND('',#4912,.T.);
#4912=EDGE_LOOP('',(#4913,#4914,#4915));
#4913=ORIENTED_EDGE('',*,*,#4916,.T.);
#4914=ORIENTED_EDGE('',*,*,#4917,.T.);
#4915=ORIENTED_EDGE('',*,*,#4918,.T.);
#4916=EDGE_CURVE('',#239,#247,#4919,.F.);
#4917=EDGE_CURVE('',#247,#255,#4920,.T.);
#4918=EDGE_CURVE('',#255,#239,#4921,.T.);
#4919=LINE('',#238,#4922);
#4920=LINE('',#246,#4923);
#4921=LINE('',#254,#4924);
#4922=VECTOR('',#4925,1.0);
#4923=VECTOR('',#4926,1.0);
#4924=VECTOR('',#4927,1.0);
#4925=DIRECTION('',(-0.29029590921693954,0,0.9569369284816583));
#4926=DIRECTION('',(-0.47141354677641534,0,0.8819122790366855));
#4927=DIRECTION('',(0.38269794068568586,0,-0.9238735228346655));
#4928=FACE_SURFACE('',(#4933),#4929,.T.);
#4929=PLANE('',#4930);
#4930=AXIS2_PLACEMENT_3D('',#254,#4931,#4932);
#4931=DIRECTION('',(0,-1,0));
#4932=DIRECTION('',(-0.6344082677580637,0,0.7729981564015616));
#4933=FACE_BOUND('',#4934,.T.);
#4934=EDGE_LOOP('',(#4935,#4936,#4937));
#4935=ORIENTED_EDGE('',*,*,#4938,.T.);
#4936=ORIENTED_EDGE('',*,*,#4939,.T.);
#4937=ORIENTED_EDGE('',*,*,#4940,.T.);
#4938=EDGE_CURVE('',#255,#263,#4941,.F.);
#4939=EDGE_CURVE('',#263,#307,#4942,.T.);
#4940=EDGE_CURVE('',#307,#255,#4943,.T.);
#4941=LINE('',#254,#4944);
#4942=LINE('',#262,#4945);
#4943=LINE('',#306,#4946);
#4944=VECTOR('',#4947,1.0);
#4945=VECTOR('',#4948,1.0);
#4946=VECTOR('',#4949,1.0);
#4947=DIRECTION('',(-0.6344082677580637,0,0.7729981564015616));
#4948=DIRECTION('',(-0.7730235114269783,0,0.6343773725323942));
#4949=DIRECTION('',(0.707121206588986,0,-0.7070923554898161));
#4950=FACE_SURFACE('',(#4955),#4951,.T.);
#4951=PLANE('',#4952);
#4952=AXIS2_PLACEMENT_3D('',#306,#4953,#4954);
#4953=DIRECTION('',(0,-1,0));
#4954=DIRECTION('',(-0.9238855892910899,0,0.38266880967784084));
#4955=FACE_BOUND('',#4956,.T.);
#4956=EDGE_LOOP('',(#4957,#4958,#4959));
#4957=ORIENTED_EDGE('',*,*,#4960,.T.);
#4958=ORIENTED_EDGE('',*,*,#4961,.T.);
#4959=ORIENTED_EDGE('',*,*,#4962,.T.);
#4960=EDGE_CURVE('',#307,#339,#4963,.F.);
#4961=EDGE_CURVE('',#339,#59,#4964,.T.);
#4962=EDGE_CURVE('',#59,#307,#4965,.T.);
#4963=LINE('',#306,#4966);
#4964=LINE('',#338,#4967);
#4965=LINE('',#58,#4968);
#4966=VECTOR('',#4969,1.0);
#4967=VECTOR('',#4970,1.0);
#4968=VECTOR('',#4971,1.0);
#4969=DIRECTION('',(-0.9238855892910899,0,0.38266880967784084));
#4970=DIRECTION('',(-1,0,0));
#4971=DIRECTION('',(0.9807869118536142,0,-0.19508211998194702));
#4972=FACE_SURFACE('',(#4977),#4973,.T.);
#4973=PLANE('',#4974);
#4974=AXIS2_PLACEMENT_3D('',#58,#4975,#4976);
#4975=DIRECTION('',(4.3077810664057764E-06,-0.9999999999814423,-4.307971037895212E-06));
#4976=DIRECTION('',(-0.923885247893704,-2.3313656784730785E-06,-0.3826696339127966));
#4977=FACE_BOUND('',#4978,.T.);
#4978=EDGE_LOOP('',(#4979,#4980,#4981));
#4979=ORIENTED_EDGE('',*,*,#4982,.T.);
#4980=ORIENTED_EDGE('',*,*,#4983,.T.);
#4981=ORIENTED_EDGE('',*,*,#4984,.T.);
#4982=EDGE_CURVE('',#59,#95,#4985,.F.);
#4983=EDGE_CURVE('',#95,#129,#4986,.T.);
#4984=EDGE_CURVE('',#129,#59,#4987,.T.);
#4985=LINE('',#58,#4988);
#4986=LINE('',#94,#4989);
#4987=LINE('',#128,#4990);
#4988=VECTOR('',#4991,1.0);
#4989=VECTOR('',#4992,1.0);
#4990=VECTOR('',#4993,1.0);
#4991=DIRECTION('',(-0.923885247893704,-2.3313656784730785E-06,-0.3826696339127966));
#4992=DIRECTION('',(-0.7071223722395177,0,-0.7070911897898015));
#4993=DIRECTION('',(0.8314806545319359,1.1885273418134588E-06,0.5555537067986593));
#4994=FACE_SURFACE('',(#4999),#4995,.T.);
#4995=PLANE('',#4996);
#4996=AXIS2_PLACEMENT_3D('',#128,#4997,#4998);
#4997=DIRECTION('',(0,-1,0));
#4998=DIRECTION('',(-0.38269595070528795,0,-0.9238743471456364));
#4999=FACE_BOUND('',#5000,.T.);
#5000=EDGE_LOOP('',(#5001,#5002,#5003));
#5001=ORIENTED_EDGE('',*,*,#5004,.T.);
#5002=ORIENTED_EDGE('',*,*,#5005,.T.);
#5003=ORIENTED_EDGE('',*,*,#5006,.T.);
#5004=EDGE_CURVE('',#129,#137,#5007,.F.);
#5005=EDGE_CURVE('',#137,#145,#5008,.T.);
#5006=EDGE_CURVE('',#145,#129,#5009,.T.);
#5007=LINE('',#128,#5010);
#5008=LINE('',#136,#5011);
#5009=LINE('',#144,#5012);
#5010=VECTOR('',#5013,1.0);
#5011=VECTOR('',#5014,1.0);
#5012=VECTOR('',#5015,1.0);
#5013=DIRECTION('',(-0.38269595070528795,0,-0.9238743471456364));
#5014=DIRECTION('',(0,0,-1));
#5015=DIRECTION('',(0.19509752405070618,0,0.9807838478019936));
#5016=FACE_SURFACE('',(#5021),#5017,.T.);
#5017=PLANE('',#5018);
#5018=AXIS2_PLACEMENT_3D('',#144,#5019,#5020);
#5019=DIRECTION('',(5.628341945081027E-06,-0.9999999999814431,2.331424547611881E-06));
#5020=DIRECTION('',(0.38269589918594654,0,-0.9238743684864624));
#5021=FACE_BOUND('',#5022,.T.);
#5022=EDGE_LOOP('',(#5023,#5024,#5025));
#5023=ORIENTED_EDGE('',*,*,#5026,.T.);
#5024=ORIENTED_EDGE('',*,*,#5027,.T.);
#5025=ORIENTED_EDGE('',*,*,#5028,.T.);
#5026=EDGE_CURVE('',#145,#153,#5029,.F.);
#5027=EDGE_CURVE('',#153,#161,#5030,.T.);
#5028=EDGE_CURVE('',#161,#145,#5031,.T.);
#5029=LINE('',#144,#5032);
#5030=LINE('',#152,#5033);
#5031=LINE('',#160,#5034);
#5032=VECTOR('',#5035,1.0);
#5033=VECTOR('',#5036,1.0);
#5034=VECTOR('',#5037,1.0);
#5035=DIRECTION('',(0.38269589918594654,0,-0.9238743684864624));
#5036=DIRECTION('',(0.7071226636624194,2.3313990704455576E-06,-0.7070908983500845));
#5037=DIRECTION('',(-0.5555864919712444,-1.188547421053042E-06,0.8314587481875898));
#5038=FACE_SURFACE('',(#5043),#5039,.T.);
#5039=PLANE('',#5040);
#5040=AXIS2_PLACEMENT_3D('',#160,#5041,#5042);
#5041=DIRECTION('',(0,-1,0));
#5042=DIRECTION('',(0.9238852994110606,0,-0.38266950954071993));
#5043=FACE_BOUND('',#5044,.T.);
#5044=EDGE_LOOP('',(#5045,#5046,#5047));
#5045=ORIENTED_EDGE('',*,*,#5048,.T.);
#5046=ORIENTED_EDGE('',*,*,#5049,.T.);
#5047=ORIENTED_EDGE('',*,*,#5050,.T.);
#5048=EDGE_CURVE('',#161,#169,#5051,.F.);
#5049=EDGE_CURVE('',#169,#177,#5052,.T.);
#5050=EDGE_CURVE('',#177,#161,#5053,.T.);
#5051=LINE('',#160,#5054);
#5052=LINE('',#168,#5055);
#5053=LINE('',#176,#5056);
#5054=VECTOR('',#5057,1.0);
#5055=VECTOR('',#5058,1.0);
#5056=VECTOR('',#5059,1.0);
#5057=DIRECTION('',(0.9238852994110606,0,-0.38266950954071993));
#5058=DIRECTION('',(1,0,0));
#5059=DIRECTION('',(-0.9807868808349747,0,0.1950822759299296));
#5060=FACE_SURFACE('',(#5065),#5061,.T.);
#5061=PLANE('',#5062);
#5062=AXIS2_PLACEMENT_3D('',#176,#5063,#5064);
#5063=DIRECTION('',(0,-1,0));
#5064=DIRECTION('',(0.9238856408057327,0,0.38266868530490017));
#5065=FACE_BOUND('',#5066,.T.);
#5066=EDGE_LOOP('',(#5067,#5068,#5069));
#5067=ORIENTED_EDGE('',*,*,#5070,.T.);
#5068=ORIENTED_EDGE('',*,*,#5071,.T.);
#5069=ORIENTED_EDGE('',*,*,#5072,.T.);
#5070=EDGE_CURVE('',#177,#185,#5073,.F.);
#5071=EDGE_CURVE('',#185,#207,#5074,.T.);
#5072=EDGE_CURVE('',#207,#177,#5075,.T.);
#5073=LINE('',#176,#5076);
#5074=LINE('',#184,#5077);
#5075=LINE('',#206,#5078);
#5076=VECTOR('',#5079,1.0);
#5077=VECTOR('',#5080,1.0);
#5078=VECTOR('',#5081,1.0);
#5079=DIRECTION('',(0.9238856408057327,0,0.38266868530490017));
#5080=DIRECTION('',(0.7071214980142899,0,0.7070920640525011));
#5081=DIRECTION('',(-0.8314808261009571,0,-0.5555534500176109));
#5082=FACE_SURFACE('',(#5087),#5083,.T.);
#5083=PLANE('',#5084);
#5084=AXIS2_PLACEMENT_3D('',#206,#5085,#5086);
#5085=DIRECTION('',(0,-1,0));
#5086=DIRECTION('',(0.38269788916616854,0,0.9238735441756944));
#5087=FACE_BOUND('',#5088,.T.);
#5088=EDGE_LOOP('',(#5089,#5090,#5091));
#5089=ORIENTED_EDGE('',*,*,#5092,.T.);
#5090=ORIENTED_EDGE('',*,*,#5093,.T.);
#5091=ORIENTED_EDGE('',*,*,#5094,.T.);
#5092=EDGE_CURVE('',#207,#223,#5095,.F.);
#5093=EDGE_CURVE('',#223,#239,#5096,.T.);
#5094=EDGE_CURVE('',#239,#207,#5097,.T.);
#5095=LINE('',#206,#5098);
#5096=LINE('',#222,#5099);
#5097=LINE('',#238,#5100);
#5098=VECTOR('',#5101,1.0);
#5099=VECTOR('',#5102,1.0);
#5100=VECTOR('',#5103,1.0);
#5101=DIRECTION('',(0.38269788916616854,0,0.9238735441756944));
#5102=DIRECTION('',(0,0,1));
#5103=DIRECTION('',(-0.19509865315659095,0,-0.9807836231995741));
#5104=FACE_SURFACE('',(#5109),#5105,.T.);
#5105=PLANE('',#5106);
#5106=AXIS2_PLACEMENT_3D('',#238,#5107,#5108);
#5107=DIRECTION('',(0,-1,0));
#5108=DIRECTION('',(-0.38269794068568586,0,0.9238735228346655));
#5109=FACE_BOUND('',#5110,.T.);
#5110=EDGE_LOOP('',(#5111,#5112,#5113));
#5111=ORIENTED_EDGE('',*,*,#5114,.T.);
#5112=ORIENTED_EDGE('',*,*,#5115,.T.);
#5113=ORIENTED_EDGE('',*,*,#5116,.T.);
#5114=EDGE_CURVE('',#239,#255,#5117,.F.);
#5115=EDGE_CURVE('',#255,#307,#5118,.T.);
#5116=EDGE_CURVE('',#307,#239,#5119,.T.);
#5117=LINE('',#238,#5120);
#5118=LINE('',#254,#5121);
#5119=LINE('',#306,#5122);
#5120=VECTOR('',#5123,1.0);
#5121=VECTOR('',#5124,1.0);
#5122=VECTOR('',#5125,1.0);
#5123=DIRECTION('',(-0.38269794068568586,0,0.9238735228346655));
#5124=DIRECTION('',(-0.707121206588986,0,0.7070923554898161));
#5125=DIRECTION('',(0.5555863890254871,0,-0.8314588169774979));
#5126=FACE_SURFACE('',(#5131),#5127,.T.);
#5127=PLANE('',#5128);
#5128=AXIS2_PLACEMENT_3D('',#306,#5129,#5130);
#5129=DIRECTION('',(3.2790942943045703E-07,-0.9999999999985872,1.648584076739275E-06));
#5130=DIRECTION('',(-0.9807869118536142,0,0.19508211998194702));
#5131=FACE_BOUND('',#5132,.T.);
#5132=EDGE_LOOP('',(#5133,#5134,#5135));
#5133=ORIENTED_EDGE('',*,*,#5136,.T.);
#5134=ORIENTED_EDGE('',*,*,#5137,.T.);
#5135=ORIENTED_EDGE('',*,*,#5138,.T.);
#5136=EDGE_CURVE('',#307,#59,#5139,.F.);
#5137=EDGE_CURVE('',#59,#129,#5140,.T.);
#5138=EDGE_CURVE('',#129,#307,#5141,.T.);
#5139=LINE('',#306,#5142);
#5140=LINE('',#58,#5143);
#5141=LINE('',#128,#5144);
#5142=VECTOR('',#5145,1.0);
#5143=VECTOR('',#5146,1.0);
#5144=VECTOR('',#5147,1.0);
#5145=DIRECTION('',(-0.9807869118536142,0,0.19508211998194702));
#5146=DIRECTION('',(-0.8314806545319359,-1.1885273418134588E-06,-0.5555537067986593));
#5147=DIRECTION('',(0.9807868976695855,6.432186662278706E-07,0.19508219129191726));
#5148=FACE_SURFACE('',(#5153),#5149,.T.);
#5149=PLANE('',#5150);
#5150=AXIS2_PLACEMENT_3D('',#128,#5151,#5152);
#5151=DIRECTION('',(1.6485158822983544E-06,-0.9999999999985874,-3.2792278106480926E-07));
#5152=DIRECTION('',(-0.19509752405070618,0,-0.9807838478019936));
#5153=FACE_BOUND('',#5154,.T.);
#5154=EDGE_LOOP('',(#5155,#5156,#5157));
#5155=ORIENTED_EDGE('',*,*,#5158,.T.);
#5156=ORIENTED_EDGE('',*,*,#5159,.T.);
#5157=ORIENTED_EDGE('',*,*,#5160,.T.);
#5158=EDGE_CURVE('',#129,#145,#5161,.F.);
#5159=EDGE_CURVE('',#145,#161,#5162,.T.);
#5160=EDGE_CURVE('',#161,#129,#5163,.T.);
#5161=LINE('',#128,#5164);
#5162=LINE('',#144,#5165);
#5163=LINE('',#160,#5166);
#5164=VECTOR('',#5167,1.0);
#5165=VECTOR('',#5168,1.0);
#5166=VECTOR('',#5169,1.0);
#5167=DIRECTION('',(-0.19509752405070618,0,-0.9807838478019936));
#5168=DIRECTION('',(0.5555864919712444,1.188547421053042E-06,-0.8314587481875898));
#5169=DIRECTION('',(-0.19509862092996716,-6.432444706629888E-07,0.9807836296099213));
#5170=FACE_SURFACE('',(#5175),#5171,.T.);
#5171=PLANE('',#5172);
#5172=AXIS2_PLACEMENT_3D('',#160,#5173,#5174);
#5173=DIRECTION('',(0,-1,0));
#5174=DIRECTION('',(0.9807868808349747,0,-0.1950822759299296));
#5175=FACE_BOUND('',#5176,.T.);
#5176=EDGE_LOOP('',(#5177,#5178,#5179));
#5177=ORIENTED_EDGE('',*,*,#5180,.T.);
#5178=ORIENTED_EDGE('',*,*,#5181,.T.);
#5179=ORIENTED_EDGE('',*,*,#5182,.T.);
#5180=EDGE_CURVE('',#161,#177,#5183,.F.);
#5181=EDGE_CURVE('',#177,#207,#5184,.T.);
#5182=EDGE_CURVE('',#207,#161,#5185,.T.);
#5183=LINE('',#160,#5186);
#5184=LINE('',#176,#5187);
#5185=LINE('',#206,#5188);
#5186=VECTOR('',#5189,1.0);
#5187=VECTOR('',#5190,1.0);
#5188=VECTOR('',#5191,1.0);
#5189=DIRECTION('',(0.9807868808349747,0,-0.1950822759299296));
#5190=DIRECTION('',(0.8314808261009571,0,0.5555534500176109));
#5191=DIRECTION('',(-0.9807869039581891,0,-0.19508215967666015));
#5192=FACE_SURFACE('',(#5197),#5193,.T.);
#5193=PLANE('',#5194);
#5194=AXIS2_PLACEMENT_3D('',#206,#5195,#5196);
#5195=DIRECTION('',(0,-1,0));
#5196=DIRECTION('',(0.19509865315659095,0,0.9807836231995741));
#5197=FACE_BOUND('',#5198,.T.);
#5198=EDGE_LOOP('',(#5199,#5200,#5201));
#5199=ORIENTED_EDGE('',*,*,#5202,.T.);
#5200=ORIENTED_EDGE('',*,*,#5203,.T.);
#5201=ORIENTED_EDGE('',*,*,#5204,.T.);
#5202=EDGE_CURVE('',#207,#239,#5205,.F.);
#5203=EDGE_CURVE('',#239,#307,#5206,.T.);
#5204=EDGE_CURVE('',#307,#207,#5207,.T.);
#5205=LINE('',#206,#5208);
#5206=LINE('',#238,#5209);
#5207=LINE('',#306,#5210);
#5208=VECTOR('',#5211,1.0);
#5209=VECTOR('',#5212,1.0);
#5210=VECTOR('',#5213,1.0);
#5211=DIRECTION('',(0.19509865315659095,0,0.9807836231995741));
#5212=DIRECTION('',(-0.5555863890254871,0,0.8314588169774979));
#5213=DIRECTION('',(0.19509797139850046,0,-0.9807837588154638));
#5214=FACE_SURFACE('',(#5219),#5215,.T.);
#5215=PLANE('',#5216);
#5216=AXIS2_PLACEMENT_3D('',#306,#5217,#5218);
#5217=DIRECTION('',(7.563438790752886E-07,-0.9999999999995862,-5.053946741581074E-07));
#5218=DIRECTION('',(-0.9807868976695855,-6.432186662278706E-07,-0.19508219129191726));
#5219=FACE_BOUND('',#5220,.T.);
#5220=EDGE_LOOP('',(#5221,#5222,#5223));
#5221=ORIENTED_EDGE('',*,*,#5224,.T.);
#5222=ORIENTED_EDGE('',*,*,#5225,.T.);
#5223=ORIENTED_EDGE('',*,*,#5226,.T.);
#5224=EDGE_CURVE('',#307,#129,#5227,.F.);
#5225=EDGE_CURVE('',#129,#161,#5228,.T.);
#5226=EDGE_CURVE('',#161,#307,#5229,.T.);
#5227=LINE('',#306,#5230);
#5228=LINE('',#128,#5231);
#5229=LINE('',#160,#5232);
#5230=VECTOR('',#5233,1.0);
#5231=VECTOR('',#5234,1.0);
#5232=VECTOR('',#5235,1.0);
#5233=DIRECTION('',(-0.9807868976695855,-6.432186662278706E-07,-0.19508219129191726));
#5234=DIRECTION('',(0.19509862092996716,6.432444706629888E-07,-0.9807836296099213));
#5235=DIRECTION('',(0.5555868398680113,0,0.8314585157213057));
#5236=FACE_SURFACE('',(#5241),#5237,.T.);
#5237=PLANE('',#5238);
#5238=AXIS2_PLACEMENT_3D('',#160,#5239,#5240);
#5239=DIRECTION('',(0,-1,0));
#5240=DIRECTION('',(0.9807869039581891,0,0.19508215967666015));
#5241=FACE_BOUND('',#5242,.T.);
#5242=EDGE_LOOP('',(#5243,#5244,#5245));
#5243=ORIENTED_EDGE('',*,*,#5246,.T.);
#5244=ORIENTED_EDGE('',*,*,#5247,.T.);
#5245=ORIENTED_EDGE('',*,*,#5248,.T.);
#5246=EDGE_CURVE('',#161,#207,#5249,.F.);
#5247=EDGE_CURVE('',#207,#307,#5250,.T.);
#5248=EDGE_CURVE('',#307,#161,#5251,.T.);
#5249=LINE('',#160,#5252);
#5250=LINE('',#206,#5253);
#5251=LINE('',#306,#5254);
#5252=VECTOR('',#5255,1.0);
#5253=VECTOR('',#5256,1.0);
#5254=VECTOR('',#5257,1.0);
#5255=DIRECTION('',(0.9807869039581891,0,0.19508215967666015));
#5256=DIRECTION('',(-0.19509797139850046,0,0.9807837588154638));
#5257=DIRECTION('',(-0.5555868398680113,0,-0.8314585157213057));
#5258=FACE_SURFACE('',(#5263),#5259,.T.);
#5259=PLANE('',#5260);
#5260=AXIS2_PLACEMENT_3D('',#342,#5261,#5262);
#5261=DIRECTION('',(-0.9999999999997978,-6.357828776040381E-07,0));
#5262=DIRECTION('',(-6.357828776040382E-07,0.9999999999997979,0));
#5263=FACE_BOUND('',#5264,.T.);
#5264=EDGE_LOOP('',(#5265,#5266,#5267));
#5265=ORIENTED_EDGE('',*,*,#5268,.T.);
#5266=ORIENTED_EDGE('',*,*,#5269,.T.);
#5267=ORIENTED_EDGE('',*,*,#5270,.T.);
#5268=EDGE_CURVE('',#343,#345,#5271,.F.);
#5269=EDGE_CURVE('',#345,#125,#5272,.T.);
#5270=EDGE_CURVE('',#125,#343,#5273,.T.);
#5271=LINE('',#342,#5274);
#5272=LINE('',#344,#5275);
#5273=LINE('',#124,#5276);
#5274=VECTOR('',#5277,1.0);
#5275=VECTOR('',#5278,1.0);
#5276=VECTOR('',#5279,1.0);
#5277=DIRECTION('',(-6.357828776040382E-07,0.9999999999997979,0));
#5278=DIRECTION('',(0,0,-1));
#5279=DIRECTION('',(4.6658951328553537E-07,-0.7338818482243403,0.6792771399411354));
#5280=FACE_SURFACE('',(#5285),#5281,.T.);
#5281=PLANE('',#5282);
#5282=AXIS2_PLACEMENT_3D('',#342,#5283,#5284);
#5283=DIRECTION('',(-0.9999999999997978,-6.357828776040381E-07,-0));
#5284=DIRECTION('',(-4.6658951328553537E-07,0.7338818482243403,-0.6792771399411354));
#5285=FACE_BOUND('',#5286,.T.);
#5286=EDGE_LOOP('',(#5287,#5288,#5289));
#5287=ORIENTED_EDGE('',*,*,#5290,.T.);
#5288=ORIENTED_EDGE('',*,*,#5291,.T.);
#5289=ORIENTED_EDGE('',*,*,#5292,.T.);
#5290=EDGE_CURVE('',#343,#125,#5293,.F.);
#5291=EDGE_CURVE('',#125,#123,#5294,.T.);
#5292=EDGE_CURVE('',#123,#343,#5295,.T.);
#5293=LINE('',#342,#5296);
#5294=LINE('',#124,#5297);
#5295=LINE('',#122,#5298);
#5296=VECTOR('',#5299,1.0);
#5297=VECTOR('',#5300,1.0);
#5298=VECTOR('',#5301,1.0);
#5299=DIRECTION('',(-4.6658951328553537E-07,0.7338818482243403,-0.6792771399411354));
#5300=DIRECTION('',(6.357828776040361E-07,-0.9999999999997947,-7.947285970050451E-08));
#5301=DIRECTION('',(0,0,1));
#5302=FACE_SURFACE('',(#5307),#5303,.T.);
#5303=PLANE('',#5304);
#5304=AXIS2_PLACEMENT_3D('',#100,#5305,#5306);
#5305=DIRECTION('',(0,1,0));
#5306=DIRECTION('',(-0.634389219458118,0,-0.7730137891624701));
#5307=FACE_BOUND('',#5308,.T.);
#5308=EDGE_LOOP('',(#5309,#5310,#5311));
#5309=ORIENTED_EDGE('',*,*,#5312,.T.);
#5310=ORIENTED_EDGE('',*,*,#5313,.T.);
#5311=ORIENTED_EDGE('',*,*,#5314,.T.);
#5312=EDGE_CURVE('',#101,#125,#5315,.F.);
#5313=EDGE_CURVE('',#125,#345,#5316,.T.);
#5314=EDGE_CURVE('',#345,#101,#5317,.T.);
#5315=LINE('',#100,#5318);
#5316=LINE('',#124,#5319);
#5317=LINE('',#344,#5320);
#5318=VECTOR('',#5321,1.0);
#5319=VECTOR('',#5322,1.0);
#5320=VECTOR('',#5323,1.0);
#5321=DIRECTION('',(-0.634389219458118,0,-0.7730137891624701));
#5322=DIRECTION('',(0,0,1));
#5323=DIRECTION('',(0.005648361639249887,0,-0.9999840478781611));
#5324=FACE_SURFACE('',(#5329),#5325,.T.);
#5325=PLANE('',#5326);
#5326=AXIS2_PLACEMENT_3D('',#346,#5327,#5328);
#5327=DIRECTION('',(0,1,0));
#5328=DIRECTION('',(0,0,-1));
#5329=FACE_BOUND('',#5330,.T.);
#5330=EDGE_LOOP('',(#5331,#5332,#5333));
#5331=ORIENTED_EDGE('',*,*,#5334,.T.);
#5332=ORIENTED_EDGE('',*,*,#5335,.T.);
#5333=ORIENTED_EDGE('',*,*,#5336,.T.);
#5334=EDGE_CURVE('',#347,#269,#5337,.F.);
#5335=EDGE_CURVE('',#269,#267,#5338,.T.);
#5336=EDGE_CURVE('',#267,#347,#5339,.T.);
#5337=LINE('',#346,#5340);
#5338=LINE('',#268,#5341);
#5339=LINE('',#266,#5342);
#5340=VECTOR('',#5343,1.0);
#5341=VECTOR('',#5344,1.0);
#5342=VECTOR('',#5345,1.0);
#5343=DIRECTION('',(0,0,-1));
#5344=DIRECTION('',(-0.634410150846165,0,0.7729966109261709));
#5345=DIRECTION('',(0.006972040903257275,0,0.9999756950274559));
#5346=FACE_SURFACE('',(#5351),#5347,.T.);
#5347=PLANE('',#5348);
#5348=AXIS2_PLACEMENT_3D('',#346,#5349,#5350);
#5349=DIRECTION('',(0,1,0));
#5350=DIRECTION('',(-0.006972040903257275,0,-0.9999756950274559));
#5351=FACE_BOUND('',#5352,.T.);
#5352=EDGE_LOOP('',(#5353,#5354,#5355));
#5353=ORIENTED_EDGE('',*,*,#5356,.T.);
#5354=ORIENTED_EDGE('',*,*,#5357,.T.);
#5355=ORIENTED_EDGE('',*,*,#5358,.T.);
#5356=EDGE_CURVE('',#347,#267,#5359,.F.);
#5357=EDGE_CURVE('',#267,#293,#5360,.T.);
#5358=EDGE_CURVE('',#293,#347,#5361,.T.);
#5359=LINE('',#346,#5362);
#5360=LINE('',#266,#5363);
#5361=LINE('',#292,#5364);
#5362=VECTOR('',#5365,1.0);
#5363=VECTOR('',#5366,1.0);
#5364=VECTOR('',#5367,1.0);
#5365=DIRECTION('',(-0.006972040903257275,0,-0.9999756950274559));
#5366=DIRECTION('',(-0.7730235114269783,0,0.6343773725323942));
#5367=DIRECTION('',(0.13373477155665647,0,0.9910171597286744));
#5368=FACE_SURFACE('',(#5373),#5369,.T.);
#5369=PLANE('',#5370);
#5370=AXIS2_PLACEMENT_3D('',#100,#5371,#5372);
#5371=DIRECTION('',(-3.1787769592072305E-07,0.9999999999999496,-1.7955168259149232E-09));
#5372=DIRECTION('',(-0.005648361639249887,0,0.9999840478781611));
#5373=FACE_BOUND('',#5374,.T.);
#5374=EDGE_LOOP('',(#5375,#5376,#5377));
#5375=ORIENTED_EDGE('',*,*,#5378,.T.);
#5376=ORIENTED_EDGE('',*,*,#5379,.T.);
#5377=ORIENTED_EDGE('',*,*,#5380,.T.);
#5378=EDGE_CURVE('',#101,#345,#5381,.F.);
#5379=EDGE_CURVE('',#345,#347,#5382,.T.);
#5380=EDGE_CURVE('',#347,#101,#5383,.T.);
#5381=LINE('',#100,#5384);
#5382=LINE('',#344,#5385);
#5383=LINE('',#346,#5386);
#5384=VECTOR('',#5387,1.0);
#5385=VECTOR('',#5388,1.0);
#5386=VECTOR('',#5389,1.0);
#5387=DIRECTION('',(-0.005648361639249887,0,0.9999840478781611));
#5388=DIRECTION('',(0.9999999999999495,3.1787769592072305E-07,0));
#5389=DIRECTION('',(-0.7344560760261778,-2.3468574387405707E-07,-0.6786562254839885));
#5390=FACE_SURFACE('',(#5395),#5391,.T.);
#5391=PLANE('',#5392);
#5392=AXIS2_PLACEMENT_3D('',#84,#5393,#5394);
#5393=DIRECTION('',(2.5363588860414776E-06,0.9999999999920073,-3.0907105246289664E-06));
#5394=DIRECTION('',(-0.7730253788470387,0,-0.6343750969721244));
#5395=FACE_BOUND('',#5396,.T.);
#5396=EDGE_LOOP('',(#5397,#5398,#5399));
#5397=ORIENTED_EDGE('',*,*,#5400,.T.);
#5398=ORIENTED_EDGE('',*,*,#5401,.T.);
#5399=ORIENTED_EDGE('',*,*,#5402,.T.);
#5400=EDGE_CURVE('',#85,#101,#5403,.F.);
#5401=EDGE_CURVE('',#101,#347,#5404,.T.);
#5402=EDGE_CURVE('',#347,#85,#5405,.T.);
#5403=LINE('',#84,#5406);
#5404=LINE('',#100,#5407);
#5405=LINE('',#346,#5408);
#5406=VECTOR('',#5409,1.0);
#5407=VECTOR('',#5410,1.0);
#5408=VECTOR('',#5411,1.0);
#5409=DIRECTION('',(-0.7730253788470387,0,-0.6343750969721244));
#5410=DIRECTION('',(0.7344560760261778,2.3468574387405707E-07,0.6786562254839885));
#5411=DIRECTION('',(-0.7299581751242119,-2.6103944536460783E-07,-0.6834918160221541));
#5412=FACE_SURFACE('',(#5417),#5413,.T.);
#5413=PLANE('',#5414);
#5414=AXIS2_PLACEMENT_3D('',#346,#5415,#5416);
#5415=DIRECTION('',(0,1,0));
#5416=DIRECTION('',(-0.13373477155665647,0,-0.9910171597286744));
#5417=FACE_BOUND('',#5418,.T.);
#5418=EDGE_LOOP('',(#5419,#5420,#5421));
#5419=ORIENTED_EDGE('',*,*,#5422,.T.);
#5420=ORIENTED_EDGE('',*,*,#5423,.T.);
#5421=ORIENTED_EDGE('',*,*,#5424,.T.);
#5422=EDGE_CURVE('',#347,#293,#5425,.F.);
#5423=EDGE_CURVE('',#293,#313,#5426,.T.);
#5424=EDGE_CURVE('',#313,#347,#5427,.T.);
#5425=LINE('',#346,#5428);
#5426=LINE('',#292,#5429);
#5427=LINE('',#312,#5430);
#5428=VECTOR('',#5431,1.0);
#5429=VECTOR('',#5432,1.0);
#5430=VECTOR('',#5433,1.0);
#5431=DIRECTION('',(-0.13373477155665647,0,-0.9910171597286744));
#5432=DIRECTION('',(-0.88193078728717,0,0.4713789202277002));
#5433=DIRECTION('',(0.2905827556161515,0,0.9568498639486364));
#5434=FACE_SURFACE('',(#5439),#5435,.T.);
#5435=PLANE('',#5436);
#5436=AXIS2_PLACEMENT_3D('',#346,#5437,#5438);
#5437=DIRECTION('',(0,1,0));
#5438=DIRECTION('',(-0.2905827556161515,0,-0.9568498639486364));
#5439=FACE_BOUND('',#5440,.T.);
#5440=EDGE_LOOP('',(#5441,#5442,#5443));
#5441=ORIENTED_EDGE('',*,*,#5444,.T.);
#5442=ORIENTED_EDGE('',*,*,#5445,.T.);
#5443=ORIENTED_EDGE('',*,*,#5446,.T.);
#5444=EDGE_CURVE('',#347,#313,#5447,.F.);
#5445=EDGE_CURVE('',#313,#329,#5448,.T.);
#5446=EDGE_CURVE('',#329,#347,#5449,.T.);
#5447=LINE('',#346,#5450);
#5448=LINE('',#312,#5451);
#5449=LINE('',#328,#5452);
#5450=VECTOR('',#5453,1.0);
#5451=VECTOR('',#5454,1.0);
#5452=VECTOR('',#5455,1.0);
#5453=DIRECTION('',(-0.2905827556161515,0,-0.9568498639486364));
#5454=DIRECTION('',(-0.9569435235875385,0,0.29027416809607065));
#5455=DIRECTION('',(0.44748734037943877,0,0.8942902661888568));
#5456=FACE_SURFACE('',(#5461),#5457,.T.);
#5457=PLANE('',#5458);
#5458=AXIS2_PLACEMENT_3D('',#68,#5459,#5460);
#5459=DIRECTION('',(-5.654167400870251E-06,0.9999999999680164,5.656638721632447E-06));
#5460=DIRECTION('',(-0.8819297562181002,-2.3201473127242074E-06,-0.47138084930520807));
#5461=FACE_BOUND('',#5462,.T.);
#5462=EDGE_LOOP('',(#5463,#5464,#5465));
#5463=ORIENTED_EDGE('',*,*,#5466,.T.);
#5464=ORIENTED_EDGE('',*,*,#5467,.T.);
#5465=ORIENTED_EDGE('',*,*,#5468,.T.);
#5466=EDGE_CURVE('',#69,#85,#5469,.F.);
#5467=EDGE_CURVE('',#85,#347,#5470,.T.);
#5468=EDGE_CURVE('',#347,#69,#5471,.T.);
#5469=LINE('',#68,#5472);
#5470=LINE('',#84,#5473);
#5471=LINE('',#346,#5474);
#5472=VECTOR('',#5475,1.0);
#5473=VECTOR('',#5476,1.0);
#5474=VECTOR('',#5477,1.0);
#5475=DIRECTION('',(-0.8819297562181002,-2.3201473127242074E-06,-0.47138084930520807));
#5476=DIRECTION('',(0.7299581751242119,2.6103944536460783E-07,0.6834918160221541));
#5477=DIRECTION('',(-0.7072612614864271,0,-0.7069522671302693));
#5478=FACE_SURFACE('',(#5483),#5479,.T.);
#5479=PLANE('',#5480);
#5480=AXIS2_PLACEMENT_3D('',#38,#5481,#5482);
#5481=DIRECTION('',(0,1,-0));
#5482=DIRECTION('',(-0.9569435235875385,0,-0.29027416809607065));
#5483=FACE_BOUND('',#5484,.T.);
#5484=EDGE_LOOP('',(#5485,#5486,#5487));
#5485=ORIENTED_EDGE('',*,*,#5488,.T.);
#5486=ORIENTED_EDGE('',*,*,#5489,.T.);
#5487=ORIENTED_EDGE('',*,*,#5490,.T.);
#5488=EDGE_CURVE('',#39,#69,#5491,.F.);
#5489=EDGE_CURVE('',#69,#347,#5492,.T.);
#5490=EDGE_CURVE('',#347,#39,#5493,.T.);
#5491=LINE('',#38,#5494);
#5492=LINE('',#68,#5495);
#5493=LINE('',#346,#5496);
#5494=VECTOR('',#5497,1.0);
#5495=VECTOR('',#5498,1.0);
#5496=VECTOR('',#5499,1.0);
#5497=DIRECTION('',(-0.9569435235875385,0,-0.29027416809607065));
#5498=DIRECTION('',(0.7072612614864271,0,0.7069522671302693));
#5499=DIRECTION('',(-0.65849959118203,0,-0.7525810842780326));
#5500=FACE_SURFACE('',(#5505),#5501,.T.);
#5501=PLANE('',#5502);
#5502=AXIS2_PLACEMENT_3D('',#346,#5503,#5504);
#5503=DIRECTION('',(0,1,0));
#5504=DIRECTION('',(-0.44748734037943877,0,-0.8942902661888568));
#5505=FACE_BOUND('',#5506,.T.);
#5506=EDGE_LOOP('',(#5507,#5508,#5509));
#5507=ORIENTED_EDGE('',*,*,#5510,.T.);
#5508=ORIENTED_EDGE('',*,*,#5511,.T.);
#5509=ORIENTED_EDGE('',*,*,#5512,.T.);
#5510=EDGE_CURVE('',#347,#329,#5513,.F.);
#5511=EDGE_CURVE('',#329,#41,#5514,.T.);
#5512=EDGE_CURVE('',#41,#347,#5515,.T.);
#5513=LINE('',#346,#5516);
#5514=LINE('',#328,#5517);
#5515=LINE('',#40,#5518);
#5516=VECTOR('',#5519,1.0);
#5517=VECTOR('',#5520,1.0);
#5518=VECTOR('',#5521,1.0);
#5519=DIRECTION('',(-0.44748734037943877,0,-0.8942902661888568));
#5520=DIRECTION('',(-0.9951851246628347,0,0.09801309937869586));
#5521=DIRECTION('',(0.5737973438026991,0,0.8189973188264825));
#5522=FACE_SURFACE('',(#5527),#5523,.T.);
#5523=PLANE('',#5524);
#5524=AXIS2_PLACEMENT_3D('',#346,#5525,#5526);
#5525=DIRECTION('',(0,1,0));
#5526=DIRECTION('',(-0.5737973438026991,0,-0.8189973188264825));
#5527=FACE_BOUND('',#5528,.T.);
#5528=EDGE_LOOP('',(#5529,#5530,#5531));
#5529=ORIENTED_EDGE('',*,*,#5532,.T.);
#5530=ORIENTED_EDGE('',*,*,#5533,.T.);
#5531=ORIENTED_EDGE('',*,*,#5534,.T.);
#5532=EDGE_CURVE('',#347,#41,#5535,.F.);
#5533=EDGE_CURVE('',#41,#39,#5536,.T.);
#5534=EDGE_CURVE('',#39,#347,#5537,.T.);
#5535=LINE('',#346,#5538);
#5536=LINE('',#40,#5539);
#5537=LINE('',#38,#5540);
#5538=VECTOR('',#5541,1.0);
#5539=VECTOR('',#5542,1.0);
#5540=VECTOR('',#5543,1.0);
#5541=DIRECTION('',(-0.5737973438026991,0,-0.8189973188264825));
#5542=DIRECTION('',(-0.9951851246628347,0,-0.09801309937869586));
#5543=DIRECTION('',(0.65849959118203,0,0.7525810842780326));
#5544=FACE_SURFACE('',(#5549),#5545,.T.);
#5545=PLANE('',#5546);
#5546=AXIS2_PLACEMENT_3D('',#346,#5547,#5548);
#5547=DIRECTION('',(1,0,0));
#5548=DIRECTION('',(0,-1,0));
#5549=FACE_BOUND('',#5550,.T.);
#5550=EDGE_LOOP('',(#5551,#5552,#5553));
#5551=ORIENTED_EDGE('',*,*,#5554,.T.);
#5552=ORIENTED_EDGE('',*,*,#5555,.T.);
#5553=ORIENTED_EDGE('',*,*,#5556,.T.);
#5554=EDGE_CURVE('',#347,#349,#5557,.F.);
#5555=EDGE_CURVE('',#349,#277,#5558,.T.);
#5556=EDGE_CURVE('',#277,#347,#5559,.T.);
#5557=LINE('',#346,#5560);
#5558=LINE('',#348,#5561);
#5559=LINE('',#276,#5562);
#5560=VECTOR('',#5563,1.0);
#5561=VECTOR('',#5564,1.0);
#5562=VECTOR('',#5565,1.0);
#5563=DIRECTION('',(0,-1,0));
#5564=DIRECTION('',(0,0,-1));
#5565=DIRECTION('',(0,0.7333396668084877,0.6798624368835334));
#5566=FACE_SURFACE('',(#5571),#5567,.T.);
#5567=PLANE('',#5568);
#5568=AXIS2_PLACEMENT_3D('',#346,#5569,#5570);
#5569=DIRECTION('',(1,0,0));
#5570=DIRECTION('',(0,-0.7333396668084877,-0.6798624368835334));
#5571=FACE_BOUND('',#5572,.T.);
#5572=EDGE_LOOP('',(#5573,#5574,#5575));
#5573=ORIENTED_EDGE('',*,*,#5576,.T.);
#5574=ORIENTED_EDGE('',*,*,#5577,.T.);
#5575=ORIENTED_EDGE('',*,*,#5578,.T.);
#5576=EDGE_CURVE('',#347,#277,#5579,.F.);
#5577=EDGE_CURVE('',#277,#269,#5580,.T.);
#5578=EDGE_CURVE('',#269,#347,#5581,.T.);
#5579=LINE('',#346,#5582);
#5580=LINE('',#276,#5583);
#5581=LINE('',#268,#5584);
#5582=VECTOR('',#5585,1.0);
#5583=VECTOR('',#5586,1.0);
#5584=VECTOR('',#5587,1.0);
#5585=DIRECTION('',(0,-0.7333396668084877,-0.6798624368835334));
#5586=DIRECTION('',(0,0.9999999999999969,7.947285970052059E-08));
#5587=DIRECTION('',(0,0,1));
#5588=FACE_SURFACE('',(#5593),#5589,.T.);
#5589=PLANE('',#5590);
#5590=AXIS2_PLACEMENT_3D('',#278,#5591,#5592);
#5591=DIRECTION('',(0,-1,0));
#5592=DIRECTION('',(0.634410150846165,0,-0.7729966109261709));
#5593=FACE_BOUND('',#5594,.T.);
#5594=EDGE_LOOP('',(#5595,#5596,#5597));
#5595=ORIENTED_EDGE('',*,*,#5598,.T.);
#5596=ORIENTED_EDGE('',*,*,#5599,.T.);
#5597=ORIENTED_EDGE('',*,*,#5600,.T.);
#5598=EDGE_CURVE('',#279,#277,#5601,.F.);
#5599=EDGE_CURVE('',#277,#349,#5602,.T.);
#5600=EDGE_CURVE('',#349,#279,#5603,.T.);
#5601=LINE('',#278,#5604);
#5602=LINE('',#276,#5605);
#5603=LINE('',#348,#5606);
#5604=VECTOR('',#5607,1.0);
#5605=VECTOR('',#5608,1.0);
#5606=VECTOR('',#5609,1.0);
#5607=DIRECTION('',(0.634410150846165,0,-0.7729966109261709));
#5608=DIRECTION('',(0,0,1));
#5609=DIRECTION('',(-0.006972040300537198,0,-0.9999756950316581));
#5610=FACE_SURFACE('',(#5615),#5611,.T.);
#5611=PLANE('',#5612);
#5612=AXIS2_PLACEMENT_3D('',#342,#5613,#5614);
#5613=DIRECTION('',(0,-1,0));
#5614=DIRECTION('',(0,0,-1));
#5615=FACE_BOUND('',#5616,.T.);
#5616=EDGE_LOOP('',(#5617,#5618,#5619));
#5617=ORIENTED_EDGE('',*,*,#5620,.T.);
#5618=ORIENTED_EDGE('',*,*,#5621,.T.);
#5619=ORIENTED_EDGE('',*,*,#5622,.T.);
#5620=EDGE_CURVE('',#343,#123,#5623,.F.);
#5621=EDGE_CURVE('',#123,#103,#5624,.T.);
#5622=EDGE_CURVE('',#103,#343,#5625,.T.);
#5623=LINE('',#342,#5626);
#5624=LINE('',#122,#5627);
#5625=LINE('',#102,#5628);
#5626=VECTOR('',#5629,1.0);
#5627=VECTOR('',#5630,1.0);
#5628=VECTOR('',#5631,1.0);
#5629=DIRECTION('',(0,0,-1));
#5630=DIRECTION('',(0.634389219458118,0,0.7730137891624701));
#5631=DIRECTION('',(-0.005648361150951284,0,0.9999840478809192));
#5632=FACE_SURFACE('',(#5637),#5633,.T.);
#5633=PLANE('',#5634);
#5634=AXIS2_PLACEMENT_3D('',#342,#5635,#5636);
#5635=DIRECTION('',(0,-1,0));
#5636=DIRECTION('',(0.005648361150951284,0,-0.9999840478809192));
#5637=FACE_BOUND('',#5638,.T.);
#5638=EDGE_LOOP('',(#5639,#5640,#5641));
#5639=ORIENTED_EDGE('',*,*,#5642,.T.);
#5640=ORIENTED_EDGE('',*,*,#5643,.T.);
#5641=ORIENTED_EDGE('',*,*,#5644,.T.);
#5642=EDGE_CURVE('',#343,#103,#5645,.F.);
#5643=EDGE_CURVE('',#103,#87,#5646,.T.);
#5644=EDGE_CURVE('',#87,#343,#5647,.T.);
#5645=LINE('',#342,#5648);
#5646=LINE('',#102,#5649);
#5647=LINE('',#86,#5650);
#5648=VECTOR('',#5651,1.0);
#5649=VECTOR('',#5652,1.0);
#5650=VECTOR('',#5653,1.0);
#5651=DIRECTION('',(0.005648361150951284,0,-0.9999840478809192));
#5652=DIRECTION('',(0.7730235114269783,0,0.6343773725323942));
#5653=DIRECTION('',(-0.13231140141791328,0,0.9912081986418533));
#5654=FACE_SURFACE('',(#5659),#5655,.T.);
#5655=PLANE('',#5656);
#5656=AXIS2_PLACEMENT_3D('',#278,#5657,#5658);
#5657=DIRECTION('',(3.1787789801331063E-07,-0.9999999999999494,-2.216311382976854E-09));
#5658=DIRECTION('',(0.006972040300537198,0,0.9999756950316581));
#5659=FACE_BOUND('',#5660,.T.);
#5660=EDGE_LOOP('',(#5661,#5662,#5663));
#5661=ORIENTED_EDGE('',*,*,#5664,.T.);
#5662=ORIENTED_EDGE('',*,*,#5665,.T.);
#5663=ORIENTED_EDGE('',*,*,#5666,.T.);
#5664=EDGE_CURVE('',#279,#349,#5667,.F.);
#5665=EDGE_CURVE('',#349,#343,#5668,.T.);
#5666=EDGE_CURVE('',#343,#279,#5669,.T.);
#5667=LINE('',#278,#5670);
#5668=LINE('',#348,#5671);
#5669=LINE('',#342,#5672);
#5670=VECTOR('',#5673,1.0);
#5671=VECTOR('',#5674,1.0);
#5672=VECTOR('',#5675,1.0);
#5673=DIRECTION('',(0.006972040300537198,0,0.9999756950316581));
#5674=DIRECTION('',(-0.9999999999999495,-3.178778980133107E-07,0));
#5675=DIRECTION('',(0.734041651002518,2.3484072399863004E-07,-0.6791044504297129));
#5676=FACE_SURFACE('',(#5681),#5677,.T.);
#5677=PLANE('',#5678);
#5678=AXIS2_PLACEMENT_3D('',#298,#5679,#5680);
#5679=DIRECTION('',(-2.5120886516810116E-06,-0.9999999999921594,-3.061117364237572E-06));
#5680=DIRECTION('',(0.7730235114269783,0,-0.6343773725323942));
#5681=FACE_BOUND('',#5682,.T.);
#5682=EDGE_LOOP('',(#5683,#5684,#5685));
#5683=ORIENTED_EDGE('',*,*,#5686,.T.);
#5684=ORIENTED_EDGE('',*,*,#5687,.T.);
#5685=ORIENTED_EDGE('',*,*,#5688,.T.);
#5686=EDGE_CURVE('',#299,#279,#5689,.F.);
#5687=EDGE_CURVE('',#279,#343,#5690,.T.);
#5688=EDGE_CURVE('',#343,#299,#5691,.T.);
#5689=LINE('',#298,#5692);
#5690=LINE('',#278,#5693);
#5691=LINE('',#342,#5694);
#5692=VECTOR('',#5695,1.0);
#5693=VECTOR('',#5696,1.0);
#5694=VECTOR('',#5697,1.0);
#5695=DIRECTION('',(0.7730235114269783,0,-0.6343773725323942));
#5696=DIRECTION('',(-0.734041651002518,-2.3484072399863004E-07,0.6791044504297129));
#5697=DIRECTION('',(0.7294908165010335,2.612299183466404E-07,-0.6839906056669106));
#5698=FACE_SURFACE('',(#5703),#5699,.T.);
#5699=PLANE('',#5700);
#5700=AXIS2_PLACEMENT_3D('',#342,#5701,#5702);
#5701=DIRECTION('',(2.455566872854224E-06,-0.9999999999969315,3.2778128214427637E-07));
#5702=DIRECTION('',(0.13231140141791328,0,-0.9912081986418533));
#5703=FACE_BOUND('',#5704,.T.);
#5704=EDGE_LOOP('',(#5705,#5706,#5707));
#5705=ORIENTED_EDGE('',*,*,#5708,.T.);
#5706=ORIENTED_EDGE('',*,*,#5709,.T.);
#5707=ORIENTED_EDGE('',*,*,#5710,.T.);
#5708=EDGE_CURVE('',#343,#87,#5711,.F.);
#5709=EDGE_CURVE('',#87,#71,#5712,.T.);
#5710=EDGE_CURVE('',#71,#343,#5713,.T.);
#5711=LINE('',#342,#5714);
#5712=LINE('',#86,#5715);
#5713=LINE('',#70,#5716);
#5714=VECTOR('',#5717,1.0);
#5715=VECTOR('',#5718,1.0);
#5716=VECTOR('',#5719,1.0);
#5717=DIRECTION('',(0.13231140141791328,0,-0.9912081986418533));
#5718=DIRECTION('',(0.8819297562181002,2.3201473127242074E-06,0.47138084930520807));
#5719=DIRECTION('',(-0.2891925585037068,-3.963561684909389E-07,0.9572709460262142));
#5720=FACE_SURFACE('',(#5725),#5721,.T.);
#5721=PLANE('',#5722);
#5722=AXIS2_PLACEMENT_3D('',#342,#5723,#5724);
#5723=DIRECTION('',(1.1505151948580108E-07,-0.9999999999999214,-3.7929086505580324E-07));
#5724=DIRECTION('',(0.2891925585037068,3.963561684909389E-07,-0.9572709460262142));
#5725=FACE_BOUND('',#5726,.T.);
#5726=EDGE_LOOP('',(#5727,#5728,#5729));
#5727=ORIENTED_EDGE('',*,*,#5730,.T.);
#5728=ORIENTED_EDGE('',*,*,#5731,.T.);
#5729=ORIENTED_EDGE('',*,*,#5732,.T.);
#5730=EDGE_CURVE('',#343,#71,#5733,.F.);
#5731=EDGE_CURVE('',#71,#45,#5734,.T.);
#5732=EDGE_CURVE('',#45,#343,#5735,.T.);
#5733=LINE('',#342,#5736);
#5734=LINE('',#70,#5737);
#5735=LINE('',#44,#5738);
#5736=VECTOR('',#5739,1.0);
#5737=VECTOR('',#5740,1.0);
#5738=VECTOR('',#5741,1.0);
#5739=DIRECTION('',(0.2891925585037068,3.963561684909389E-07,-0.9572709460262142));
#5740=DIRECTION('',(0.9569439145695485,0,0.29027287914703404));
#5741=DIRECTION('',(-0.44629057534461447,-3.9076929269931095E-07,0.8948881060548409));
#5742=FACE_SURFACE('',(#5747),#5743,.T.);
#5743=PLANE('',#5744);
#5744=AXIS2_PLACEMENT_3D('',#314,#5745,#5746);
#5745=DIRECTION('',(-4.74772669494951E-07,-0.9999999999994929,-8.882756804479128E-07));
#5746=DIRECTION('',(0.881929756220474,0,-0.47138084930647683));
#5747=FACE_BOUND('',#5748,.T.);
#5748=EDGE_LOOP('',(#5749,#5750,#5751));
#5749=ORIENTED_EDGE('',*,*,#5752,.T.);
#5750=ORIENTED_EDGE('',*,*,#5753,.T.);
#5751=ORIENTED_EDGE('',*,*,#5754,.T.);
#5752=EDGE_CURVE('',#315,#299,#5755,.F.);
#5753=EDGE_CURVE('',#299,#343,#5756,.T.);
#5754=EDGE_CURVE('',#343,#315,#5757,.T.);
#5755=LINE('',#314,#5758);
#5756=LINE('',#298,#5759);
#5757=LINE('',#342,#5760);
#5758=VECTOR('',#5761,1.0);
#5759=VECTOR('',#5762,1.0);
#5760=VECTOR('',#5763,1.0);
#5761=DIRECTION('',(0.881929756220474,0,-0.47138084930647683));
#5762=DIRECTION('',(-0.7294908165010335,-2.612299183466404E-07,0.6839906056669106));
#5763=DIRECTION('',(0.7067005522404246,2.9294428559721065E-07,-0.7075127768902785));
#5764=FACE_SURFACE('',(#5769),#5765,.T.);
#5765=PLANE('',#5766);
#5766=AXIS2_PLACEMENT_3D('',#330,#5767,#5768);
#5767=DIRECTION('',(-1.8019038458949175E-07,-0.9999999999998073,-5.94031575998154E-07));
#5768=DIRECTION('',(0.9569435235875385,0,-0.29027416809607065));
#5769=FACE_BOUND('',#5770,.T.);
#5770=EDGE_LOOP('',(#5771,#5772,#5773));
#5771=ORIENTED_EDGE('',*,*,#5774,.T.);
#5772=ORIENTED_EDGE('',*,*,#5775,.T.);
#5773=ORIENTED_EDGE('',*,*,#5776,.T.);
#5774=EDGE_CURVE('',#331,#315,#5777,.F.);
#5775=EDGE_CURVE('',#315,#343,#5778,.T.);
#5776=EDGE_CURVE('',#343,#331,#5779,.T.);
#5777=LINE('',#330,#5780);
#5778=LINE('',#314,#5781);
#5779=LINE('',#342,#5782);
#5780=VECTOR('',#5783,1.0);
#5781=VECTOR('',#5784,1.0);
#5782=VECTOR('',#5785,1.0);
#5783=DIRECTION('',(0.9569435235875385,0,-0.29027416809607065));
#5784=DIRECTION('',(-0.7067005522404246,-2.9294428559721065E-07,0.7075127768902785));
#5785=DIRECTION('',(0.6577861665904782,3.2890064801014333E-07,-0.7532047258495499));
#5786=FACE_SURFACE('',(#5791),#5787,.T.);
#5787=PLANE('',#5788);
#5788=AXIS2_PLACEMENT_3D('',#342,#5789,#5790);
#5789=DIRECTION('',(4.0992852257836665E-08,-0.9999999999999126,-4.1622473978582967E-07));
#5790=DIRECTION('',(0.44629057534461447,3.9076929269931095E-07,-0.8948881060548409));
#5791=FACE_BOUND('',#5792,.T.);
#5792=EDGE_LOOP('',(#5793,#5794,#5795));
#5793=ORIENTED_EDGE('',*,*,#5796,.T.);
#5794=ORIENTED_EDGE('',*,*,#5797,.T.);
#5795=ORIENTED_EDGE('',*,*,#5798,.T.);
#5796=EDGE_CURVE('',#343,#45,#5799,.F.);
#5797=EDGE_CURVE('',#45,#43,#5800,.T.);
#5798=EDGE_CURVE('',#43,#343,#5801,.T.);
#5799=LINE('',#342,#5802);
#5800=LINE('',#44,#5803);
#5801=LINE('',#42,#5804);
#5802=VECTOR('',#5805,1.0);
#5803=VECTOR('',#5806,1.0);
#5804=VECTOR('',#5807,1.0);
#5805=DIRECTION('',(0.44629057534461447,3.9076929269931095E-07,-0.8948881060548409));
#5806=DIRECTION('',(0.9951851246628347,0,0.09801309937869586));
#5807=DIRECTION('',(-0.5728606481954657,-3.646429564750154E-07,0.8196527787721689));
#5808=FACE_SURFACE('',(#5813),#5809,.T.);
#5809=PLANE('',#5810);
#5810=AXIS2_PLACEMENT_3D('',#342,#5811,#5812);
#5811=DIRECTION('',(-4.705337481218628E-08,-0.9999999999998849,-4.777608194731874E-07));
#5812=DIRECTION('',(0.5728606481954657,3.646429564750154E-07,-0.8196527787721689));
#5813=FACE_BOUND('',#5814,.T.);
#5814=EDGE_LOOP('',(#5815,#5816,#5817));
#5815=ORIENTED_EDGE('',*,*,#5818,.T.);
#5816=ORIENTED_EDGE('',*,*,#5819,.T.);
#5817=ORIENTED_EDGE('',*,*,#5820,.T.);
#5818=EDGE_CURVE('',#343,#43,#5821,.F.);
#5819=EDGE_CURVE('',#43,#331,#5822,.T.);
#5820=EDGE_CURVE('',#331,#343,#5823,.T.);
#5821=LINE('',#342,#5824);
#5822=LINE('',#42,#5825);
#5823=LINE('',#330,#5826);
#5824=VECTOR('',#5827,1.0);
#5825=VECTOR('',#5828,1.0);
#5826=VECTOR('',#5829,1.0);
#5827=DIRECTION('',(0.5728606481954657,3.646429564750154E-07,-0.8196527787721689));
#5828=DIRECTION('',(0.9951851246628347,0,-0.09801309937869586));
#5829=DIRECTION('',(-0.6577861665904782,-3.2890064801014333E-07,0.7532047258495499));
#5830=FACE_SURFACE('',(#5835),#5831,.T.);
#5831=PLANE('',#5832);
#5832=AXIS2_PLACEMENT_3D('',#342,#5833,#5834);
#5833=DIRECTION('',(0,0,1));
#5834=DIRECTION('',(0.9999999999999495,3.178778980133107E-07,0));
#5835=FACE_BOUND('',#5836,.T.);
#5836=EDGE_LOOP('',(#5837,#5838,#5839));
#5837=ORIENTED_EDGE('',*,*,#5840,.T.);
#5838=ORIENTED_EDGE('',*,*,#5841,.T.);
#5839=ORIENTED_EDGE('',*,*,#5842,.T.);
#5840=EDGE_CURVE('',#343,#349,#5843,.F.);
#5841=EDGE_CURVE('',#349,#347,#5844,.T.);
#5842=EDGE_CURVE('',#347,#343,#5845,.T.);
#5843=LINE('',#342,#5846);
#5844=LINE('',#348,#5847);
#5845=LINE('',#346,#5848);
#5846=VECTOR('',#5849,1.0);
#5847=VECTOR('',#5850,1.0);
#5848=VECTOR('',#5851,1.0);
#5849=DIRECTION('',(0.9999999999999495,3.178778980133107E-07,0));
#5850=DIRECTION('',(0,1,0));
#5851=DIRECTION('',(-0.7071217287900791,-0.7070918332670304,0));
#5852=FACE_SURFACE('',(#5857),#5853,.T.);
#5853=PLANE('',#5854);
#5854=AXIS2_PLACEMENT_3D('',#342,#5855,#5856);
#5855=DIRECTION('',(0,-0,1));
#5856=DIRECTION('',(0.7071217287900791,0.7070918332670304,0));
#5857=FACE_BOUND('',#5858,.T.);
#5858=EDGE_LOOP('',(#5859,#5860,#5861));
#5859=ORIENTED_EDGE('',*,*,#5862,.T.);
#5860=ORIENTED_EDGE('',*,*,#5863,.T.);
#5861=ORIENTED_EDGE('',*,*,#5864,.T.);
#5862=EDGE_CURVE('',#343,#347,#5865,.F.);
#5863=EDGE_CURVE('',#347,#345,#5866,.T.);
#5864=EDGE_CURVE('',#345,#343,#5867,.T.);
#5865=LINE('',#342,#5868);
#5866=LINE('',#346,#5869);
#5867=LINE('',#344,#5870);
#5868=VECTOR('',#5871,1.0);
#5869=VECTOR('',#5872,1.0);
#5870=VECTOR('',#5873,1.0);
#5871=DIRECTION('',(0.7071217287900791,0.7070918332670304,0));
#5872=DIRECTION('',(-0.9999999999999495,-3.1787769592072305E-07,0));
#5873=DIRECTION('',(6.357828776040382E-07,-0.9999999999997979,0));
#5874=FACE_SURFACE('',(#5879),#5875,.T.);
#5875=PLANE('',#5876);
#5876=AXIS2_PLACEMENT_3D('',#116,#5877,#5878);
#5877=DIRECTION('',(-0.9999999999997978,-6.357827765490873E-07,0));
#5878=DIRECTION('',(0,0,1));
#5879=FACE_BOUND('',#5880,.T.);
#5880=EDGE_LOOP('',(#5881,#5882,#5883));
#5881=ORIENTED_EDGE('',*,*,#5884,.T.);
#5882=ORIENTED_EDGE('',*,*,#5885,.T.);
#5883=ORIENTED_EDGE('',*,*,#5886,.T.);
#5884=EDGE_CURVE('',#117,#351,#5887,.F.);
#5885=EDGE_CURVE('',#351,#353,#5888,.T.);
#5886=EDGE_CURVE('',#353,#117,#5889,.T.);
#5887=LINE('',#116,#5890);
#5888=LINE('',#350,#5891);
#5889=LINE('',#352,#5892);
#5890=VECTOR('',#5893,1.0);
#5891=VECTOR('',#5894,1.0);
#5892=VECTOR('',#5895,1.0);
#5893=DIRECTION('',(0,0,1));
#5894=DIRECTION('',(-6.357827765490874E-07,0.9999999999997979,0));
#5895=DIRECTION('',(4.665896859241175E-07,-0.7338822364087727,-0.6792767205516765));
#5896=FACE_SURFACE('',(#5901),#5897,.T.);
#5897=PLANE('',#5898);
#5898=AXIS2_PLACEMENT_3D('',#116,#5899,#5900);
#5899=DIRECTION('',(-0.9999999999997978,-6.3578267549416E-07,-1.0917850390363454E-13));
#5900=DIRECTION('',(-4.665896859241175E-07,0.7338822364087727,0.6792767205516765));
#5901=FACE_BOUND('',#5902,.T.);
#5902=EDGE_LOOP('',(#5903,#5904,#5905));
#5903=ORIENTED_EDGE('',*,*,#5906,.T.);
#5904=ORIENTED_EDGE('',*,*,#5907,.T.);
#5905=ORIENTED_EDGE('',*,*,#5908,.T.);
#5906=EDGE_CURVE('',#117,#353,#5909,.F.);
#5907=EDGE_CURVE('',#353,#121,#5910,.T.);
#5908=EDGE_CURVE('',#121,#117,#5911,.T.);
#5909=LINE('',#116,#5912);
#5910=LINE('',#352,#5913);
#5911=LINE('',#120,#5914);
#5912=VECTOR('',#5915,1.0);
#5913=VECTOR('',#5916,1.0);
#5914=VECTOR('',#5917,1.0);
#5915=DIRECTION('',(-4.665896859241175E-07,0.7338822364087727,0.6792767205516765));
#5916=DIRECTION('',(0,1.7172299295317275E-07,-0.9999999999999852));
#5917=DIRECTION('',(6.357826754941666E-07,-0.9999999999997947,-7.947283443677083E-08));
#5918=FACE_SURFACE('',(#5923),#5919,.T.);
#5919=PLANE('',#5920);
#5920=AXIS2_PLACEMENT_3D('',#104,#5921,#5922);
#5921=DIRECTION('',(-2.092387680484976E-07,0.9999999999999635,1.71722992953169E-07));
#5922=DIRECTION('',(-0.6344047054600463,0,-0.7730010800058121));
#5923=FACE_BOUND('',#5924,.T.);
#5924=EDGE_LOOP('',(#5925,#5926,#5927));
#5925=ORIENTED_EDGE('',*,*,#5928,.T.);
#5926=ORIENTED_EDGE('',*,*,#5929,.T.);
#5927=ORIENTED_EDGE('',*,*,#5930,.T.);
#5928=EDGE_CURVE('',#105,#121,#5931,.F.);
#5929=EDGE_CURVE('',#121,#353,#5932,.T.);
#5930=EDGE_CURVE('',#353,#105,#5933,.T.);
#5931=LINE('',#104,#5934);
#5932=LINE('',#120,#5935);
#5933=LINE('',#352,#5936);
#5934=VECTOR('',#5937,1.0);
#5935=VECTOR('',#5938,1.0);
#5936=VECTOR('',#5939,1.0);
#5937=DIRECTION('',(-0.6344047054600463,0,-0.7730010800058121));
#5938=DIRECTION('',(0,-1.7172299295317275E-07,0.9999999999999852));
#5939=DIRECTION('',(0.005647669809301182,1.72901965751322E-07,-0.9999840517856748));
#5940=FACE_SURFACE('',(#5945),#5941,.T.);
#5941=PLANE('',#5942);
#5942=AXIS2_PLACEMENT_3D('',#354,#5943,#5944);
#5943=DIRECTION('',(0,1,0));
#5944=DIRECTION('',(0,0,-1));
#5945=FACE_BOUND('',#5946,.T.);
#5946=EDGE_LOOP('',(#5947,#5948,#5949));
#5947=ORIENTED_EDGE('',*,*,#5950,.T.);
#5948=ORIENTED_EDGE('',*,*,#5951,.T.);
#5949=ORIENTED_EDGE('',*,*,#5952,.T.);
#5950=EDGE_CURVE('',#355,#283,#5953,.F.);
#5951=EDGE_CURVE('',#283,#281,#5954,.T.);
#5952=EDGE_CURVE('',#281,#355,#5955,.T.);
#5953=LINE('',#354,#5956);
#5954=LINE('',#282,#5957);
#5955=LINE('',#280,#5958);
#5956=VECTOR('',#5959,1.0);
#5957=VECTOR('',#5960,1.0);
#5958=VECTOR('',#5961,1.0);
#5959=DIRECTION('',(0,0,-1));
#5960=DIRECTION('',(-0.6344332742336474,0,0.7729776326292848));
#5961=DIRECTION('',(0.0069734237388071885,0,0.9999756853850793));
#5962=FACE_SURFACE('',(#5967),#5963,.T.);
#5963=PLANE('',#5964);
#5964=AXIS2_PLACEMENT_3D('',#354,#5965,#5966);
#5965=DIRECTION('',(0,1,0));
#5966=DIRECTION('',(-0.0069734237388071885,0,-0.9999756853850793));
#5967=FACE_BOUND('',#5968,.T.);
#5968=EDGE_LOOP('',(#5969,#5970,#5971));
#5969=ORIENTED_EDGE('',*,*,#5972,.T.);
#5970=ORIENTED_EDGE('',*,*,#5973,.T.);
#5971=ORIENTED_EDGE('',*,*,#5974,.T.);
#5972=EDGE_CURVE('',#355,#281,#5975,.F.);
#5973=EDGE_CURVE('',#281,#301,#5976,.T.);
#5974=EDGE_CURVE('',#301,#355,#5977,.T.);
#5975=LINE('',#354,#5978);
#5976=LINE('',#280,#5979);
#5977=LINE('',#300,#5980);
#5978=VECTOR('',#5981,1.0);
#5979=VECTOR('',#5982,1.0);
#5980=VECTOR('',#5983,1.0);
#5981=DIRECTION('',(-0.0069734237388071885,0,-0.9999756853850793));
#5982=DIRECTION('',(-0.7730235114269783,0,0.6343773725323942));
#5983=DIRECTION('',(0.1337362521672387,0,0.9910169599236235));
#5984=FACE_SURFACE('',(#5989),#5985,.T.);
#5985=PLANE('',#5986);
#5986=AXIS2_PLACEMENT_3D('',#104,#5987,#5988);
#5987=DIRECTION('',(-4.768165438810475E-07,0.9999999999998719,1.7021177792576254E-07));
#5988=DIRECTION('',(-0.005647669809301182,-1.72901965751322E-07,0.9999840517856748));
#5989=FACE_BOUND('',#5990,.T.);
#5990=EDGE_LOOP('',(#5991,#5992,#5993));
#5991=ORIENTED_EDGE('',*,*,#5994,.T.);
#5992=ORIENTED_EDGE('',*,*,#5995,.T.);
#5993=ORIENTED_EDGE('',*,*,#5996,.T.);
#5994=EDGE_CURVE('',#105,#353,#5997,.F.);
#5995=EDGE_CURVE('',#353,#355,#5998,.T.);
#5996=EDGE_CURVE('',#355,#105,#5999,.T.);
#5997=LINE('',#104,#6000);
#5998=LINE('',#352,#6001);
#5999=LINE('',#354,#6002);
#6000=VECTOR('',#6003,1.0);
#6001=VECTOR('',#6004,1.0);
#6002=VECTOR('',#6005,1.0);
#6003=DIRECTION('',(-0.005647669809301182,-1.72901965751322E-07,0.9999840517856748));
#6004=DIRECTION('',(0.9999999999998863,4.7681654388105446E-07,0));
#6005=DIRECTION('',(-0.7344562775843145,-2.346856582978907E-07,-0.6786560073534582));
#6006=FACE_SURFACE('',(#6011),#6007,.T.);
#6007=PLANE('',#6008);
#6008=AXIS2_PLACEMENT_3D('',#88,#6009,#6010);
#6009=DIRECTION('',(2.5365068583684795E-06,0.9999999999920064,-3.0908722840906323E-06));
#6010=DIRECTION('',(-0.7730235114269783,0,-0.6343773725323942));
#6011=FACE_BOUND('',#6012,.T.);
#6012=EDGE_LOOP('',(#6013,#6014,#6015));
#6013=ORIENTED_EDGE('',*,*,#6016,.T.);
#6014=ORIENTED_EDGE('',*,*,#6017,.T.);
#6015=ORIENTED_EDGE('',*,*,#6018,.T.);
#6016=EDGE_CURVE('',#89,#105,#6019,.F.);
#6017=EDGE_CURVE('',#105,#355,#6020,.T.);
#6018=EDGE_CURVE('',#355,#89,#6021,.T.);
#6019=LINE('',#88,#6022);
#6020=LINE('',#104,#6023);
#6021=LINE('',#354,#6024);
#6022=VECTOR('',#6025,1.0);
#6023=VECTOR('',#6026,1.0);
#6024=VECTOR('',#6027,1.0);
#6025=DIRECTION('',(-0.7730235114269783,0,-0.6343773725323942));
#6026=DIRECTION('',(0.7344562775843145,2.346856582978907E-07,0.6786560073534582));
#6027=DIRECTION('',(-0.7299586466337876,-2.610392405808801E-07,-0.6834913124572257));
#6028=FACE_SURFACE('',(#6033),#6029,.T.);
#6029=PLANE('',#6030);
#6030=AXIS2_PLACEMENT_3D('',#354,#6031,#6032);
#6031=DIRECTION('',(-1.2268876321800412E-06,0.9999999999992336,1.6556664557056804E-07));
#6032=DIRECTION('',(-0.1337362521672387,0,-0.9910169599236235));
#6033=FACE_BOUND('',#6034,.T.);
#6034=EDGE_LOOP('',(#6035,#6036,#6037));
#6035=ORIENTED_EDGE('',*,*,#6038,.T.);
#6036=ORIENTED_EDGE('',*,*,#6039,.T.);
#6037=ORIENTED_EDGE('',*,*,#6040,.T.);
#6038=EDGE_CURVE('',#355,#301,#6041,.F.);
#6039=EDGE_CURVE('',#301,#317,#6042,.T.);
#6040=EDGE_CURVE('',#317,#355,#6043,.T.);
#6041=LINE('',#354,#6044);
#6042=LINE('',#300,#6045);
#6043=LINE('',#316,#6046);
#6044=VECTOR('',#6047,1.0);
#6045=VECTOR('',#6048,1.0);
#6046=VECTOR('',#6049,1.0);
#6047=DIRECTION('',(-0.1337362521672387,0,-0.9910169599236235));
#6048=DIRECTION('',(-0.8819297562198805,-1.1600736563644453E-06,0.4713808493061596));
#6049=DIRECTION('',(0.2905834673042126,1.980908756470786E-07,0.9568496478179958));
#6050=FACE_SURFACE('',(#6055),#6051,.T.);
#6051=PLANE('',#6052);
#6052=AXIS2_PLACEMENT_3D('',#354,#6053,#6054);
#6053=DIRECTION('',(-5.7500614535831695E-08,0.9999999999999803,-1.8956180640997718E-07));
#6054=DIRECTION('',(-0.2905834673042126,-1.980908756470786E-07,-0.9568496478179958));
#6055=FACE_BOUND('',#6056,.T.);
#6056=EDGE_LOOP('',(#6057,#6058,#6059));
#6057=ORIENTED_EDGE('',*,*,#6060,.T.);
#6058=ORIENTED_EDGE('',*,*,#6061,.T.);
#6059=ORIENTED_EDGE('',*,*,#6062,.T.);
#6060=EDGE_CURVE('',#355,#317,#6063,.F.);
#6061=EDGE_CURVE('',#317,#333,#6064,.T.);
#6062=EDGE_CURVE('',#333,#355,#6065,.T.);
#6063=LINE('',#354,#6066);
#6064=LINE('',#316,#6067);
#6065=LINE('',#332,#6068);
#6066=VECTOR('',#6069,1.0);
#6067=VECTOR('',#6070,1.0);
#6068=VECTOR('',#6071,1.0);
#6069=DIRECTION('',(-0.2905834673042126,-1.980908756470786E-07,-0.9568496478179958));
#6070=DIRECTION('',(-0.9569436041471646,0,0.2902739025159422));
#6071=DIRECTION('',(0.44748792593228687,1.9525405351034234E-07,0.8942899731881052));
#6072=FACE_SURFACE('',(#6077),#6073,.T.);
#6073=PLANE('',#6074);
#6074=AXIS2_PLACEMENT_3D('',#72,#6075,#6076);
#6075=DIRECTION('',(4.756380643691082E-07,0.9999999999994909,-8.89894790540151E-07));
#6076=DIRECTION('',(-0.881929756220474,0,-0.47138084930647683));
#6077=FACE_BOUND('',#6078,.T.);
#6078=EDGE_LOOP('',(#6079,#6080,#6081));
#6079=ORIENTED_EDGE('',*,*,#6082,.T.);
#6080=ORIENTED_EDGE('',*,*,#6083,.T.);
#6081=ORIENTED_EDGE('',*,*,#6084,.T.);
#6082=EDGE_CURVE('',#73,#89,#6085,.F.);
#6083=EDGE_CURVE('',#89,#355,#6086,.T.);
#6084=EDGE_CURVE('',#355,#73,#6087,.T.);
#6085=LINE('',#72,#6088);
#6086=LINE('',#88,#6089);
#6087=LINE('',#354,#6090);
#6088=VECTOR('',#6091,1.0);
#6089=VECTOR('',#6092,1.0);
#6090=VECTOR('',#6093,1.0);
#6091=DIRECTION('',(-0.881929756220474,0,-0.47138084930647683));
#6092=DIRECTION('',(0.7299586466337876,2.610392405808801E-07,0.6834913124572257));
#6093=DIRECTION('',(-0.707261828359827,-2.927119879580683E-07,-0.7069517000085854));
#6094=FACE_SURFACE('',(#6099),#6095,.T.);
#6095=PLANE('',#6096);
#6096=AXIS2_PLACEMENT_3D('',#46,#6097,#6098);
#6097=DIRECTION('',(1.8031338960314608E-07,0.9999999999998072,-5.944405615848823E-07));
#6098=DIRECTION('',(-0.9569439951284919,0,-0.2902726135678679));
#6099=FACE_BOUND('',#6100,.T.);
#6100=EDGE_LOOP('',(#6101,#6102,#6103));
#6101=ORIENTED_EDGE('',*,*,#6104,.T.);
#6102=ORIENTED_EDGE('',*,*,#6105,.T.);
#6103=ORIENTED_EDGE('',*,*,#6106,.T.);
#6104=EDGE_CURVE('',#47,#73,#6107,.F.);
#6105=EDGE_CURVE('',#73,#355,#6108,.T.);
#6106=EDGE_CURVE('',#355,#47,#6109,.T.);
#6107=LINE('',#46,#6110);
#6108=LINE('',#72,#6111);
#6109=LINE('',#354,#6112);
#6110=VECTOR('',#6113,1.0);
#6111=VECTOR('',#6114,1.0);
#6112=VECTOR('',#6115,1.0);
#6113=DIRECTION('',(-0.9569439951284919,0,-0.2902726135678679));
#6114=DIRECTION('',(0.707261828359827,2.927119879580683E-07,0.7069517000085854));
#6115=DIRECTION('',(-0.6584999227227567,-3.2862819681300813E-07,-0.7525807941835981));
#6116=FACE_SURFACE('',(#6121),#6117,.T.);
#6117=PLANE('',#6118);
#6118=AXIS2_PLACEMENT_3D('',#354,#6119,#6120);
#6119=DIRECTION('',(-2.0493208641385776E-08,0.9999999999999781,-2.0807970083386573E-07));
#6120=DIRECTION('',(-0.44748792593228687,-1.9525405351034234E-07,-0.8942899731881052));
#6121=FACE_BOUND('',#6122,.T.);
#6122=EDGE_LOOP('',(#6123,#6124,#6125));
#6123=ORIENTED_EDGE('',*,*,#6126,.T.);
#6124=ORIENTED_EDGE('',*,*,#6127,.T.);
#6125=ORIENTED_EDGE('',*,*,#6128,.T.);
#6126=EDGE_CURVE('',#355,#333,#6129,.F.);
#6127=EDGE_CURVE('',#333,#49,#6130,.T.);
#6128=EDGE_CURVE('',#49,#355,#6131,.T.);
#6129=LINE('',#354,#6132);
#6130=LINE('',#332,#6133);
#6131=LINE('',#48,#6134);
#6132=VECTOR('',#6135,1.0);
#6133=VECTOR('',#6136,1.0);
#6134=VECTOR('',#6137,1.0);
#6135=DIRECTION('',(-0.44748792593228687,-1.9525405351034234E-07,-0.8942899731881052));
#6136=DIRECTION('',(-0.9951851246628347,0,0.09801309937869586));
#6137=DIRECTION('',(0.5737977897789162,1.8217560989343613E-07,0.8189970063710841));
#6138=FACE_SURFACE('',(#6143),#6139,.T.);
#6139=PLANE('',#6140);
#6140=AXIS2_PLACEMENT_3D('',#354,#6141,#6142);
#6141=DIRECTION('',(-1.228538459787336E-06,0.9999999999990415,6.38289320869931E-07));
#6142=DIRECTION('',(-0.5737977897789162,-1.8217560989343613E-07,-0.8189970063710841));
#6143=FACE_BOUND('',#6144,.T.);
#6144=EDGE_LOOP('',(#6145,#6146,#6147));
#6145=ORIENTED_EDGE('',*,*,#6148,.T.);
#6146=ORIENTED_EDGE('',*,*,#6149,.T.);
#6147=ORIENTED_EDGE('',*,*,#6150,.T.);
#6148=EDGE_CURVE('',#355,#49,#6151,.F.);
#6149=EDGE_CURVE('',#49,#47,#6152,.T.);
#6150=EDGE_CURVE('',#47,#355,#6153,.T.);
#6151=LINE('',#354,#6154);
#6152=LINE('',#48,#6155);
#6153=LINE('',#46,#6156);
#6154=VECTOR('',#6157,1.0);
#6155=VECTOR('',#6158,1.0);
#6156=VECTOR('',#6159,1.0);
#6157=DIRECTION('',(-0.5737977897789162,-1.8217560989343613E-07,-0.8189970063710841));
#6158=DIRECTION('',(-0.9951851246621651,-1.1600624856180936E-06,-0.09801309937862991));
#6159=DIRECTION('',(0.6584999227227567,3.2862819681300813E-07,0.7525807941835981));
#6160=FACE_SURFACE('',(#6165),#6161,.T.);
#6161=PLANE('',#6162);
#6162=AXIS2_PLACEMENT_3D('',#354,#6163,#6164);
#6163=DIRECTION('',(1,0,0));
#6164=DIRECTION('',(0,-1,0));
#6165=FACE_BOUND('',#6166,.T.);
#6166=EDGE_LOOP('',(#6167,#6168,#6169));
#6167=ORIENTED_EDGE('',*,*,#6170,.T.);
#6168=ORIENTED_EDGE('',*,*,#6171,.T.);
#6169=ORIENTED_EDGE('',*,*,#6172,.T.);
#6170=EDGE_CURVE('',#355,#357,#6173,.F.);
#6171=EDGE_CURVE('',#357,#285,#6174,.T.);
#6172=EDGE_CURVE('',#285,#355,#6175,.T.);
#6173=LINE('',#354,#6176);
#6174=LINE('',#356,#6177);
#6175=LINE('',#284,#6178);
#6176=VECTOR('',#6179,1.0);
#6177=VECTOR('',#6180,1.0);
#6178=VECTOR('',#6181,1.0);
#6179=DIRECTION('',(0,-1,0));
#6180=DIRECTION('',(0,0,-1));
#6181=DIRECTION('',(0,0.7333392600110805,0.6798628756789127));
#6182=FACE_SURFACE('',(#6187),#6183,.T.);
#6183=PLANE('',#6184);
#6184=AXIS2_PLACEMENT_3D('',#354,#6185,#6186);
#6185=DIRECTION('',(1,0,0));
#6186=DIRECTION('',(0,-0.7333392600110805,-0.6798628756789127));
#6187=FACE_BOUND('',#6188,.T.);
#6188=EDGE_LOOP('',(#6189,#6190,#6191));
#6189=ORIENTED_EDGE('',*,*,#6192,.T.);
#6190=ORIENTED_EDGE('',*,*,#6193,.T.);
#6191=ORIENTED_EDGE('',*,*,#6194,.T.);
#6192=EDGE_CURVE('',#355,#285,#6195,.F.);
#6193=EDGE_CURVE('',#285,#283,#6196,.T.);
#6194=EDGE_CURVE('',#283,#355,#6197,.T.);
#6195=LINE('',#354,#6198);
#6196=LINE('',#284,#6199);
#6197=LINE('',#282,#6200);
#6198=VECTOR('',#6201,1.0);
#6199=VECTOR('',#6202,1.0);
#6200=VECTOR('',#6203,1.0);
#6201=DIRECTION('',(0,-0.7333392600110805,-0.6798628756789127));
#6202=DIRECTION('',(0,0.9999999999999969,7.947285970052059E-08));
#6203=DIRECTION('',(0,0,1));
#6204=FACE_SURFACE('',(#6209),#6205,.T.);
#6205=PLANE('',#6206);
#6206=AXIS2_PLACEMENT_3D('',#270,#6207,#6208);
#6207=DIRECTION('',(0,-1,0));
#6208=DIRECTION('',(0.6343956769867352,0,-0.7730084896173793));
#6209=FACE_BOUND('',#6210,.T.);
#6210=EDGE_LOOP('',(#6211,#6212,#6213));
#6211=ORIENTED_EDGE('',*,*,#6214,.T.);
#6212=ORIENTED_EDGE('',*,*,#6215,.T.);
#6213=ORIENTED_EDGE('',*,*,#6216,.T.);
#6214=EDGE_CURVE('',#271,#285,#6217,.F.);
#6215=EDGE_CURVE('',#285,#357,#6218,.T.);
#6216=EDGE_CURVE('',#357,#271,#6219,.T.);
#6217=LINE('',#270,#6220);
#6218=LINE('',#284,#6221);
#6219=LINE('',#356,#6222);
#6220=VECTOR('',#6223,1.0);
#6221=VECTOR('',#6224,1.0);
#6222=VECTOR('',#6225,1.0);
#6223=DIRECTION('',(0.6343956769867352,0,-0.7730084896173793));
#6224=DIRECTION('',(0,0,1));
#6225=DIRECTION('',(-0.0069727315675774055,0,-0.9999756902117604));
#6226=FACE_SURFACE('',(#6231),#6227,.T.);
#6227=PLANE('',#6228);
#6228=AXIS2_PLACEMENT_3D('',#350,#6229,#6230);
#6229=DIRECTION('',(0,-1,0));
#6230=DIRECTION('',(0,0,-1));
#6231=FACE_BOUND('',#6232,.T.);
#6232=EDGE_LOOP('',(#6233,#6234,#6235));
#6233=ORIENTED_EDGE('',*,*,#6236,.T.);
#6234=ORIENTED_EDGE('',*,*,#6237,.T.);
#6235=ORIENTED_EDGE('',*,*,#6238,.T.);
#6236=EDGE_CURVE('',#351,#117,#6239,.F.);
#6237=EDGE_CURVE('',#117,#107,#6240,.T.);
#6238=EDGE_CURVE('',#107,#351,#6241,.T.);
#6239=LINE('',#350,#6242);
#6240=LINE('',#116,#6243);
#6241=LINE('',#106,#6244);
#6242=VECTOR('',#6245,1.0);
#6243=VECTOR('',#6246,1.0);
#6244=VECTOR('',#6247,1.0);
#6245=DIRECTION('',(0,0,-1));
#6246=DIRECTION('',(0.6344047054600463,0,0.7730010800058121));
#6247=DIRECTION('',(-0.005647669321062489,0,0.9999840517884472));
#6248=FACE_SURFACE('',(#6253),#6249,.T.);
#6249=PLANE('',#6250);
#6250=AXIS2_PLACEMENT_3D('',#350,#6251,#6252);
#6251=DIRECTION('',(2.98756987441474E-06,-0.999999999995537,1.687307581964536E-08));
#6252=DIRECTION('',(0.005647669321062489,0,-0.9999840517884472));
#6253=FACE_BOUND('',#6254,.T.);
#6254=EDGE_LOOP('',(#6255,#6256,#6257));
#6255=ORIENTED_EDGE('',*,*,#6258,.T.);
#6256=ORIENTED_EDGE('',*,*,#6259,.T.);
#6257=ORIENTED_EDGE('',*,*,#6260,.T.);
#6258=EDGE_CURVE('',#351,#107,#6261,.F.);
#6259=EDGE_CURVE('',#107,#91,#6262,.T.);
#6260=EDGE_CURVE('',#91,#351,#6263,.T.);
#6261=LINE('',#350,#6264);
#6262=LINE('',#106,#6265);
#6263=LINE('',#90,#6266);
#6264=VECTOR('',#6267,1.0);
#6265=VECTOR('',#6268,1.0);
#6266=VECTOR('',#6269,1.0);
#6267=DIRECTION('',(0.005647669321062489,0,-0.9999840517884472));
#6268=DIRECTION('',(0.7730235114248977,2.3201656524626555E-06,0.6343773725306868));
#6269=DIRECTION('',(-0.1323106513411924,-3.785625832346968E-07,0.9912082987654645));
#6270=FACE_SURFACE('',(#6275),#6271,.T.);
#6271=PLANE('',#6272);
#6272=AXIS2_PLACEMENT_3D('',#270,#6273,#6274);
#6273=DIRECTION('',(6.35755796026525E-07,-0.9999999999997979,-4.433062275029612E-09));
#6274=DIRECTION('',(0.0069727315675774055,0,0.9999756902117604));
#6275=FACE_BOUND('',#6276,.T.);
#6276=EDGE_LOOP('',(#6277,#6278,#6279));
#6277=ORIENTED_EDGE('',*,*,#6280,.T.);
#6278=ORIENTED_EDGE('',*,*,#6281,.T.);
#6279=ORIENTED_EDGE('',*,*,#6282,.T.);
#6280=EDGE_CURVE('',#271,#357,#6283,.F.);
#6281=EDGE_CURVE('',#357,#351,#6284,.T.);
#6282=EDGE_CURVE('',#351,#271,#6285,.T.);
#6283=LINE('',#270,#6286);
#6284=LINE('',#356,#6287);
#6285=LINE('',#350,#6288);
#6286=VECTOR('',#6289,1.0);
#6287=VECTOR('',#6290,1.0);
#6288=VECTOR('',#6291,1.0);
#6289=DIRECTION('',(0.0069727315675774055,0,0.9999756902117604));
#6290=DIRECTION('',(-0.9999999999997979,-6.35755796026525E-07,0));
#6291=DIRECTION('',(0.7340414197600617,4.6968160056413743E-07,-0.6791047003786768));
#6292=FACE_SURFACE('',(#6297),#6293,.T.);
#6293=PLANE('',#6294);
#6294=AXIS2_PLACEMENT_3D('',#302,#6295,#6296);
#6295=DIRECTION('',(-5.0241501385836E-06,-0.9999999999686383,-6.122201626707469E-06));
#6296=DIRECTION('',(0.7730235114269783,0,-0.6343773725323942));
#6297=FACE_BOUND('',#6298,.T.);
#6298=EDGE_LOOP('',(#6299,#6300,#6301));
#6299=ORIENTED_EDGE('',*,*,#6302,.T.);
#6300=ORIENTED_EDGE('',*,*,#6303,.T.);
#6301=ORIENTED_EDGE('',*,*,#6304,.T.);
#6302=EDGE_CURVE('',#303,#271,#6305,.F.);
#6303=EDGE_CURVE('',#271,#351,#6306,.T.);
#6304=EDGE_CURVE('',#351,#303,#6307,.T.);
#6305=LINE('',#302,#6308);
#6306=LINE('',#270,#6309);
#6307=LINE('',#350,#6310);
#6308=VECTOR('',#6311,1.0);
#6309=VECTOR('',#6312,1.0);
#6310=VECTOR('',#6313,1.0);
#6311=DIRECTION('',(0.7730235114269783,0,-0.6343773725323942));
#6312=DIRECTION('',(-0.7340414197600617,-4.6968160056413743E-07,0.6791047003786768));
#6313=DIRECTION('',(0.7294905557784884,5.2246002414913E-07,-0.6839908837329041));
#6314=FACE_SURFACE('',(#6319),#6315,.T.);
#6315=PLANE('',#6316);
#6316=AXIS2_PLACEMENT_3D('',#350,#6317,#6318);
#6317=DIRECTION('',(1.9053776381696889E-07,-0.9999999999999183,-3.5648653067074167E-07));
#6318=DIRECTION('',(0.1323106513411924,3.785625832346968E-07,-0.9912082987654645));
#6319=FACE_BOUND('',#6320,.T.);
#6320=EDGE_LOOP('',(#6321,#6322,#6323));
#6321=ORIENTED_EDGE('',*,*,#6324,.T.);
#6322=ORIENTED_EDGE('',*,*,#6325,.T.);
#6323=ORIENTED_EDGE('',*,*,#6326,.T.);
#6324=EDGE_CURVE('',#351,#91,#6327,.F.);
#6325=EDGE_CURVE('',#91,#75,#6328,.T.);
#6326=EDGE_CURVE('',#75,#351,#6329,.T.);
#6327=LINE('',#350,#6330);
#6328=LINE('',#90,#6331);
#6329=LINE('',#74,#6332);
#6330=VECTOR('',#6333,1.0);
#6331=VECTOR('',#6334,1.0);
#6332=VECTOR('',#6335,1.0);
#6333=DIRECTION('',(0.1323106513411924,3.785625832346968E-07,-0.9912082987654645));
#6334=DIRECTION('',(0.881929756220474,0,0.47138084930647683));
#6335=DIRECTION('',(-0.28919181837184427,-3.9635624055590714E-07,0.9572711696205151));
#6336=FACE_SURFACE('',(#6341),#6337,.T.);
#6337=PLANE('',#6338);
#6338=AXIS2_PLACEMENT_3D('',#350,#6339,#6340);
#6339=DIRECTION('',(1.150519462627107E-07,-0.9999999999999215,-3.7929081176954085E-07));
#6340=DIRECTION('',(0.28919181837184427,3.9635624055590714E-07,-0.9572711696205151));
#6341=FACE_BOUND('',#6342,.T.);
#6342=EDGE_LOOP('',(#6343,#6344,#6345));
#6343=ORIENTED_EDGE('',*,*,#6346,.T.);
#6344=ORIENTED_EDGE('',*,*,#6347,.T.);
#6345=ORIENTED_EDGE('',*,*,#6348,.T.);
#6346=EDGE_CURVE('',#351,#75,#6349,.F.);
#6347=EDGE_CURVE('',#75,#53,#6350,.T.);
#6348=EDGE_CURVE('',#53,#351,#6351,.T.);
#6349=LINE('',#350,#6352);
#6350=LINE('',#74,#6353);
#6351=LINE('',#52,#6354);
#6352=VECTOR('',#6355,1.0);
#6353=VECTOR('',#6356,1.0);
#6354=VECTOR('',#6357,1.0);
#6355=DIRECTION('',(0.28919181837184427,3.9635624055590714E-07,-0.9572711696205151));
#6356=DIRECTION('',(0.9569436041471646,0,0.2902739025159422));
#6357=DIRECTION('',(-0.4462892845761488,-3.907695311319794E-07,0.8948887497741586));
#6358=FACE_SURFACE('',(#6363),#6359,.T.);
#6359=PLANE('',#6360);
#6360=AXIS2_PLACEMENT_3D('',#318,#6361,#6362);
#6361=DIRECTION('',(-9.495443319209203E-07,-0.9999999999979711,-1.7765494767206353E-06));
#6362=DIRECTION('',(0.881929756220474,0,-0.47138084930647683));
#6363=FACE_BOUND('',#6364,.T.);
#6364=EDGE_LOOP('',(#6365,#6366,#6367));
#6365=ORIENTED_EDGE('',*,*,#6368,.T.);
#6366=ORIENTED_EDGE('',*,*,#6369,.T.);
#6367=ORIENTED_EDGE('',*,*,#6370,.T.);
#6368=EDGE_CURVE('',#319,#303,#6371,.F.);
#6369=EDGE_CURVE('',#303,#351,#6372,.T.);
#6370=EDGE_CURVE('',#351,#319,#6373,.T.);
#6371=LINE('',#318,#6374);
#6372=LINE('',#302,#6375);
#6373=LINE('',#350,#6376);
#6374=VECTOR('',#6377,1.0);
#6375=VECTOR('',#6378,1.0);
#6376=VECTOR('',#6379,1.0);
#6377=DIRECTION('',(0.881929756220474,0,-0.47138084930647683));
#6378=DIRECTION('',(-0.7294905557784884,-5.2246002414913E-07,0.6839908837329041));
#6379=DIRECTION('',(0.7067002406503597,5.858887986011959E-07,-0.7075130881223191));
#6380=FACE_SURFACE('',(#6385),#6381,.T.);
#6381=PLANE('',#6382);
#6382=AXIS2_PLACEMENT_3D('',#334,#6383,#6384);
#6383=DIRECTION('',(3.1180422311209364E-06,-0.9999999999925251,2.286363918422196E-06));
#6384=DIRECTION('',(0.9569439951259163,2.320122959471641E-06,-0.29027261356708656));
#6385=FACE_BOUND('',#6386,.T.);
#6386=EDGE_LOOP('',(#6387,#6388,#6389));
#6387=ORIENTED_EDGE('',*,*,#6390,.T.);
#6388=ORIENTED_EDGE('',*,*,#6391,.T.);
#6389=ORIENTED_EDGE('',*,*,#6392,.T.);
#6390=EDGE_CURVE('',#335,#319,#6393,.F.);
#6391=EDGE_CURVE('',#319,#351,#6394,.T.);
#6392=EDGE_CURVE('',#351,#335,#6395,.T.);
#6393=LINE('',#334,#6396);
#6394=LINE('',#318,#6397);
#6395=LINE('',#350,#6398);
#6396=VECTOR('',#6399,1.0);
#6397=VECTOR('',#6400,1.0);
#6398=VECTOR('',#6401,1.0);
#6399=DIRECTION('',(0.9569439951259163,2.320122959471641E-06,-0.29027261356708656));
#6400=DIRECTION('',(-0.7067002406503597,-5.858887986011959E-07,0.7075130881223191));
#6401=DIRECTION('',(0.6577853794870353,3.289009122663243E-07,-0.7532054132393027));
#6402=FACE_SURFACE('',(#6407),#6403,.T.);
#6403=PLANE('',#6404);
#6404=AXIS2_PLACEMENT_3D('',#350,#6405,#6406);
#6405=DIRECTION('',(4.099285471393274E-08,-0.9999999999999126,-4.162247647240297E-07));
#6406=DIRECTION('',(0.4462892845761488,3.907695311319794E-07,-0.8948887497741586));
#6407=FACE_BOUND('',#6408,.T.);
#6408=EDGE_LOOP('',(#6409,#6410,#6411));
#6409=ORIENTED_EDGE('',*,*,#6412,.T.);
#6410=ORIENTED_EDGE('',*,*,#6413,.T.);
#6411=ORIENTED_EDGE('',*,*,#6414,.T.);
#6412=EDGE_CURVE('',#351,#53,#6415,.F.);
#6413=EDGE_CURVE('',#53,#51,#6416,.T.);
#6414=EDGE_CURVE('',#51,#351,#6417,.T.);
#6415=LINE('',#350,#6418);
#6416=LINE('',#52,#6419);
#6417=LINE('',#50,#6420);
#6418=VECTOR('',#6421,1.0);
#6419=VECTOR('',#6422,1.0);
#6420=VECTOR('',#6423,1.0);
#6421=DIRECTION('',(0.4462892845761488,3.907695311319794E-07,-0.8948887497741586));
#6422=DIRECTION('',(0.9951851246628347,0,0.09801309937869586));
#6423=DIRECTION('',(-0.5728596254767079,-3.646432339092509E-07,0.8196534935559984));
#6424=FACE_SURFACE('',(#6429),#6425,.T.);
#6425=PLANE('',#6426);
#6426=AXIS2_PLACEMENT_3D('',#350,#6427,#6428);
#6427=DIRECTION('',(-4.705336033604568E-08,-0.9999999999998849,-4.777606724883469E-07));
#6428=DIRECTION('',(0.5728596254767079,3.646432339092509E-07,-0.8196534935559984));
#6429=FACE_BOUND('',#6430,.T.);
#6430=EDGE_LOOP('',(#6431,#6432,#6433));
#6431=ORIENTED_EDGE('',*,*,#6434,.T.);
#6432=ORIENTED_EDGE('',*,*,#6435,.T.);
#6433=ORIENTED_EDGE('',*,*,#6436,.T.);
#6434=EDGE_CURVE('',#351,#51,#6437,.F.);
#6435=EDGE_CURVE('',#51,#335,#6438,.T.);
#6436=EDGE_CURVE('',#335,#351,#6439,.T.);
#6437=LINE('',#350,#6440);
#6438=LINE('',#50,#6441);
#6439=LINE('',#334,#6442);
#6440=VECTOR('',#6443,1.0);
#6441=VECTOR('',#6444,1.0);
#6442=VECTOR('',#6445,1.0);
#6443=DIRECTION('',(0.5728596254767079,3.646432339092509E-07,-0.8196534935559984));
#6444=DIRECTION('',(0.9951851246628347,0,-0.09801309937869586));
#6445=DIRECTION('',(-0.6577853794870353,-3.289009122663243E-07,0.7532054132393027));
#6446=FACE_SURFACE('',(#6451),#6447,.T.);
#6447=PLANE('',#6448);
#6448=AXIS2_PLACEMENT_3D('',#350,#6449,#6450);
#6449=DIRECTION('',(0,0,1));
#6450=DIRECTION('',(0.9999999999997979,6.35755796026525E-07,0));
#6451=FACE_BOUND('',#6452,.T.);
#6452=EDGE_LOOP('',(#6453,#6454,#6455));
#6453=ORIENTED_EDGE('',*,*,#6456,.T.);
#6454=ORIENTED_EDGE('',*,*,#6457,.T.);
#6455=ORIENTED_EDGE('',*,*,#6458,.T.);
#6456=EDGE_CURVE('',#351,#357,#6459,.F.);
#6457=EDGE_CURVE('',#357,#355,#6460,.T.);
#6458=EDGE_CURVE('',#355,#351,#6461,.T.);
#6459=LINE('',#350,#6462);
#6460=LINE('',#356,#6463);
#6461=LINE('',#354,#6464);
#6462=VECTOR('',#6465,1.0);
#6463=VECTOR('',#6466,1.0);
#6464=VECTOR('',#6467,1.0);
#6465=DIRECTION('',(0.9999999999997979,6.35755796026525E-07,0));
#6466=DIRECTION('',(0,1,0));
#6467=DIRECTION('',(-0.7071216164009038,-0.7070919456609397,0));
#6468=FACE_SURFACE('',(#6473),#6469,.T.);
#6469=PLANE('',#6470);
#6470=AXIS2_PLACEMENT_3D('',#350,#6471,#6472);
#6471=DIRECTION('',(0,-0,1));
#6472=DIRECTION('',(0.7071216164009038,0.7070919456609397,0));
#6473=FACE_BOUND('',#6474,.T.);
#6474=EDGE_LOOP('',(#6475,#6476,#6477));
#6475=ORIENTED_EDGE('',*,*,#6478,.T.);
#6476=ORIENTED_EDGE('',*,*,#6479,.T.);
#6477=ORIENTED_EDGE('',*,*,#6480,.T.);
#6478=EDGE_CURVE('',#351,#355,#6481,.F.);
#6479=EDGE_CURVE('',#355,#353,#6482,.T.);
#6480=EDGE_CURVE('',#353,#351,#6483,.T.);
#6481=LINE('',#350,#6484);
#6482=LINE('',#354,#6485);
#6483=LINE('',#352,#6486);
#6484=VECTOR('',#6487,1.0);
#6485=VECTOR('',#6488,1.0);
#6486=VECTOR('',#6489,1.0);
#6487=DIRECTION('',(0.7071216164009038,0.7070919456609397,0));
#6488=DIRECTION('',(-0.9999999999998863,-4.7681654388105446E-07,0));
#6489=DIRECTION('',(6.357827765490874E-07,-0.9999999999997979,0));
#6490=FACE_SURFACE('',(#6495),#6491,.T.);
#6491=PLANE('',#6492);
#6492=AXIS2_PLACEMENT_3D('',#118,#6493,#6494);
#6493=DIRECTION('',(-0.9999999999997978,-6.357828776040381E-07,0));
#6494=DIRECTION('',(0,0,1));
#6495=FACE_BOUND('',#6496,.T.);
#6496=EDGE_LOOP('',(#6497,#6498,#6499));
#6497=ORIENTED_EDGE('',*,*,#6500,.T.);
#6498=ORIENTED_EDGE('',*,*,#6501,.T.);
#6499=ORIENTED_EDGE('',*,*,#6502,.T.);
#6500=EDGE_CURVE('',#119,#359,#6503,.F.);
#6501=EDGE_CURVE('',#359,#361,#6504,.T.);
#6502=EDGE_CURVE('',#361,#119,#6505,.T.);
#6503=LINE('',#118,#6506);
#6504=LINE('',#358,#6507);
#6505=LINE('',#360,#6508);
#6506=VECTOR('',#6509,1.0);
#6507=VECTOR('',#6510,1.0);
#6508=VECTOR('',#6511,1.0);
#6509=DIRECTION('',(0,0,1));
#6510=DIRECTION('',(-6.357828776040302E-07,0.9999999999997852,1.5894571940100754E-07));
#6511=DIRECTION('',(4.6658996617604445E-07,-0.733882560559518,-0.67927637034302));
#6512=FACE_SURFACE('',(#6517),#6513,.T.);
#6513=PLANE('',#6514);
#6514=AXIS2_PLACEMENT_3D('',#118,#6515,#6516);
#6515=DIRECTION('',(-0.9999999999997978,-6.357826754941514E-07,-2.183572515375111E-13));
#6516=DIRECTION('',(-4.6658996617604445E-07,0.733882560559518,0.67927637034302));
#6517=FACE_BOUND('',#6518,.T.);
#6518=EDGE_LOOP('',(#6519,#6520,#6521));
#6519=ORIENTED_EDGE('',*,*,#6522,.T.);
#6520=ORIENTED_EDGE('',*,*,#6523,.T.);
#6521=ORIENTED_EDGE('',*,*,#6524,.T.);
#6522=EDGE_CURVE('',#119,#361,#6525,.F.);
#6523=EDGE_CURVE('',#361,#115,#6526,.T.);
#6524=EDGE_CURVE('',#115,#119,#6527,.T.);
#6525=LINE('',#118,#6528);
#6526=LINE('',#360,#6529);
#6527=LINE('',#114,#6530);
#6528=VECTOR('',#6531,1.0);
#6529=VECTOR('',#6532,1.0);
#6530=VECTOR('',#6533,1.0);
#6531=DIRECTION('',(-4.6658996617604445E-07,0.733882560559518,0.67927637034302));
#6532=DIRECTION('',(0,3.4344636926098015E-07,-0.9999999999999409));
#6533=DIRECTION('',(6.357826754941666E-07,-0.9999999999997947,-7.947283443677083E-08));
#6534=FACE_SURFACE('',(#6539),#6535,.T.);
#6535=PLANE('',#6536);
#6536=AXIS2_PLACEMENT_3D('',#108,#6537,#6538);
#6537=DIRECTION('',(-4.18458274145539E-07,0.9999999999998535,3.4344636926095013E-07));
#6538=DIRECTION('',(-0.6344225772638831,0,-0.7729864122077775));
#6539=FACE_BOUND('',#6540,.T.);
#6540=EDGE_LOOP('',(#6541,#6542,#6543));
#6541=ORIENTED_EDGE('',*,*,#6544,.T.);
#6542=ORIENTED_EDGE('',*,*,#6545,.T.);
#6543=ORIENTED_EDGE('',*,*,#6546,.T.);
#6544=EDGE_CURVE('',#109,#115,#6547,.F.);
#6545=EDGE_CURVE('',#115,#361,#6548,.T.);
#6546=EDGE_CURVE('',#361,#109,#6549,.T.);
#6547=LINE('',#108,#6550);
#6548=LINE('',#114,#6551);
#6549=LINE('',#360,#6552);
#6550=VECTOR('',#6553,1.0);
#6551=VECTOR('',#6554,1.0);
#6552=VECTOR('',#6555,1.0);
#6553=DIRECTION('',(-0.6344225772638831,0,-0.7729864122077775));
#6554=DIRECTION('',(0,-3.4344636926098015E-07,0.9999999999999409));
#6555=DIRECTION('',(0.005646977979404009,3.4580391790594055E-07,-0.9999840556926799));
#6556=FACE_SURFACE('',(#6561),#6557,.T.);
#6557=PLANE('',#6558);
#6558=AXIS2_PLACEMENT_3D('',#362,#6559,#6560);
#6559=DIRECTION('',(0,1,0));
#6560=DIRECTION('',(0,0,-1));
#6561=FACE_BOUND('',#6562,.T.);
#6562=EDGE_LOOP('',(#6563,#6564,#6565));
#6563=ORIENTED_EDGE('',*,*,#6566,.T.);
#6564=ORIENTED_EDGE('',*,*,#6567,.T.);
#6565=ORIENTED_EDGE('',*,*,#6568,.T.);
#6566=EDGE_CURVE('',#363,#275,#6569,.F.);
#6567=EDGE_CURVE('',#275,#273,#6570,.T.);
#6568=EDGE_CURVE('',#273,#363,#6571,.T.);
#6569=LINE('',#362,#6572);
#6570=LINE('',#274,#6573);
#6571=LINE('',#272,#6574);
#6572=VECTOR('',#6575,1.0);
#6573=VECTOR('',#6576,1.0);
#6574=VECTOR('',#6577,1.0);
#6575=DIRECTION('',(0,0,-1));
#6576=DIRECTION('',(-0.6344188002521552,0,0.7729895121452917));
#6577=DIRECTION('',(0.006974115005797469,0,0.9999756805642255));
#6578=FACE_SURFACE('',(#6583),#6579,.T.);
#6579=PLANE('',#6580);
#6580=AXIS2_PLACEMENT_3D('',#362,#6581,#6582);
#6581=DIRECTION('',(0,1,0));
#6582=DIRECTION('',(-0.006974115005797469,0,-0.9999756805642255));
#6583=FACE_BOUND('',#6584,.T.);
#6584=EDGE_LOOP('',(#6585,#6586,#6587));
#6585=ORIENTED_EDGE('',*,*,#6588,.T.);
#6586=ORIENTED_EDGE('',*,*,#6589,.T.);
#6587=ORIENTED_EDGE('',*,*,#6590,.T.);
#6588=EDGE_CURVE('',#363,#273,#6591,.F.);
#6589=EDGE_CURVE('',#273,#305,#6592,.T.);
#6590=EDGE_CURVE('',#305,#363,#6593,.T.);
#6591=LINE('',#362,#6594);
#6592=LINE('',#272,#6595);
#6593=LINE('',#304,#6596);
#6594=VECTOR('',#6597,1.0);
#6595=VECTOR('',#6598,1.0);
#6596=VECTOR('',#6599,1.0);
#6597=DIRECTION('',(-0.006974115005797469,0,-0.9999756805642255));
#6598=DIRECTION('',(-0.7730235114269783,0,0.6343773725323942));
#6599=DIRECTION('',(0.13373698933693243,0,0.9910168604433999));
#6600=FACE_SURFACE('',(#6605),#6601,.T.);
#6601=PLANE('',#6602);
#6602=AXIS2_PLACEMENT_3D('',#108,#6603,#6604);
#6603=DIRECTION('',(-6.357553918413125E-07,0.9999999999997393,3.42219277657169E-07));
#6604=DIRECTION('',(-0.005646977979404009,-3.4580391790594055E-07,0.9999840556926799));
#6605=FACE_BOUND('',#6606,.T.);
#6606=EDGE_LOOP('',(#6607,#6608,#6609));
#6607=ORIENTED_EDGE('',*,*,#6610,.T.);
#6608=ORIENTED_EDGE('',*,*,#6611,.T.);
#6609=ORIENTED_EDGE('',*,*,#6612,.T.);
#6610=EDGE_CURVE('',#109,#361,#6613,.F.);
#6611=EDGE_CURVE('',#361,#363,#6614,.T.);
#6612=EDGE_CURVE('',#363,#109,#6615,.T.);
#6613=LINE('',#108,#6616);
#6614=LINE('',#360,#6617);
#6615=LINE('',#362,#6618);
#6616=VECTOR('',#6619,1.0);
#6617=VECTOR('',#6620,1.0);
#6618=VECTOR('',#6621,1.0);
#6619=DIRECTION('',(-0.005646977979404009,-3.4580391790594055E-07,0.9999840556926799));
#6620=DIRECTION('',(0.9999999999997979,6.357553918413498E-07,0));
#6621=DIRECTION('',(-0.7344564791422395,-2.3468557272176612E-07,-0.6786557892230273));
#6622=FACE_SURFACE('',(#6627),#6623,.T.);
#6623=PLANE('',#6624);
#6624=AXIS2_PLACEMENT_3D('',#92,#6625,#6626);
#6625=DIRECTION('',(2.536518746155935E-06,0.9999999999920063,-3.090886770009582E-06));
#6626=DIRECTION('',(-0.7730235114269783,0,-0.6343773725323942));
#6627=FACE_BOUND('',#6628,.T.);
#6628=EDGE_LOOP('',(#6629,#6630,#6631));
#6629=ORIENTED_EDGE('',*,*,#6632,.T.);
#6630=ORIENTED_EDGE('',*,*,#6633,.T.);
#6631=ORIENTED_EDGE('',*,*,#6634,.T.);
#6632=EDGE_CURVE('',#93,#109,#6635,.F.);
#6633=EDGE_CURVE('',#109,#363,#6636,.T.);
#6634=EDGE_CURVE('',#363,#93,#6637,.T.);
#6635=LINE('',#92,#6638);
#6636=LINE('',#108,#6639);
#6637=LINE('',#362,#6640);
#6638=VECTOR('',#6641,1.0);
#6639=VECTOR('',#6642,1.0);
#6640=VECTOR('',#6643,1.0);
#6641=DIRECTION('',(-0.7730235114269783,0,-0.6343773725323942));
#6642=DIRECTION('',(0.7344564791422395,2.3468557272176612E-07,0.6786557892230273));
#6643=DIRECTION('',(-0.7299588742483089,-2.6103913527821146E-07,-0.6834910693681912));
#6644=FACE_SURFACE('',(#6649),#6645,.T.);
#6645=PLANE('',#6646);
#6646=AXIS2_PLACEMENT_3D('',#362,#6647,#6648);
#6647=DIRECTION('',(0,1,0));
#6648=DIRECTION('',(-0.13373698933693243,0,-0.9910168604433999));
#6649=FACE_BOUND('',#6650,.T.);
#6650=EDGE_LOOP('',(#6651,#6652,#6653));
#6651=ORIENTED_EDGE('',*,*,#6654,.T.);
#6652=ORIENTED_EDGE('',*,*,#6655,.T.);
#6653=ORIENTED_EDGE('',*,*,#6656,.T.);
#6654=EDGE_CURVE('',#363,#305,#6657,.F.);
#6655=EDGE_CURVE('',#305,#321,#6658,.T.);
#6656=EDGE_CURVE('',#321,#363,#6659,.T.);
#6657=LINE('',#362,#6660);
#6658=LINE('',#304,#6661);
#6659=LINE('',#320,#6662);
#6660=VECTOR('',#6663,1.0);
#6661=VECTOR('',#6664,1.0);
#6662=VECTOR('',#6665,1.0);
#6663=DIRECTION('',(-0.13373698933693243,0,-0.9910168604433999));
#6664=DIRECTION('',(-0.881929756220474,0,0.47138084930647683));
#6665=DIRECTION('',(0.29058417899172906,0,0.9568494316869831));
#6666=FACE_SURFACE('',(#6671),#6667,.T.);
#6667=PLANE('',#6668);
#6668=AXIS2_PLACEMENT_3D('',#362,#6669,#6670);
#6669=DIRECTION('',(0,1,0));
#6670=DIRECTION('',(-0.29058417899172906,0,-0.9568494316869831));
#6671=FACE_BOUND('',#6672,.T.);
#6672=EDGE_LOOP('',(#6673,#6674,#6675));
#6673=ORIENTED_EDGE('',*,*,#6676,.T.);
#6674=ORIENTED_EDGE('',*,*,#6677,.T.);
#6675=ORIENTED_EDGE('',*,*,#6678,.T.);
#6676=EDGE_CURVE('',#363,#321,#6679,.F.);
#6677=EDGE_CURVE('',#321,#337,#6680,.T.);
#6678=EDGE_CURVE('',#337,#363,#6681,.T.);
#6679=LINE('',#362,#6682);
#6680=LINE('',#320,#6683);
#6681=LINE('',#336,#6684);
#6682=VECTOR('',#6685,1.0);
#6683=VECTOR('',#6686,1.0);
#6684=VECTOR('',#6687,1.0);
#6685=DIRECTION('',(-0.29058417899172906,0,-0.9568494316869831));
#6686=DIRECTION('',(-0.9569440756873753,0,0.2902723479886346));
#6687=DIRECTION('',(0.44748913610471464,0,0.894289367636816));
#6688=FACE_SURFACE('',(#6693),#6689,.T.);
#6689=PLANE('',#6690);
#6690=AXIS2_PLACEMENT_3D('',#76,#6691,#6692);
#6691=DIRECTION('',(4.7563846392410095E-07,0.9999999999994909,-8.898955380873581E-07));
#6692=DIRECTION('',(-0.881929756220474,0,-0.47138084930647683));
#6693=FACE_BOUND('',#6694,.T.);
#6694=EDGE_LOOP('',(#6695,#6696,#6697));
#6695=ORIENTED_EDGE('',*,*,#6698,.T.);
#6696=ORIENTED_EDGE('',*,*,#6699,.T.);
#6697=ORIENTED_EDGE('',*,*,#6700,.T.);
#6698=EDGE_CURVE('',#77,#93,#6701,.F.);
#6699=EDGE_CURVE('',#93,#363,#6702,.T.);
#6700=EDGE_CURVE('',#363,#77,#6703,.T.);
#6701=LINE('',#76,#6704);
#6702=LINE('',#92,#6705);
#6703=LINE('',#362,#6706);
#6704=VECTOR('',#6707,1.0);
#6705=VECTOR('',#6708,1.0);
#6706=VECTOR('',#6709,1.0);
#6707=DIRECTION('',(-0.881929756220474,0,-0.47138084930647683));
#6708=DIRECTION('',(0.7299588742483089,2.6103913527821146E-07,0.6834910693681912));
#6709=DIRECTION('',(-0.7072621026487637,-2.9271185918980055E-07,-0.7069514255992161));
#6710=FACE_SURFACE('',(#6715),#6711,.T.);
#6711=PLANE('',#6712);
#6712=AXIS2_PLACEMENT_3D('',#54,#6713,#6714);
#6713=DIRECTION('',(1.8031443787359747E-07,0.999999999999807,-5.944417288669521E-07));
#6714=DIRECTION('',(-0.9569436847067304,0,-0.29027363693574665));
#6715=FACE_BOUND('',#6716,.T.);
#6716=EDGE_LOOP('',(#6717,#6718,#6719));
#6717=ORIENTED_EDGE('',*,*,#6720,.T.);
#6718=ORIENTED_EDGE('',*,*,#6721,.T.);
#6719=ORIENTED_EDGE('',*,*,#6722,.T.);
#6720=EDGE_CURVE('',#55,#77,#6723,.F.);
#6721=EDGE_CURVE('',#77,#363,#6724,.T.);
#6722=EDGE_CURVE('',#363,#55,#6725,.T.);
#6723=LINE('',#54,#6726);
#6724=LINE('',#76,#6727);
#6725=LINE('',#362,#6728);
#6726=VECTOR('',#6729,1.0);
#6727=VECTOR('',#6730,1.0);
#6728=VECTOR('',#6731,1.0);
#6729=DIRECTION('',(-0.9569436847067304,0,-0.29027363693574665));
#6730=DIRECTION('',(0.7072621026487637,2.9271185918980055E-07,0.7069514255992161));
#6731=DIRECTION('',(-0.6585006265178147,-3.286278920313999E-07,-0.7525801783700774));
#6732=FACE_SURFACE('',(#6737),#6733,.T.);
#6733=PLANE('',#6734);
#6734=AXIS2_PLACEMENT_3D('',#362,#6735,#6736);
#6735=DIRECTION('',(-2.221853659372315E-06,0.9999999999969136,1.1117826182043996E-06));
#6736=DIRECTION('',(-0.44748913610471464,0,-0.894289367636816));
#6737=FACE_BOUND('',#6738,.T.);
#6738=EDGE_LOOP('',(#6739,#6740,#6741));
#6739=ORIENTED_EDGE('',*,*,#6742,.T.);
#6740=ORIENTED_EDGE('',*,*,#6743,.T.);
#6741=ORIENTED_EDGE('',*,*,#6744,.T.);
#6742=EDGE_CURVE('',#363,#337,#6745,.F.);
#6743=EDGE_CURVE('',#337,#57,#6746,.T.);
#6744=EDGE_CURVE('',#57,#363,#6747,.T.);
#6745=LINE('',#362,#6748);
#6746=LINE('',#336,#6749);
#6747=LINE('',#56,#6750);
#6748=VECTOR('',#6751,1.0);
#6749=VECTOR('',#6752,1.0);
#6750=VECTOR('',#6753,1.0);
#6751=DIRECTION('',(-0.44748913610471464,0,-0.894289367636816));
#6752=DIRECTION('',(-0.9951851246601562,-2.3201249712315035E-06,0.09801309937843206));
#6753=DIRECTION('',(0.5737987245351881,3.643508879153013E-07,0.8189963514702973));
#6754=FACE_SURFACE('',(#6759),#6755,.T.);
#6755=PLANE('',#6756);
#6756=AXIS2_PLACEMENT_3D('',#362,#6757,#6758);
#6757=DIRECTION('',(4.7061859274718976E-08,0.9999999999998846,-4.778469672529926E-07));
#6758=DIRECTION('',(-0.5737987245351881,-3.643508879153013E-07,-0.8189963514702973));
#6759=FACE_BOUND('',#6760,.T.);
#6760=EDGE_LOOP('',(#6761,#6762,#6763));
#6761=ORIENTED_EDGE('',*,*,#6764,.T.);
#6762=ORIENTED_EDGE('',*,*,#6765,.T.);
#6763=ORIENTED_EDGE('',*,*,#6766,.T.);
#6764=EDGE_CURVE('',#363,#57,#6767,.F.);
#6765=EDGE_CURVE('',#57,#55,#6768,.T.);
#6766=EDGE_CURVE('',#55,#363,#6769,.T.);
#6767=LINE('',#362,#6770);
#6768=LINE('',#56,#6771);
#6769=LINE('',#54,#6772);
#6770=VECTOR('',#6773,1.0);
#6771=VECTOR('',#6774,1.0);
#6772=VECTOR('',#6775,1.0);
#6773=DIRECTION('',(-0.5737987245351881,-3.643508879153013E-07,-0.8189963514702973));
#6774=DIRECTION('',(-0.9951851246628347,0,-0.09801309937869586));
#6775=DIRECTION('',(0.6585006265178147,3.286278920313999E-07,0.7525801783700774));
#6776=FACE_SURFACE('',(#6781),#6777,.T.);
#6777=PLANE('',#6778);
#6778=AXIS2_PLACEMENT_3D('',#362,#6779,#6780);
#6779=DIRECTION('',(1,0,0));
#6780=DIRECTION('',(0,-0.9999999999999875,-1.5894571940103967E-07));
#6781=FACE_BOUND('',#6782,.T.);
#6782=EDGE_LOOP('',(#6783,#6784,#6785));
#6783=ORIENTED_EDGE('',*,*,#6786,.T.);
#6784=ORIENTED_EDGE('',*,*,#6787,.T.);
#6785=ORIENTED_EDGE('',*,*,#6788,.T.);
#6786=EDGE_CURVE('',#363,#365,#6789,.F.);
#6787=EDGE_CURVE('',#365,#259,#6790,.T.);
#6788=EDGE_CURVE('',#259,#363,#6791,.T.);
#6789=LINE('',#362,#6792);
#6790=LINE('',#364,#6793);
#6791=LINE('',#258,#6794);
#6792=VECTOR('',#6795,1.0);
#6793=VECTOR('',#6796,1.0);
#6794=VECTOR('',#6797,1.0);
#6795=DIRECTION('',(0,-0.9999999999999875,-1.5894571940103967E-07));
#6796=DIRECTION('',(0,0,-1));
#6797=DIRECTION('',(0,0.7333388532138624,0.6798633144735619));
#6798=FACE_SURFACE('',(#6803),#6799,.T.);
#6799=PLANE('',#6800);
#6800=AXIS2_PLACEMENT_3D('',#362,#6801,#6802);
#6801=DIRECTION('',(1,0,0));
#6802=DIRECTION('',(0,-0.7333388532138624,-0.6798633144735619));
#6803=FACE_BOUND('',#6804,.T.);
#6804=EDGE_LOOP('',(#6805,#6806,#6807));
#6805=ORIENTED_EDGE('',*,*,#6808,.T.);
#6806=ORIENTED_EDGE('',*,*,#6809,.T.);
#6807=ORIENTED_EDGE('',*,*,#6810,.T.);
#6808=EDGE_CURVE('',#363,#259,#6811,.F.);
#6809=EDGE_CURVE('',#259,#275,#6812,.T.);
#6810=EDGE_CURVE('',#275,#363,#6813,.T.);
#6811=LINE('',#362,#6814);
#6812=LINE('',#258,#6815);
#6813=LINE('',#274,#6816);
#6814=VECTOR('',#6817,1.0);
#6815=VECTOR('',#6818,1.0);
#6816=VECTOR('',#6819,1.0);
#6817=DIRECTION('',(0,-0.7333388532138624,-0.6798633144735619));
#6818=DIRECTION('',(0,0.9999999999999969,7.947285970052059E-08));
#6819=DIRECTION('',(0,0,1));
#6820=FACE_SURFACE('',(#6825),#6821,.T.);
#6821=PLANE('',#6822);
#6822=AXIS2_PLACEMENT_3D('',#260,#6823,#6824);
#6823=DIRECTION('',(0,-1,0));
#6824=DIRECTION('',(0.6343812064361394,0,-0.7730203651396438));
#6825=FACE_BOUND('',#6826,.T.);
#6826=EDGE_LOOP('',(#6827,#6828,#6829));
#6827=ORIENTED_EDGE('',*,*,#6830,.T.);
#6828=ORIENTED_EDGE('',*,*,#6831,.T.);
#6829=ORIENTED_EDGE('',*,*,#6832,.T.);
#6830=EDGE_CURVE('',#261,#259,#6833,.F.);
#6831=EDGE_CURVE('',#259,#365,#6834,.T.);
#6832=EDGE_CURVE('',#365,#261,#6835,.T.);
#6833=LINE('',#260,#6836);
#6834=LINE('',#258,#6837);
#6835=LINE('',#364,#6838);
#6836=VECTOR('',#6839,1.0);
#6837=VECTOR('',#6840,1.0);
#6838=VECTOR('',#6841,1.0);
#6839=DIRECTION('',(0.6343812064361394,0,-0.7730203651396438));
#6840=DIRECTION('',(0,0,1));
#6841=DIRECTION('',(-0.0069734240402270185,0,-0.9999756853829773));
#6842=FACE_SURFACE('',(#6847),#6843,.T.);
#6843=PLANE('',#6844);
#6844=AXIS2_PLACEMENT_3D('',#358,#6845,#6846);
#6845=DIRECTION('',(0,-1,0));
#6846=DIRECTION('',(0,0,-1));
#6847=FACE_BOUND('',#6848,.T.);
#6848=EDGE_LOOP('',(#6849,#6850,#6851));
#6849=ORIENTED_EDGE('',*,*,#6852,.T.);
#6850=ORIENTED_EDGE('',*,*,#6853,.T.);
#6851=ORIENTED_EDGE('',*,*,#6854,.T.);
#6852=EDGE_CURVE('',#359,#119,#6855,.F.);
#6853=EDGE_CURVE('',#119,#113,#6856,.T.);
#6854=EDGE_CURVE('',#113,#359,#6857,.T.);
#6855=LINE('',#358,#6858);
#6856=LINE('',#118,#6859);
#6857=LINE('',#112,#6860);
#6858=VECTOR('',#6861,1.0);
#6859=VECTOR('',#6862,1.0);
#6860=VECTOR('',#6863,1.0);
#6861=DIRECTION('',(0,0,-1));
#6862=DIRECTION('',(0.634376147307758,0,0.7730245168990214));
#6863=DIRECTION('',(-0.005646286881737976,0,0.9999840595951763));
#6864=FACE_SURFACE('',(#6869),#6865,.T.);
#6865=PLANE('',#6866);
#6866=AXIS2_PLACEMENT_3D('',#358,#6867,#6868);
#6867=DIRECTION('',(0,-1,0));
#6868=DIRECTION('',(0.005646286881737976,0,-0.9999840595951763));
#6869=FACE_BOUND('',#6870,.T.);
#6870=EDGE_LOOP('',(#6871,#6872,#6873));
#6871=ORIENTED_EDGE('',*,*,#6874,.T.);
#6872=ORIENTED_EDGE('',*,*,#6875,.T.);
#6873=ORIENTED_EDGE('',*,*,#6876,.T.);
#6874=EDGE_CURVE('',#359,#113,#6877,.F.);
#6875=EDGE_CURVE('',#113,#97,#6878,.T.);
#6876=EDGE_CURVE('',#97,#359,#6879,.T.);
#6877=LINE('',#358,#6880);
#6878=LINE('',#112,#6881);
#6879=LINE('',#96,#6882);
#6880=VECTOR('',#6883,1.0);
#6881=VECTOR('',#6884,1.0);
#6882=VECTOR('',#6885,1.0);
#6883=DIRECTION('',(0.005646286881737976,0,-0.9999840595951763));
#6884=DIRECTION('',(0.7730253788470387,0,0.6343750969721244));
#6885=DIRECTION('',(-0.13230992608795472,0,0.9912083955751182));
#6886=FACE_SURFACE('',(#6891),#6887,.T.);
#6887=PLANE('',#6888);
#6888=AXIS2_PLACEMENT_3D('',#260,#6889,#6890);
#6889=DIRECTION('',(6.35755796026525E-07,-0.9999999999997979,-4.433502550641622E-09));
#6890=DIRECTION('',(0.0069734240402270185,0,0.9999756853829773));
#6891=FACE_BOUND('',#6892,.T.);
#6892=EDGE_LOOP('',(#6893,#6894,#6895));
#6893=ORIENTED_EDGE('',*,*,#6896,.T.);
#6894=ORIENTED_EDGE('',*,*,#6897,.T.);
#6895=ORIENTED_EDGE('',*,*,#6898,.T.);
#6896=EDGE_CURVE('',#261,#365,#6899,.F.);
#6897=EDGE_CURVE('',#365,#359,#6900,.T.);
#6898=EDGE_CURVE('',#359,#261,#6901,.T.);
#6899=LINE('',#260,#6902);
#6900=LINE('',#364,#6903);
#6901=LINE('',#358,#6904);
#6902=VECTOR('',#6905,1.0);
#6903=VECTOR('',#6906,1.0);
#6904=VECTOR('',#6907,1.0);
#6905=DIRECTION('',(0.0069734240402270185,0,0.9999756853829773));
#6906=DIRECTION('',(-0.9999999999997979,-6.35755796026525E-07,0));
#6907=DIRECTION('',(0.7340412470504649,4.696817905838987E-07,-0.6791048870597073));
#6908=FACE_SURFACE('',(#6913),#6909,.T.);
#6909=PLANE('',#6910);
#6910=AXIS2_PLACEMENT_3D('',#308,#6911,#6912);
#6911=DIRECTION('',(-5.023863711839944E-06,-0.9999999999686416,-6.121889348521531E-06));
#6912=DIRECTION('',(0.7730253788470387,0,-0.6343750969721244));
#6913=FACE_BOUND('',#6914,.T.);
#6914=EDGE_LOOP('',(#6915,#6916,#6917));
#6915=ORIENTED_EDGE('',*,*,#6918,.T.);
#6916=ORIENTED_EDGE('',*,*,#6919,.T.);
#6917=ORIENTED_EDGE('',*,*,#6920,.T.);
#6918=EDGE_CURVE('',#309,#261,#6921,.F.);
#6919=EDGE_CURVE('',#261,#359,#6922,.T.);
#6920=EDGE_CURVE('',#359,#309,#6923,.T.);
#6921=LINE('',#308,#6924);
#6922=LINE('',#260,#6925);
#6923=LINE('',#358,#6926);
#6924=VECTOR('',#6927,1.0);
#6925=VECTOR('',#6928,1.0);
#6926=VECTOR('',#6929,1.0);
#6927=DIRECTION('',(0.7730253788470387,0,-0.6343750969721244));
#6928=DIRECTION('',(-0.7340412470504649,-4.696817905838987E-07,0.6791048870597073));
#6929=DIRECTION('',(0.7294901157981163,5.224604574066246E-07,-0.6839913529808531));
#6930=FACE_SURFACE('',(#6935),#6931,.T.);
#6931=PLANE('',#6932);
#6932=AXIS2_PLACEMENT_3D('',#358,#6933,#6934);
#6933=DIRECTION('',(0,-1,0));
#6934=DIRECTION('',(0.13230992608795472,0,-0.9912083955751182));
#6935=FACE_BOUND('',#6936,.T.);
#6936=EDGE_LOOP('',(#6937,#6938,#6939));
#6937=ORIENTED_EDGE('',*,*,#6940,.T.);
#6938=ORIENTED_EDGE('',*,*,#6941,.T.);
#6939=ORIENTED_EDGE('',*,*,#6942,.T.);
#6940=EDGE_CURVE('',#359,#97,#6943,.F.);
#6941=EDGE_CURVE('',#97,#81,#6944,.T.);
#6942=EDGE_CURVE('',#81,#359,#6945,.T.);
#6943=LINE('',#358,#6946);
#6944=LINE('',#96,#6947);
#6945=LINE('',#80,#6948);
#6946=VECTOR('',#6949,1.0);
#6947=VECTOR('',#6950,1.0);
#6948=VECTOR('',#6951,1.0);
#6949=DIRECTION('',(0.13230992608795472,0,-0.9912083955751182));
#6950=DIRECTION('',(0.881929756220474,0,0.47138084930647683));
#6951=DIRECTION('',(-0.2891911331020929,0,0.9572713766404632));
#6952=FACE_SURFACE('',(#6957),#6953,.T.);
#6953=PLANE('',#6954);
#6954=AXIS2_PLACEMENT_3D('',#358,#6955,#6956);
#6955=DIRECTION('',(0,-1,0));
#6956=DIRECTION('',(0.2891911331020929,0,-0.9572713766404632));
#6957=FACE_BOUND('',#6958,.T.);
#6958=EDGE_LOOP('',(#6959,#6960,#6961));
#6959=ORIENTED_EDGE('',*,*,#6962,.T.);
#6960=ORIENTED_EDGE('',*,*,#6963,.T.);
#6961=ORIENTED_EDGE('',*,*,#6964,.T.);
#6962=EDGE_CURVE('',#359,#81,#6965,.F.);
#6963=EDGE_CURVE('',#81,#65,#6966,.T.);
#6964=EDGE_CURVE('',#65,#359,#6967,.T.);
#6965=LINE('',#358,#6968);
#6966=LINE('',#80,#6969);
#6967=LINE('',#64,#6970);
#6968=VECTOR('',#6971,1.0);
#6969=VECTOR('',#6972,1.0);
#6970=VECTOR('',#6973,1.0);
#6971=DIRECTION('',(0.2891911331020929,0,-0.9572713766404632));
#6972=DIRECTION('',(0.9569436847067304,0,0.29027363693574665));
#6973=DIRECTION('',(-0.4462886977154395,0,0.8948890424468594));
#6974=FACE_SURFACE('',(#6979),#6975,.T.);
#6975=PLANE('',#6976);
#6976=AXIS2_PLACEMENT_3D('',#324,#6977,#6978);
#6977=DIRECTION('',(-9.495428449504634E-07,-0.999999999997971,-1.7765466946740278E-06));
#6978=DIRECTION('',(0.881929756220474,0,-0.47138084930647683));
#6979=FACE_BOUND('',#6980,.T.);
#6980=EDGE_LOOP('',(#6981,#6982,#6983));
#6981=ORIENTED_EDGE('',*,*,#6984,.T.);
#6982=ORIENTED_EDGE('',*,*,#6985,.T.);
#6983=ORIENTED_EDGE('',*,*,#6986,.T.);
#6984=EDGE_CURVE('',#325,#309,#6987,.F.);
#6985=EDGE_CURVE('',#309,#359,#6988,.T.);
#6986=EDGE_CURVE('',#359,#325,#6989,.T.);
#6987=LINE('',#324,#6990);
#6988=LINE('',#308,#6991);
#6989=LINE('',#358,#6992);
#6990=VECTOR('',#6993,1.0);
#6991=VECTOR('',#6994,1.0);
#6992=VECTOR('',#6995,1.0);
#6993=DIRECTION('',(0.881929756220474,0,-0.47138084930647683));
#6994=DIRECTION('',(-0.7294901157981163,-5.224604574066246E-07,0.6839913529808531));
#6995=DIRECTION('',(0.7066997090144161,5.858893293105754E-07,-0.7075136191470778));
#6996=FACE_SURFACE('',(#7001),#6997,.T.);
#6997=PLANE('',#6998);
#6998=AXIS2_PLACEMENT_3D('',#340,#6999,#7000);
#6999=DIRECTION('',(-3.603793999248772E-07,-0.9999999999992293,-1.1880610120058864E-06));
#7000=DIRECTION('',(0.9569436847067304,0,-0.29027363693574665));
#7001=FACE_BOUND('',#7002,.T.);
#7002=EDGE_LOOP('',(#7003,#7004,#7005));
#7003=ORIENTED_EDGE('',*,*,#7006,.T.);
#7004=ORIENTED_EDGE('',*,*,#7007,.T.);
#7005=ORIENTED_EDGE('',*,*,#7008,.T.);
#7006=EDGE_CURVE('',#341,#325,#7009,.F.);
#7007=EDGE_CURVE('',#325,#359,#7010,.T.);
#7008=EDGE_CURVE('',#359,#341,#7011,.T.);
#7009=LINE('',#340,#7012);
#7010=LINE('',#324,#7013);
#7011=LINE('',#358,#7014);
#7012=VECTOR('',#7015,1.0);
#7013=VECTOR('',#7016,1.0);
#7014=VECTOR('',#7017,1.0);
#7015=DIRECTION('',(0.9569436847067304,0,-0.29027363693574665));
#7016=DIRECTION('',(-0.7066997090144161,-5.858893293105754E-07,0.7075136191470778));
#7017=DIRECTION('',(0.6577850470419094,6.578021498978067E-07,-0.7532057035681822));
#7018=FACE_SURFACE('',(#7023),#7019,.T.);
#7019=PLANE('',#7020);
#7020=AXIS2_PLACEMENT_3D('',#358,#7021,#7022);
#7021=DIRECTION('',(4.444406791400368E-06,-0.9999999999876673,2.216463075275066E-06));
#7022=DIRECTION('',(0.4462886977154395,0,-0.8948890424468594));
#7023=FACE_BOUND('',#7024,.T.);
#7024=EDGE_LOOP('',(#7025,#7026,#7027));
#7025=ORIENTED_EDGE('',*,*,#7028,.T.);
#7026=ORIENTED_EDGE('',*,*,#7029,.T.);
#7027=ORIENTED_EDGE('',*,*,#7030,.T.);
#7028=EDGE_CURVE('',#359,#65,#7031,.F.);
#7029=EDGE_CURVE('',#65,#63,#7032,.T.);
#7030=EDGE_CURVE('',#63,#359,#7033,.T.);
#7031=LINE('',#358,#7034);
#7032=LINE('',#64,#7035);
#7033=LINE('',#62,#7036);
#7034=VECTOR('',#7037,1.0);
#7035=VECTOR('',#7038,1.0);
#7036=VECTOR('',#7039,1.0);
#7037=DIRECTION('',(0.4462886977154395,0,-0.8948890424468594));
#7038=DIRECTION('',(0.9951851246521206,4.640249942425539E-06,0.09801309937764065));
#7039=DIRECTION('',(-0.5728591783226405,-7.292868269913158E-07,0.8196538060736236));
#7040=FACE_SURFACE('',(#7045),#7041,.T.);
#7041=PLANE('',#7042);
#7042=AXIS2_PLACEMENT_3D('',#358,#7043,#7044);
#7043=DIRECTION('',(-9.410672305610655E-08,-0.999999999999539,-9.555213691830137E-07));
#7044=DIRECTION('',(0.5728591783226405,7.292868269913158E-07,-0.8196538060736236));
#7045=FACE_BOUND('',#7046,.T.);
#7046=EDGE_LOOP('',(#7047,#7048,#7049));
#7047=ORIENTED_EDGE('',*,*,#7050,.T.);
#7048=ORIENTED_EDGE('',*,*,#7051,.T.);
#7049=ORIENTED_EDGE('',*,*,#7052,.T.);
#7050=EDGE_CURVE('',#359,#63,#7053,.F.);
#7051=EDGE_CURVE('',#63,#341,#7054,.T.);
#7052=EDGE_CURVE('',#341,#359,#7055,.T.);
#7053=LINE('',#358,#7056);
#7054=LINE('',#62,#7057);
#7055=LINE('',#340,#7058);
#7056=VECTOR('',#7059,1.0);
#7057=VECTOR('',#7060,1.0);
#7058=VECTOR('',#7061,1.0);
#7059=DIRECTION('',(0.5728591783226405,7.292868269913158E-07,-0.8196538060736236));
#7060=DIRECTION('',(0.9951851246628347,0,-0.09801309937869586));
#7061=DIRECTION('',(-0.6577850470419094,-6.578021498978067E-07,0.7532057035681822));
#7062=FACE_SURFACE('',(#7067),#7063,.T.);
#7063=PLANE('',#7064);
#7064=AXIS2_PLACEMENT_3D('',#358,#7065,#7066);
#7065=DIRECTION('',(1.0105066236283706E-13,-1.5894571940103965E-07,0.9999999999999873));
#7066=DIRECTION('',(0.9999999999997979,6.35755796026525E-07,0));
#7067=FACE_BOUND('',#7068,.T.);
#7068=EDGE_LOOP('',(#7069,#7070,#7071));
#7069=ORIENTED_EDGE('',*,*,#7072,.T.);
#7070=ORIENTED_EDGE('',*,*,#7073,.T.);
#7071=ORIENTED_EDGE('',*,*,#7074,.T.);
#7072=EDGE_CURVE('',#359,#365,#7075,.F.);
#7073=EDGE_CURVE('',#365,#363,#7076,.T.);
#7074=EDGE_CURVE('',#363,#359,#7077,.T.);
#7075=LINE('',#358,#7078);
#7076=LINE('',#364,#7079);
#7077=LINE('',#362,#7080);
#7078=VECTOR('',#7081,1.0);
#7079=VECTOR('',#7082,1.0);
#7080=VECTOR('',#7083,1.0);
#7081=DIRECTION('',(0.9999999999997979,6.35755796026525E-07,0));
#7082=DIRECTION('',(0,0.9999999999999875,1.5894571940103967E-07));
#7083=DIRECTION('',(-0.7071216164008993,-0.7070919456609353,-1.123891665306519E-07));
#7084=FACE_SURFACE('',(#7089),#7085,.T.);
#7085=PLANE('',#7086);
#7086=AXIS2_PLACEMENT_3D('',#358,#7087,#7088);
#7087=DIRECTION('',(1.0105059811929277E-13,-1.589457194009754E-07,0.9999999999999873));
#7088=DIRECTION('',(0.7071216164008993,0.7070919456609353,1.123891665306519E-07));
#7089=FACE_BOUND('',#7090,.T.);
#7090=EDGE_LOOP('',(#7091,#7092,#7093));
#7091=ORIENTED_EDGE('',*,*,#7094,.T.);
#7092=ORIENTED_EDGE('',*,*,#7095,.T.);
#7093=ORIENTED_EDGE('',*,*,#7096,.T.);
#7094=EDGE_CURVE('',#359,#363,#7097,.F.);
#7095=EDGE_CURVE('',#363,#361,#7098,.T.);
#7096=EDGE_CURVE('',#361,#359,#7099,.T.);
#7097=LINE('',#358,#7100);
#7098=LINE('',#362,#7101);
#7099=LINE('',#360,#7102);
#7100=VECTOR('',#7103,1.0);
#7101=VECTOR('',#7104,1.0);
#7102=VECTOR('',#7105,1.0);
#7103=DIRECTION('',(0.7071216164008993,0.7070919456609353,1.123891665306519E-07));
#7104=DIRECTION('',(-0.9999999999997979,-6.357553918413498E-07,0));
#7105=DIRECTION('',(6.357828776040302E-07,-0.9999999999997852,-1.5894571940100754E-07));
#7106=FACE_SURFACE('',(#7111),#7107,.T.);
#7107=PLANE('',#7108);
#7108=AXIS2_PLACEMENT_3D('',#288,#7109,#7110);
#7109=DIRECTION('',(-4.963452855758307E-07,0.9999999999996939,-6.04822067627224E-07));
#7110=DIRECTION('',(-0.7730225859618953,0,0.6343785002605181));
#7111=FACE_BOUND('',#7112,.T.);
#7112=EDGE_LOOP('',(#7113,#7114,#7115));
#7113=ORIENTED_EDGE('',*,*,#7116,.T.);
#7114=ORIENTED_EDGE('',*,*,#7117,.T.);
#7115=ORIENTED_EDGE('',*,*,#7118,.T.);
#7116=EDGE_CURVE('',#289,#297,#7119,.F.);
#7117=EDGE_CURVE('',#297,#367,#7120,.T.);
#7118=EDGE_CURVE('',#367,#289,#7121,.T.);
#7119=LINE('',#288,#7122);
#7120=LINE('',#296,#7123);
#7121=LINE('',#366,#7124);
#7122=VECTOR('',#7125,1.0);
#7123=VECTOR('',#7126,1.0);
#7124=VECTOR('',#7127,1.0);
#7125=DIRECTION('',(-0.7730225859618953,0,0.6343785002605181));
#7126=DIRECTION('',(0.9999999999998768,4.963452855759215E-07,0));
#7127=DIRECTION('',(-0.9998817357541978,-5.055881612411219E-07,-0.015379028087522563));
#7128=FACE_SURFACE('',(#7133),#7129,.T.);
#7129=PLANE('',#7130);
#7130=AXIS2_PLACEMENT_3D('',#366,#7131,#7132);
#7131=DIRECTION('',(-4.770468889386595E-07,0.9999999999998861,0));
#7132=DIRECTION('',(0,0,-1));
#7133=FACE_BOUND('',#7134,.T.);
#7134=EDGE_LOOP('',(#7135,#7136,#7137));
#7135=ORIENTED_EDGE('',*,*,#7138,.T.);
#7136=ORIENTED_EDGE('',*,*,#7139,.T.);
#7137=ORIENTED_EDGE('',*,*,#7140,.T.);
#7138=EDGE_CURVE('',#367,#369,#7141,.F.);
#7139=EDGE_CURVE('',#369,#191,#7142,.T.);
#7140=EDGE_CURVE('',#191,#367,#7143,.T.);
#7141=LINE('',#366,#7144);
#7142=LINE('',#368,#7145);
#7143=LINE('',#190,#7146);
#7144=VECTOR('',#7147,1.0);
#7145=VECTOR('',#7148,1.0);
#7146=VECTOR('',#7149,1.0);
#7147=DIRECTION('',(0,0,-1));
#7148=DIRECTION('',(-0.9999999999998863,-4.770468889386596E-07,0));
#7149=DIRECTION('',(0.9196919902398518,4.3873620272577527E-07,0.39264060295449305));
#7150=FACE_SURFACE('',(#7155),#7151,.T.);
#7151=PLANE('',#7152);
#7152=AXIS2_PLACEMENT_3D('',#366,#7153,#7154);
#7153=DIRECTION('',(-2.370554653597151E-06,0.9999999999873547,4.435211008528102E-06));
#7154=DIRECTION('',(-0.9196919902398518,-4.3873620272577527E-07,-0.39264060295449305));
#7155=FACE_BOUND('',#7156,.T.);
#7156=EDGE_LOOP('',(#7157,#7158,#7159));
#7157=ORIENTED_EDGE('',*,*,#7160,.T.);
#7158=ORIENTED_EDGE('',*,*,#7161,.T.);
#7159=ORIENTED_EDGE('',*,*,#7162,.T.);
#7160=EDGE_CURVE('',#367,#191,#7163,.F.);
#7161=EDGE_CURVE('',#191,#189,#7164,.T.);
#7162=EDGE_CURVE('',#189,#367,#7165,.T.);
#7163=LINE('',#366,#7166);
#7164=LINE('',#190,#7167);
#7165=LINE('',#188,#7168);
#7166=VECTOR('',#7169,1.0);
#7167=VECTOR('',#7170,1.0);
#7168=VECTOR('',#7171,1.0);
#7169=DIRECTION('',(-0.9196919902398518,-4.3873620272577527E-07,-0.39264060295449305));
#7170=DIRECTION('',(0.881930772686245,0,0.47137894754543613));
#7171=DIRECTION('',(0.9203026971564761,4.465420854402748E-07,0.3912070367546014));
#7172=FACE_SURFACE('',(#7177),#7173,.T.);
#7173=PLANE('',#7174);
#7174=AXIS2_PLACEMENT_3D('',#252,#7175,#7176);
#7175=DIRECTION('',(-4.993445695293811E-07,0.9999999999997913,-4.098208472393365E-07));
#7176=DIRECTION('',(-0.6344111827147298,0,0.7729957640546925));
#7177=FACE_BOUND('',#7178,.T.);
#7178=EDGE_LOOP('',(#7179,#7180,#7181));
#7179=ORIENTED_EDGE('',*,*,#7182,.T.);
#7180=ORIENTED_EDGE('',*,*,#7183,.T.);
#7181=ORIENTED_EDGE('',*,*,#7184,.T.);
#7182=EDGE_CURVE('',#253,#289,#7185,.F.);
#7183=EDGE_CURVE('',#289,#367,#7186,.T.);
#7184=EDGE_CURVE('',#367,#253,#7187,.T.);
#7185=LINE('',#252,#7188);
#7186=LINE('',#288,#7189);
#7187=LINE('',#366,#7190);
#7188=VECTOR('',#7191,1.0);
#7189=VECTOR('',#7192,1.0);
#7190=VECTOR('',#7193,1.0);
#7191=DIRECTION('',(-0.6344111827147298,0,0.7729957640546925));
#7192=DIRECTION('',(0.9998817357541978,5.055881612411219E-07,0.015379028087522563));
#7193=DIRECTION('',(-0.9982313009474209,-5.228251159506788E-07,-0.05944972505021725));
#7194=FACE_SURFACE('',(#7199),#7195,.T.);
#7195=PLANE('',#7196);
#7196=AXIS2_PLACEMENT_3D('',#244,#7197,#7198);
#7197=DIRECTION('',(-5.07592625580129E-07,0.9999999999998344,-2.7132621644250994E-07));
#7198=DIRECTION('',(-0.4714133659116561,0,0.8819123757153219));
#7199=FACE_BOUND('',#7200,.T.);
#7200=EDGE_LOOP('',(#7201,#7202,#7203));
#7201=ORIENTED_EDGE('',*,*,#7204,.T.);
#7202=ORIENTED_EDGE('',*,*,#7205,.T.);
#7203=ORIENTED_EDGE('',*,*,#7206,.T.);
#7204=EDGE_CURVE('',#245,#253,#7207,.F.);
#7205=EDGE_CURVE('',#253,#367,#7208,.T.);
#7206=EDGE_CURVE('',#367,#245,#7209,.T.);
#7207=LINE('',#244,#7210);
#7208=LINE('',#252,#7211);
#7209=LINE('',#366,#7212);
#7210=VECTOR('',#7213,1.0);
#7211=VECTOR('',#7214,1.0);
#7212=VECTOR('',#7215,1.0);
#7213=DIRECTION('',(-0.4714133659116561,0,0.8819123757153219));
#7214=DIRECTION('',(0.9982313009474209,5.228251159506788E-07,0.05944972505021725));
#7215=DIRECTION('',(-0.9937519717635039,-5.347041668712236E-07,-0.11161101476047144));
#7216=FACE_SURFACE('',(#7221),#7217,.T.);
#7217=PLANE('',#7218);
#7218=AXIS2_PLACEMENT_3D('',#366,#7219,#7220);
#7219=DIRECTION('',(-1.006642426727005E-06,0.9999999999987409,1.2266488326239092E-06));
#7220=DIRECTION('',(-0.9203026971564761,-4.465420854402748E-07,-0.3912070367546014));
#7221=FACE_BOUND('',#7222,.T.);
#7222=EDGE_LOOP('',(#7223,#7224,#7225));
#7223=ORIENTED_EDGE('',*,*,#7226,.T.);
#7224=ORIENTED_EDGE('',*,*,#7227,.T.);
#7225=ORIENTED_EDGE('',*,*,#7228,.T.);
#7226=EDGE_CURVE('',#367,#189,#7229,.F.);
#7227=EDGE_CURVE('',#189,#197,#7230,.T.);
#7228=EDGE_CURVE('',#197,#367,#7231,.T.);
#7229=LINE('',#366,#7232);
#7230=LINE('',#188,#7233);
#7231=LINE('',#196,#7234);
#7232=VECTOR('',#7235,1.0);
#7233=VECTOR('',#7236,1.0);
#7234=VECTOR('',#7237,1.0);
#7235=DIRECTION('',(-0.9203026971564761,-4.465420854402748E-07,-0.3912070367546014));
#7236=DIRECTION('',(0.7730235114269783,0,0.6343773725323942));
#7237=DIRECTION('',(0.9257627680749242,4.6811017468873527E-07,0.37810487598817705));
#7238=FACE_SURFACE('',(#7243),#7239,.T.);
#7239=PLANE('',#7240);
#7240=AXIS2_PLACEMENT_3D('',#366,#7241,#7242);
#7241=DIRECTION('',(-7.606011648791903E-07,0.9999999999995159,6.242343860131618E-07));
#7242=DIRECTION('',(-0.9257627680749242,-4.6811017468873527E-07,-0.37810487598817705));
#7243=FACE_BOUND('',#7244,.T.);
#7244=EDGE_LOOP('',(#7245,#7246,#7247));
#7245=ORIENTED_EDGE('',*,*,#7248,.T.);
#7246=ORIENTED_EDGE('',*,*,#7249,.T.);
#7247=ORIENTED_EDGE('',*,*,#7250,.T.);
#7248=EDGE_CURVE('',#367,#197,#7251,.F.);
#7249=EDGE_CURVE('',#197,#205,#7252,.T.);
#7250=EDGE_CURVE('',#205,#367,#7253,.T.);
#7251=LINE('',#366,#7254);
#7252=LINE('',#196,#7255);
#7253=LINE('',#204,#7256);
#7254=VECTOR('',#7257,1.0);
#7255=VECTOR('',#7258,1.0);
#7256=VECTOR('',#7259,1.0);
#7257=DIRECTION('',(-0.9257627680749242,-4.6811017468873527E-07,-0.37810487598817705));
#7258=DIRECTION('',(0.6344085522107908,0,0.7729979229479264));
#7259=DIRECTION('',(0.934962194036307,4.896878279038062E-07,0.35474736887336483));
#7260=FACE_SURFACE('',(#7265),#7261,.T.);
#7261=PLANE('',#7262);
#7262=AXIS2_PLACEMENT_3D('',#236,#7263,#7264);
#7263=DIRECTION('',(-5.20337521066001E-07,0.9999999999998521,-1.5784937863956932E-07));
#7264=DIRECTION('',(-0.29029598978490984,0,0.9569369040405954));
#7265=FACE_BOUND('',#7266,.T.);
#7266=EDGE_LOOP('',(#7267,#7268,#7269));
#7267=ORIENTED_EDGE('',*,*,#7270,.T.);
#7268=ORIENTED_EDGE('',*,*,#7271,.T.);
#7269=ORIENTED_EDGE('',*,*,#7272,.T.);
#7270=EDGE_CURVE('',#237,#245,#7273,.F.);
#7271=EDGE_CURVE('',#245,#367,#7274,.T.);
#7272=EDGE_CURVE('',#367,#237,#7275,.T.);
#7273=LINE('',#236,#7276);
#7274=LINE('',#244,#7277);
#7275=LINE('',#366,#7278);
#7276=VECTOR('',#7279,1.0);
#7277=VECTOR('',#7280,1.0);
#7278=VECTOR('',#7281,1.0);
#7279=DIRECTION('',(-0.29029598978490984,0,0.9569369040405954));
#7280=DIRECTION('',(0.9937519717635039,5.347041668712236E-07,0.11161101476047144));
#7281=DIRECTION('',(-0.9857474431585503,-5.394766847278313E-07,-0.1682319182143795));
#7282=FACE_SURFACE('',(#7287),#7283,.T.);
#7283=PLANE('',#7284);
#7284=AXIS2_PLACEMENT_3D('',#228,#7285,#7286);
#7285=DIRECTION('',(-5.382294194196751E-07,0.9999999999998537,-5.3012595925654366E-08));
#7286=DIRECTION('',(-0.09802011622681958,0,0.995184433567407));
#7287=FACE_BOUND('',#7288,.T.);
#7288=EDGE_LOOP('',(#7289,#7290,#7291));
#7289=ORIENTED_EDGE('',*,*,#7292,.T.);
#7290=ORIENTED_EDGE('',*,*,#7293,.T.);
#7291=ORIENTED_EDGE('',*,*,#7294,.T.);
#7292=EDGE_CURVE('',#229,#237,#7295,.F.);
#7293=EDGE_CURVE('',#237,#367,#7296,.T.);
#7294=EDGE_CURVE('',#367,#229,#7297,.T.);
#7295=LINE('',#228,#7298);
#7296=LINE('',#236,#7299);
#7297=LINE('',#366,#7300);
#7298=VECTOR('',#7301,1.0);
#7299=VECTOR('',#7302,1.0);
#7300=VECTOR('',#7303,1.0);
#7301=DIRECTION('',(-0.09802011622681958,0,0.995184433567407));
#7302=DIRECTION('',(0.9857474431585503,5.394766847278313E-07,0.1682319182143795));
#7303=DIRECTION('',(-0.974409847752286,-5.363721472158697E-07,-0.22477866580945616));
#7304=FACE_SURFACE('',(#7309),#7305,.T.);
#7305=PLANE('',#7306);
#7306=AXIS2_PLACEMENT_3D('',#366,#7307,#7308);
#7307=DIRECTION('',(-6.570018870465557E-07,0.9999999999997226,3.51191041362859E-07));
#7308=DIRECTION('',(-0.934962194036307,-4.896878279038062E-07,-0.35474736887336483));
#7309=FACE_BOUND('',#7310,.T.);
#7310=EDGE_LOOP('',(#7311,#7312,#7313));
#7311=ORIENTED_EDGE('',*,*,#7314,.T.);
#7312=ORIENTED_EDGE('',*,*,#7315,.T.);
#7313=ORIENTED_EDGE('',*,*,#7316,.T.);
#7314=EDGE_CURVE('',#367,#205,#7317,.F.);
#7315=EDGE_CURVE('',#205,#213,#7318,.T.);
#7316=EDGE_CURVE('',#213,#367,#7319,.T.);
#7317=LINE('',#366,#7320);
#7318=LINE('',#204,#7321);
#7319=LINE('',#212,#7322);
#7320=VECTOR('',#7323,1.0);
#7321=VECTOR('',#7324,1.0);
#7322=VECTOR('',#7325,1.0);
#7323=DIRECTION('',(-0.934962194036307,-4.896878279038062E-07,-0.35474736887336483));
#7324=DIRECTION('',(0.47141366735298756,0,0.8819122145841993));
#7325=DIRECTION('',(0.9471576339593427,5.096333370420481E-07,0.3207684779280533));
#7326=FACE_SURFACE('',(#7331),#7327,.T.);
#7327=PLANE('',#7328);
#7328=AXIS2_PLACEMENT_3D('',#220,#7329,#7330);
#7329=DIRECTION('',(-5.632561337630299E-07,0.9999999999998399,5.5477579622090626E-08));
#7330=DIRECTION('',(0.09802010208099197,0,0.9951844349606921));
#7331=FACE_BOUND('',#7332,.T.);
#7332=EDGE_LOOP('',(#7333,#7334,#7335));
#7333=ORIENTED_EDGE('',*,*,#7336,.T.);
#7334=ORIENTED_EDGE('',*,*,#7337,.T.);
#7335=ORIENTED_EDGE('',*,*,#7338,.T.);
#7336=EDGE_CURVE('',#221,#229,#7339,.F.);
#7337=EDGE_CURVE('',#229,#367,#7340,.T.);
#7338=EDGE_CURVE('',#367,#221,#7341,.T.);
#7339=LINE('',#220,#7342);
#7340=LINE('',#228,#7343);
#7341=LINE('',#366,#7344);
#7342=VECTOR('',#7345,1.0);
#7343=VECTOR('',#7346,1.0);
#7344=VECTOR('',#7347,1.0);
#7345=DIRECTION('',(0.09802010208099197,0,0.9951844349606921));
#7346=DIRECTION('',(0.974409847752286,5.363721472158697E-07,0.22477866580945616));
#7347=DIRECTION('',(-0.960933261619831,-5.25896459403737E-07,-0.2767801776001977));
#7348=FACE_SURFACE('',(#7353),#7349,.T.);
#7349=PLANE('',#7350);
#7350=AXIS2_PLACEMENT_3D('',#366,#7351,#7352);
#7351=DIRECTION('',(-5.99674852551138E-07,0.9999999999998037,1.8191711923262546E-07));
#7352=DIRECTION('',(-0.9471576339593427,-5.096333370420481E-07,-0.3207684779280533));
#7353=FACE_BOUND('',#7354,.T.);
#7354=EDGE_LOOP('',(#7355,#7356,#7357));
#7355=ORIENTED_EDGE('',*,*,#7358,.T.);
#7356=ORIENTED_EDGE('',*,*,#7359,.T.);
#7357=ORIENTED_EDGE('',*,*,#7360,.T.);
#7358=EDGE_CURVE('',#367,#213,#7361,.F.);
#7359=EDGE_CURVE('',#213,#221,#7362,.T.);
#7360=EDGE_CURVE('',#221,#367,#7363,.T.);
#7361=LINE('',#366,#7364);
#7362=LINE('',#212,#7365);
#7363=LINE('',#220,#7366);
#7364=VECTOR('',#7367,1.0);
#7365=VECTOR('',#7368,1.0);
#7366=VECTOR('',#7369,1.0);
#7367=DIRECTION('',(-0.9471576339593427,-5.096333370420481E-07,-0.3207684779280533));
#7368=DIRECTION('',(0.29029598978490984,0,0.9569369040405954));
#7369=DIRECTION('',(0.960933261619831,5.25896459403737E-07,0.2767801776001977));
#7370=FACE_SURFACE('',(#7375),#7371,.T.);
#7371=PLANE('',#7372);
#7372=AXIS2_PLACEMENT_3D('',#368,#7373,#7374);
#7373=DIRECTION('',(0.9999999999998863,4.7683693082950377E-07,-0));
#7374=DIRECTION('',(0,0,1));
#7375=FACE_BOUND('',#7376,.T.);
#7376=EDGE_LOOP('',(#7377,#7378,#7379));
#7377=ORIENTED_EDGE('',*,*,#7380,.T.);
#7378=ORIENTED_EDGE('',*,*,#7381,.T.);
#7379=ORIENTED_EDGE('',*,*,#7382,.T.);
#7380=EDGE_CURVE('',#369,#367,#7383,.F.);
#7381=EDGE_CURVE('',#367,#371,#7384,.T.);
#7382=EDGE_CURVE('',#371,#369,#7385,.T.);
#7383=LINE('',#368,#7386);
#7384=LINE('',#366,#7387);
#7385=LINE('',#370,#7388);
#7386=VECTOR('',#7389,1.0);
#7387=VECTOR('',#7390,1.0);
#7388=VECTOR('',#7391,1.0);
#7389=DIRECTION('',(0,0,1));
#7390=DIRECTION('',(4.7683693082950186E-07,-0.9999999999998823,-8.94069245305316E-08));
#7391=DIRECTION('',(-3.626978432334701E-07,0.7606328700306016,-0.6491822833602888));
#7392=FACE_SURFACE('',(#7397),#7393,.T.);
#7393=PLANE('',#7394);
#7394=AXIS2_PLACEMENT_3D('',#368,#7395,#7396);
#7395=DIRECTION('',(0.9999999999998863,4.7683693082950377E-07,0));
#7396=DIRECTION('',(3.626978432334701E-07,-0.7606328700306016,0.6491822833602888));
#7397=FACE_BOUND('',#7398,.T.);
#7398=EDGE_LOOP('',(#7399,#7400,#7401));
#7399=ORIENTED_EDGE('',*,*,#7402,.T.);
#7400=ORIENTED_EDGE('',*,*,#7403,.T.);
#7401=ORIENTED_EDGE('',*,*,#7404,.T.);
#7402=EDGE_CURVE('',#369,#371,#7405,.F.);
#7403=EDGE_CURVE('',#371,#373,#7406,.T.);
#7404=EDGE_CURVE('',#373,#369,#7407,.T.);
#7405=LINE('',#368,#7408);
#7406=LINE('',#370,#7409);
#7407=LINE('',#372,#7410);
#7408=VECTOR('',#7411,1.0);
#7409=VECTOR('',#7412,1.0);
#7410=VECTOR('',#7413,1.0);
#7411=DIRECTION('',(3.626978432334701E-07,-0.7606328700306016,0.6491822833602888));
#7412=DIRECTION('',(0,0,-1));
#7413=DIRECTION('',(-4.768369308295029E-07,0.9999999999998845,5.9604616353687865E-08));
#7414=FACE_SURFACE('',(#7419),#7415,.T.);
#7415=PLANE('',#7416);
#7416=AXIS2_PLACEMENT_3D('',#182,#7417,#7418);
#7417=DIRECTION('',(4.770468889384695E-07,-0.9999999999994879,-8.925255675619588E-07));
#7418=DIRECTION('',(-0.8819286446697017,0,-0.4713829289559212));
#7419=FACE_BOUND('',#7420,.T.);
#7420=EDGE_LOOP('',(#7421,#7422,#7423));
#7421=ORIENTED_EDGE('',*,*,#7424,.T.);
#7422=ORIENTED_EDGE('',*,*,#7425,.T.);
#7423=ORIENTED_EDGE('',*,*,#7426,.T.);
#7424=EDGE_CURVE('',#183,#193,#7427,.F.);
#7425=EDGE_CURVE('',#193,#373,#7428,.T.);
#7426=EDGE_CURVE('',#373,#183,#7429,.T.);
#7427=LINE('',#182,#7430);
#7428=LINE('',#192,#7431);
#7429=LINE('',#372,#7432);
#7430=VECTOR('',#7433,1.0);
#7431=VECTOR('',#7434,1.0);
#7432=VECTOR('',#7435,1.0);
#7433=DIRECTION('',(-0.8819286446697017,0,-0.4713829289559212));
#7434=DIRECTION('',(0.9999999999998863,4.770468889386596E-07,0));
#7435=DIRECTION('',(-0.9999581560091259,-4.851917672171442E-07,0.009148017850510195));
#7436=FACE_SURFACE('',(#7441),#7437,.T.);
#7437=PLANE('',#7438);
#7438=AXIS2_PLACEMENT_3D('',#372,#7439,#7440);
#7439=DIRECTION('',(4.963452855759215E-07,-0.9999999999998768,0));
#7440=DIRECTION('',(0,0,1));
#7441=FACE_BOUND('',#7442,.T.);
#7442=EDGE_LOOP('',(#7443,#7444,#7445));
#7443=ORIENTED_EDGE('',*,*,#7446,.T.);
#7444=ORIENTED_EDGE('',*,*,#7447,.T.);
#7445=ORIENTED_EDGE('',*,*,#7448,.T.);
#7446=EDGE_CURVE('',#373,#371,#7449,.F.);
#7447=EDGE_CURVE('',#371,#295,#7450,.T.);
#7448=EDGE_CURVE('',#295,#373,#7451,.T.);
#7449=LINE('',#372,#7452);
#7450=LINE('',#370,#7453);
#7451=LINE('',#294,#7454);
#7452=VECTOR('',#7455,1.0);
#7453=VECTOR('',#7456,1.0);
#7454=VECTOR('',#7457,1.0);
#7455=DIRECTION('',(0,0,1));
#7456=DIRECTION('',(-0.9999999999998768,-4.963452855759215E-07,0));
#7457=DIRECTION('',(0.9138954564709206,4.5360770132865214E-07,-0.4059496208171673));
#7458=FACE_SURFACE('',(#7463),#7459,.T.);
#7459=PLANE('',#7460);
#7460=AXIS2_PLACEMENT_3D('',#372,#7461,#7462);
#7461=DIRECTION('',(1.0820106648583884E-06,-0.9999999999985454,1.3184811653765044E-06));
#7462=DIRECTION('',(-0.9138954564709206,-4.5360770132865214E-07,0.4059496208171673));
#7463=FACE_BOUND('',#7464,.T.);
#7464=EDGE_LOOP('',(#7465,#7466,#7467));
#7465=ORIENTED_EDGE('',*,*,#7468,.T.);
#7466=ORIENTED_EDGE('',*,*,#7469,.T.);
#7467=ORIENTED_EDGE('',*,*,#7470,.T.);
#7468=EDGE_CURVE('',#373,#295,#7471,.F.);
#7469=EDGE_CURVE('',#295,#265,#7472,.T.);
#7470=EDGE_CURVE('',#265,#373,#7473,.T.);
#7471=LINE('',#372,#7474);
#7472=LINE('',#294,#7475);
#7473=LINE('',#264,#7476);
#7474=VECTOR('',#7477,1.0);
#7475=VECTOR('',#7478,1.0);
#7476=VECTOR('',#7479,1.0);
#7477=DIRECTION('',(-0.9138954564709206,-4.5360770132865214E-07,0.4059496208171673));
#7478=DIRECTION('',(0.7730216271614248,0,-0.6343796686060355));
#7479=DIRECTION('',(0.916277951011363,4.6331407792761347E-07,-0.400543027014831));
#7480=FACE_SURFACE('',(#7485),#7481,.T.);
#7481=PLANE('',#7482);
#7482=AXIS2_PLACEMENT_3D('',#200,#7483,#7484);
#7483=DIRECTION('',(4.798626132232904E-07,-0.9999999999997138,-5.847423395905532E-07));
#7484=DIRECTION('',(-0.7730253788470387,0,-0.6343750969721244));
#7485=FACE_BOUND('',#7486,.T.);
#7486=EDGE_LOOP('',(#7487,#7488,#7489));
#7487=ORIENTED_EDGE('',*,*,#7490,.T.);
#7488=ORIENTED_EDGE('',*,*,#7491,.T.);
#7489=ORIENTED_EDGE('',*,*,#7492,.T.);
#7490=EDGE_CURVE('',#201,#183,#7493,.F.);
#7491=EDGE_CURVE('',#183,#373,#7494,.T.);
#7492=EDGE_CURVE('',#373,#201,#7495,.T.);
#7493=LINE('',#200,#7496);
#7494=LINE('',#182,#7497);
#7495=LINE('',#372,#7498);
#7496=VECTOR('',#7499,1.0);
#7497=VECTOR('',#7500,1.0);
#7498=VECTOR('',#7501,1.0);
#7499=DIRECTION('',(-0.7730253788470387,0,-0.6343750969721244));
#7500=DIRECTION('',(0.9999581560091259,4.851917672171442E-07,-0.009148017850510195));
#7501=DIRECTION('',(-0.9990291359810882,-5.051571736198781E-07,0.04405434667118601));
#7502=FACE_SURFACE('',(#7507),#7503,.T.);
#7503=PLANE('',#7504);
#7504=AXIS2_PLACEMENT_3D('',#208,#7505,#7506);
#7505=DIRECTION('',(4.879873107356793E-07,-0.9999999999998006,-4.004969665641843E-07));
#7506=DIRECTION('',(-0.6344085522107908,0,-0.7729979229479264));
#7507=FACE_BOUND('',#7508,.T.);
#7508=EDGE_LOOP('',(#7509,#7510,#7511));
#7509=ORIENTED_EDGE('',*,*,#7512,.T.);
#7510=ORIENTED_EDGE('',*,*,#7513,.T.);
#7511=ORIENTED_EDGE('',*,*,#7514,.T.);
#7512=EDGE_CURVE('',#209,#201,#7515,.F.);
#7513=EDGE_CURVE('',#201,#373,#7516,.T.);
#7514=EDGE_CURVE('',#373,#209,#7517,.T.);
#7515=LINE('',#208,#7518);
#7516=LINE('',#200,#7519);
#7517=LINE('',#372,#7520);
#7518=VECTOR('',#7521,1.0);
#7519=VECTOR('',#7522,1.0);
#7520=VECTOR('',#7523,1.0);
#7521=DIRECTION('',(-0.6344085522107908,0,-0.7729979229479264));
#7522=DIRECTION('',(0.9990291359810882,5.051571736198781E-07,-0.04405434667118601));
#7523=DIRECTION('',(-0.9960364922145479,-5.216755816401791E-07,0.08894552364603127));
#7524=FACE_SURFACE('',(#7529),#7525,.T.);
#7525=PLANE('',#7526);
#7526=AXIS2_PLACEMENT_3D('',#372,#7527,#7528);
#7527=DIRECTION('',(7.885592851882636E-07,-0.9999999999994796,6.47184923147636E-07));
#7528=DIRECTION('',(-0.916277951011363,-4.6331407792761347E-07,0.400543027014831));
#7529=FACE_BOUND('',#7530,.T.);
#7530=EDGE_LOOP('',(#7531,#7532,#7533));
#7531=ORIENTED_EDGE('',*,*,#7534,.T.);
#7532=ORIENTED_EDGE('',*,*,#7535,.T.);
#7533=ORIENTED_EDGE('',*,*,#7536,.T.);
#7534=EDGE_CURVE('',#373,#265,#7537,.F.);
#7535=EDGE_CURVE('',#265,#257,#7538,.T.);
#7536=EDGE_CURVE('',#257,#373,#7539,.T.);
#7537=LINE('',#372,#7540);
#7538=LINE('',#264,#7541);
#7539=LINE('',#256,#7542);
#7540=VECTOR('',#7543,1.0);
#7541=VECTOR('',#7544,1.0);
#7542=VECTOR('',#7545,1.0);
#7543=DIRECTION('',(-0.916277951011363,-4.6331407792761347E-07,0.400543027014831));
#7544=DIRECTION('',(0.6344114671671099,0,-0.7729955305995468));
#7545=DIRECTION('',(0.9255217248672436,4.84743368254765E-07,-0.37869451646218383));
#7546=FACE_SURFACE('',(#7551),#7547,.T.);
#7547=PLANE('',#7548);
#7548=AXIS2_PLACEMENT_3D('',#372,#7549,#7550);
#7549=DIRECTION('',(6.70372008907448E-07,-0.9999999999997111,3.583376147081506E-07));
#7550=DIRECTION('',(-0.9255217248672436,-4.84743368254765E-07,0.37869451646218383));
#7551=FACE_BOUND('',#7552,.T.);
#7552=EDGE_LOOP('',(#7553,#7554,#7555));
#7553=ORIENTED_EDGE('',*,*,#7556,.T.);
#7554=ORIENTED_EDGE('',*,*,#7557,.T.);
#7555=ORIENTED_EDGE('',*,*,#7558,.T.);
#7556=EDGE_CURVE('',#373,#257,#7559,.F.);
#7557=EDGE_CURVE('',#257,#249,#7560,.T.);
#7558=EDGE_CURVE('',#249,#373,#7561,.T.);
#7559=LINE('',#372,#7562);
#7560=LINE('',#256,#7563);
#7561=LINE('',#248,#7564);
#7562=VECTOR('',#7565,1.0);
#7563=VECTOR('',#7566,1.0);
#7564=VECTOR('',#7567,1.0);
#7565=DIRECTION('',(-0.9255217248672436,-4.84743368254765E-07,0.37869451646218383));
#7566=DIRECTION('',(0.4714134261998959,0,-0.8819123434891221));
#7567=DIRECTION('',(0.938099266581263,5.047593373723777E-07,-0.3463665198015559));
#7568=FACE_SURFACE('',(#7573),#7569,.T.);
#7569=PLANE('',#7570);
#7570=AXIS2_PLACEMENT_3D('',#216,#7571,#7572);
#7571=DIRECTION('',(4.99889851773133E-07,-0.9999999999998394,-2.6720903101225297E-07));
#7572=DIRECTION('',(-0.47141366735298756,0,-0.8819122145841993));
#7573=FACE_BOUND('',#7574,.T.);
#7574=EDGE_LOOP('',(#7575,#7576,#7577));
#7575=ORIENTED_EDGE('',*,*,#7578,.T.);
#7576=ORIENTED_EDGE('',*,*,#7579,.T.);
#7577=ORIENTED_EDGE('',*,*,#7580,.T.);
#7578=EDGE_CURVE('',#217,#209,#7581,.F.);
#7579=EDGE_CURVE('',#209,#373,#7582,.T.);
#7580=EDGE_CURVE('',#373,#217,#7583,.T.);
#7581=LINE('',#216,#7584);
#7582=LINE('',#208,#7585);
#7583=LINE('',#372,#7586);
#7584=VECTOR('',#7587,1.0);
#7585=VECTOR('',#7588,1.0);
#7586=VECTOR('',#7589,1.0);
#7587=DIRECTION('',(-0.47141366735298756,0,-0.8819122145841993));
#7588=DIRECTION('',(0.9960364922145479,5.216755816401791E-07,-0.08894552364603127));
#7589=DIRECTION('',(-0.9899477051852534,-5.326572202999683E-07,0.14143387500230162));
#7590=FACE_SURFACE('',(#7595),#7591,.T.);
#7591=PLANE('',#7592);
#7592=AXIS2_PLACEMENT_3D('',#224,#7593,#7594);
#7593=DIRECTION('',(5.157144459009127E-07,-0.9999999999998547,-1.5644687702318634E-07));
#7594=DIRECTION('',(-0.29029590921693954,0,-0.9569369284816583));
#7595=FACE_BOUND('',#7596,.T.);
#7596=EDGE_LOOP('',(#7597,#7598,#7599));
#7597=ORIENTED_EDGE('',*,*,#7600,.T.);
#7598=ORIENTED_EDGE('',*,*,#7601,.T.);
#7599=ORIENTED_EDGE('',*,*,#7602,.T.);
#7600=EDGE_CURVE('',#225,#217,#7603,.F.);
#7601=EDGE_CURVE('',#217,#373,#7604,.T.);
#7602=EDGE_CURVE('',#373,#225,#7605,.T.);
#7603=LINE('',#224,#7606);
#7604=LINE('',#216,#7607);
#7605=LINE('',#372,#7608);
#7606=VECTOR('',#7609,1.0);
#7607=VECTOR('',#7610,1.0);
#7608=VECTOR('',#7611,1.0);
#7609=DIRECTION('',(-0.29029590921693954,0,-0.9569369284816583));
#7610=DIRECTION('',(0.9899477051852534,5.326572202999683E-07,-0.14143387500230162));
#7611=DIRECTION('',(-0.9802503991289362,-5.364682801821426E-07,0.19776034740886142));
#7612=FACE_SURFACE('',(#7617),#7613,.T.);
#7613=PLANE('',#7614);
#7614=AXIS2_PLACEMENT_3D('',#372,#7615,#7616);
#7615=DIRECTION('',(6.059349208030642E-07,-0.9999999999997995,1.8381617098999918E-07));
#7616=DIRECTION('',(-0.938099266581263,-5.047593373723777E-07,0.3463665198015559));
#7617=FACE_BOUND('',#7618,.T.);
#7618=EDGE_LOOP('',(#7619,#7620,#7621));
#7619=ORIENTED_EDGE('',*,*,#7622,.T.);
#7620=ORIENTED_EDGE('',*,*,#7623,.T.);
#7621=ORIENTED_EDGE('',*,*,#7624,.T.);
#7622=EDGE_CURVE('',#373,#249,#7625,.F.);
#7623=EDGE_CURVE('',#249,#241,#7626,.T.);
#7624=EDGE_CURVE('',#241,#373,#7627,.T.);
#7625=LINE('',#372,#7628);
#7626=LINE('',#248,#7629);
#7627=LINE('',#240,#7630);
#7628=VECTOR('',#7631,1.0);
#7629=VECTOR('',#7632,1.0);
#7630=VECTOR('',#7633,1.0);
#7631=DIRECTION('',(-0.938099266581263,-5.047593373723777E-07,0.3463665198015559));
#7632=DIRECTION('',(0.29029598978490984,0,-0.9569369040405954));
#7633=DIRECTION('',(0.9526691074624075,5.213736797426089E-07,-0.30400916381995463));
#7634=FACE_SURFACE('',(#7639),#7635,.T.);
#7635=PLANE('',#7636);
#7636=AXIS2_PLACEMENT_3D('',#232,#7637,#7638);
#7637=DIRECTION('',(5.366138671674183E-07,-0.9999999999998546,-5.285348074086429E-08));
#7638=DIRECTION('',(-0.09802013037265124,0,-0.9951844321741214));
#7639=FACE_BOUND('',#7640,.T.);
#7640=EDGE_LOOP('',(#7641,#7642,#7643));
#7641=ORIENTED_EDGE('',*,*,#7644,.T.);
#7642=ORIENTED_EDGE('',*,*,#7645,.T.);
#7643=ORIENTED_EDGE('',*,*,#7646,.T.);
#7644=EDGE_CURVE('',#233,#225,#7647,.F.);
#7645=EDGE_CURVE('',#225,#373,#7648,.T.);
#7646=EDGE_CURVE('',#373,#233,#7649,.T.);
#7647=LINE('',#232,#7650);
#7648=LINE('',#224,#7651);
#7649=LINE('',#372,#7652);
#7650=VECTOR('',#7653,1.0);
#7651=VECTOR('',#7654,1.0);
#7652=VECTOR('',#7655,1.0);
#7653=DIRECTION('',(-0.09802013037265124,0,-0.9951844321741214));
#7654=DIRECTION('',(0.9802503991289362,5.364682801821426E-07,-0.19776034740886142));
#7655=DIRECTION('',(-0.9673631719137236,-5.32493244863864E-07,0.2533939494635502));
#7656=FACE_SURFACE('',(#7661),#7657,.T.);
#7657=PLANE('',#7658);
#7658=AXIS2_PLACEMENT_3D('',#372,#7659,#7660);
#7659=DIRECTION('',(5.650363526785079E-07,-0.9999999999998389,5.56529212308333E-08));
#7660=DIRECTION('',(-0.9526691074624075,-5.213736797426089E-07,0.30400916381995463));
#7661=FACE_BOUND('',#7662,.T.);
#7662=EDGE_LOOP('',(#7663,#7664,#7665));
#7663=ORIENTED_EDGE('',*,*,#7666,.T.);
#7664=ORIENTED_EDGE('',*,*,#7667,.T.);
#7665=ORIENTED_EDGE('',*,*,#7668,.T.);
#7666=EDGE_CURVE('',#373,#241,#7669,.F.);
#7667=EDGE_CURVE('',#241,#233,#7670,.T.);
#7668=EDGE_CURVE('',#233,#373,#7671,.T.);
#7669=LINE('',#372,#7672);
#7670=LINE('',#240,#7673);
#7671=LINE('',#232,#7674);
#7672=VECTOR('',#7675,1.0);
#7673=VECTOR('',#7676,1.0);
#7674=VECTOR('',#7677,1.0);
#7675=DIRECTION('',(-0.9526691074624075,-5.213736797426089E-07,0.30400916381995463));
#7676=DIRECTION('',(0.09802010208099197,0,-0.9951844349606921));
#7677=DIRECTION('',(0.9673631719137236,5.32493244863864E-07,-0.2533939494635502));
#7678=FACE_SURFACE('',(#7683),#7679,.T.);
#7679=PLANE('',#7680);
#7680=AXIS2_PLACEMENT_3D('',#190,#7681,#7682);
#7681=DIRECTION('',(-2.843419679790914E-14,5.960461635368108E-08,-0.9999999999999982));
#7682=DIRECTION('',(0.9999999999998863,4.770468889386596E-07,0));
#7683=FACE_BOUND('',#7684,.T.);
#7684=EDGE_LOOP('',(#7685,#7686,#7687));
#7685=ORIENTED_EDGE('',*,*,#7688,.T.);
#7686=ORIENTED_EDGE('',*,*,#7689,.T.);
#7687=ORIENTED_EDGE('',*,*,#7690,.T.);
#7688=EDGE_CURVE('',#191,#369,#7691,.F.);
#7689=EDGE_CURVE('',#369,#373,#7692,.T.);
#7690=EDGE_CURVE('',#373,#191,#7693,.T.);
#7691=LINE('',#190,#7694);
#7692=LINE('',#368,#7695);
#7693=LINE('',#372,#7696);
#7694=VECTOR('',#7697,1.0);
#7695=VECTOR('',#7698,1.0);
#7696=VECTOR('',#7699,1.0);
#7697=DIRECTION('',(0.9999999999998863,4.770468889386596E-07,0));
#7698=DIRECTION('',(4.768369308295029E-07,-0.9999999999998845,-5.9604616353687865E-08));
#7699=DIRECTION('',(-0.8943486316520672,0.4473706797076382,2.666538316194436E-08));
#7700=FACE_SURFACE('',(#7705),#7701,.T.);
#7701=PLANE('',#7702);
#7702=AXIS2_PLACEMENT_3D('',#190,#7703,#7704);
#7703=DIRECTION('',(-2.843419679790914E-14,5.960461635368108E-08,-0.9999999999999982));
#7704=DIRECTION('',(0.8943486316520672,-0.4473706797076382,-2.666538316194436E-08));
#7705=FACE_BOUND('',#7706,.T.);
#7706=EDGE_LOOP('',(#7707,#7708,#7709));
#7707=ORIENTED_EDGE('',*,*,#7710,.T.);
#7708=ORIENTED_EDGE('',*,*,#7711,.T.);
#7709=ORIENTED_EDGE('',*,*,#7712,.T.);
#7710=EDGE_CURVE('',#191,#373,#7713,.F.);
#7711=EDGE_CURVE('',#373,#193,#7714,.T.);
#7712=EDGE_CURVE('',#193,#191,#7715,.T.);
#7713=LINE('',#190,#7716);
#7714=LINE('',#372,#7717);
#7715=LINE('',#192,#7718);
#7716=VECTOR('',#7719,1.0);
#7717=VECTOR('',#7720,1.0);
#7718=VECTOR('',#7721,1.0);
#7719=DIRECTION('',(0.8943486316520672,-0.4473706797076382,-2.666538316194436E-08));
#7720=DIRECTION('',(-0.9999999999998863,-4.770468889386596E-07,0));
#7721=DIRECTION('',(-4.768369308295029E-07,0.9999999999998845,5.9604616353687865E-08));
#7722=FACE_SURFACE('',(#7727),#7723,.T.);
#7723=PLANE('',#7724);
#7724=AXIS2_PLACEMENT_3D('',#294,#7725,#7726);
#7725=DIRECTION('',(4.437670548857158E-14,-8.940692453052061E-08,0.9999999999999961));
#7726=DIRECTION('',(0.9999999999998768,4.963452855759215E-07,0));
#7727=FACE_BOUND('',#7728,.T.);
#7728=EDGE_LOOP('',(#7729,#7730,#7731));
#7729=ORIENTED_EDGE('',*,*,#7732,.T.);
#7730=ORIENTED_EDGE('',*,*,#7733,.T.);
#7731=ORIENTED_EDGE('',*,*,#7734,.T.);
#7732=EDGE_CURVE('',#295,#371,#7735,.F.);
#7733=EDGE_CURVE('',#371,#367,#7736,.T.);
#7734=EDGE_CURVE('',#367,#295,#7737,.T.);
#7735=LINE('',#294,#7738);
#7736=LINE('',#370,#7739);
#7737=LINE('',#366,#7740);
#7738=VECTOR('',#7741,1.0);
#7739=VECTOR('',#7742,1.0);
#7740=VECTOR('',#7743,1.0);
#7741=DIRECTION('',(0.9999999999998768,4.963452855759215E-07,0));
#7742=DIRECTION('',(-4.7683693082950186E-07,0.9999999999998823,8.94069245305316E-08));
#7743=DIRECTION('',(-0.8870509480323058,-0.46167154514328257,-4.127659363011579E-08));
#7744=FACE_SURFACE('',(#7749),#7745,.T.);
#7745=PLANE('',#7746);
#7746=AXIS2_PLACEMENT_3D('',#294,#7747,#7748);
#7747=DIRECTION('',(4.437670548857158E-14,-8.940692453052061E-08,0.9999999999999961));
#7748=DIRECTION('',(0.8870509480323058,0.46167154514328257,4.127659363011579E-08));
#7749=FACE_BOUND('',#7750,.T.);
#7750=EDGE_LOOP('',(#7751,#7752,#7753));
#7751=ORIENTED_EDGE('',*,*,#7754,.T.);
#7752=ORIENTED_EDGE('',*,*,#7755,.T.);
#7753=ORIENTED_EDGE('',*,*,#7756,.T.);
#7754=EDGE_CURVE('',#295,#367,#7757,.F.);
#7755=EDGE_CURVE('',#367,#297,#7758,.T.);
#7756=EDGE_CURVE('',#297,#295,#7759,.T.);
#7757=LINE('',#294,#7760);
#7758=LINE('',#366,#7761);
#7759=LINE('',#296,#7762);
#7760=VECTOR('',#7763,1.0);
#7761=VECTOR('',#7764,1.0);
#7762=VECTOR('',#7765,1.0);
#7763=DIRECTION('',(0.8870509480323058,0.46167154514328257,4.127659363011579E-08));
#7764=DIRECTION('',(-0.9999999999998768,-4.963452855759215E-07,0));
#7765=DIRECTION('',(4.7683693082950186E-07,-0.9999999999998823,-8.94069245305316E-08));
ENDSEC;
END-ISO-10303-21;
